time_group,parcel,crop,zone,condition,humidity,rainfall,soil_ph,solar_radiation,temperature,wind_speed
2026-05-27 05:18:30+00:00,parcel_1,rice,normal,normal,80.58,48.94,5.56,513.16,27.76,
2026-05-27 05:18:30+00:00,parcel_2,rice,normal,normal,78.44,46.37,5.75,901.68,28.95,
2026-05-27 05:18:30+00:00,parcel_3,rice,risk,normal,65.91,39.25,6.97,571.02,21.87,
2026-05-27 05:18:30+00:00,parcel_4,rice,risk,normal,78.81,42.32,6.1,796.25,21.55,
2026-05-27 05:18:30+00:00,parcel_5,sugar_cane,normal,normal,90.0,44.05,5.73,315.52,26.01,11.38
2026-05-27 05:18:30+00:00,parcel_6,sugar_cane,normal,normal,73.19,44.05,5.77,493.6,27.2,0.33
2026-05-27 05:18:30+00:00,parcel_7,sugar_cane,risk,storm,43.7,44.05,5.7,183.56,11.66,35.5
2026-05-27 05:18:30+00:00,parcel_8,sugar_cane,risk,storm,70.1,44.05,6.03,130.85,38.75,43.19
2026-05-27 05:19:30+00:00,parcel_1,rice,normal,normal,67.33,44.05,5.79,652.14,27.47,
2026-05-27 05:19:30+00:00,parcel_2,rice,normal,normal,64.69,44.05,5.79,527.18,24.63,
2026-05-27 05:19:30+00:00,parcel_3,rice,risk,normal,64.32,44.05,5.79,876.96,27.01,
2026-05-27 05:19:30+00:00,parcel_4,rice,risk,normal,76.57,44.05,5.79,350.27,28.99,
2026-05-27 05:19:30+00:00,parcel_5,sugar_cane,normal,normal,76.53,44.05,5.79,395.39,28.23,10.61
2026-05-27 05:19:30+00:00,parcel_6,sugar_cane,normal,storm,74.01,44.05,5.79,192.12,33.33,24.2
2026-05-27 05:19:30+00:00,parcel_7,sugar_cane,risk,normal,78.31,44.05,5.79,306.88,23.01,0.88
2026-05-27 05:19:30+00:00,parcel_8,sugar_cane,risk,storm,49.31,44.05,5.79,191.76,30.42,33.24
2026-05-27 05:20:30+00:00,parcel_1,rice,normal,normal,67.35,44.05,5.79,720.84,23.27,
2026-05-27 05:20:30+00:00,parcel_2,rice,normal,normal,65.67,44.05,5.79,759.83,27.91,
2026-05-27 05:20:30+00:00,parcel_3,rice,risk,normal,77.32,44.05,5.79,599.69,20.0,
2026-05-27 05:20:30+00:00,parcel_4,rice,risk,normal,80.02,44.05,5.79,623.78,20.0,
2026-05-27 05:20:30+00:00,parcel_5,sugar_cane,normal,normal,78.65,44.05,5.79,874.6,25.94,4.23
2026-05-27 05:20:30+00:00,parcel_6,sugar_cane,normal,normal,60.18,44.05,5.79,992.93,23.15,16.25
2026-05-27 05:20:30+00:00,parcel_7,sugar_cane,risk,normal,70.08,44.05,5.79,699.43,25.55,11.66
2026-05-27 05:20:30+00:00,parcel_8,sugar_cane,risk,normal,86.47,44.05,5.79,933.5,24.52,14.54
2026-05-27 05:21:30+00:00,parcel_1,rice,normal,normal,66.35,44.05,5.79,341.61,27.4,
2026-05-27 05:21:30+00:00,parcel_2,rice,normal,normal,67.99,44.05,5.79,752.52,25.8,
2026-05-27 05:21:30+00:00,parcel_3,rice,risk,normal,78.11,44.05,5.79,589.03,28.11,
2026-05-27 05:21:30+00:00,parcel_4,rice,risk,normal,73.8,44.05,5.79,990.92,22.66,
2026-05-27 05:21:30+00:00,parcel_5,sugar_cane,normal,normal,71.97,44.05,5.79,991.87,27.56,13.67
2026-05-27 05:21:30+00:00,parcel_6,sugar_cane,normal,normal,65.06,44.05,5.79,539.16,25.76,0.35
2026-05-27 05:21:30+00:00,parcel_7,sugar_cane,risk,storm,72.37,44.05,5.79,201.94,18.57,39.75
2026-05-27 05:21:30+00:00,parcel_8,sugar_cane,risk,storm,43.92,44.05,5.79,248.16,34.47,30.01
2026-05-27 05:22:30+00:00,parcel_1,rice,normal,normal,80.76,44.05,5.79,478.21,28.55,
2026-05-27 05:22:30+00:00,parcel_2,rice,normal,normal,69.3,44.05,5.79,572.31,25.59,
2026-05-27 05:22:30+00:00,parcel_3,rice,risk,normal,66.43,44.05,5.79,901.04,23.73,
2026-05-27 05:22:30+00:00,parcel_4,rice,risk,storm,75.47,44.05,5.79,172.84,12.13,
2026-05-27 05:22:30+00:00,parcel_5,sugar_cane,normal,normal,67.36,44.05,5.79,300.01,23.92,3.91
2026-05-27 05:22:30+00:00,parcel_6,sugar_cane,normal,normal,81.57,44.05,5.79,837.75,21.17,13.37
2026-05-27 05:22:30+00:00,parcel_7,sugar_cane,risk,storm,59.45,44.05,5.79,201.07,13.91,42.73
2026-05-27 05:22:30+00:00,parcel_8,sugar_cane,risk,storm,61.63,44.05,5.79,230.88,13.31,21.51
2026-05-27 05:23:30+00:00,parcel_1,rice,normal,normal,62.86,48.54,5.79,495.45,20.0,
2026-05-27 05:23:30+00:00,parcel_2,rice,normal,normal,88.07,41.51,5.79,681.32,20.05,
2026-05-27 05:23:30+00:00,parcel_3,rice,risk,storm,34.5,44.05,5.79,226.56,19.86,
2026-05-27 05:23:30+00:00,parcel_4,rice,risk,storm,47.2,44.05,5.79,202.21,21.38,
2026-05-27 05:23:30+00:00,parcel_5,sugar_cane,normal,storm,24.46,44.05,5.79,157.73,10.86,29.2
2026-05-27 05:23:30+00:00,parcel_6,sugar_cane,normal,normal,63.43,44.05,5.79,742.26,22.4,15.69
2026-05-27 05:23:30+00:00,parcel_7,sugar_cane,risk,normal,77.3,44.05,5.79,627.18,27.43,8.79
2026-05-27 05:23:30+00:00,parcel_8,sugar_cane,risk,storm,39.01,44.05,5.79,124.03,21.09,31.8
2026-05-27 05:24:30+00:00,parcel_1,rice,normal,normal,88.32,44.05,5.79,828.29,20.79,
2026-05-27 05:24:30+00:00,parcel_2,rice,normal,normal,79.29,44.05,5.79,464.33,21.34,
2026-05-27 05:24:30+00:00,parcel_3,rice,risk,normal,60.0,44.05,5.79,303.41,24.94,
2026-05-27 05:24:30+00:00,parcel_4,rice,risk,normal,61.09,44.05,5.79,759.66,26.36,
2026-05-27 05:24:30+00:00,parcel_5,sugar_cane,normal,normal,83.51,44.05,5.79,927.82,22.86,0.96
2026-05-27 05:24:30+00:00,parcel_6,sugar_cane,normal,normal,74.52,44.05,5.79,745.86,23.42,12.01
2026-05-27 05:24:30+00:00,parcel_7,sugar_cane,risk,normal,90.0,44.05,5.79,572.01,22.03,10.57
2026-05-27 05:24:30+00:00,parcel_8,sugar_cane,risk,normal,85.3,44.05,5.79,703.86,23.55,8.3
2026-05-27 05:25:30+00:00,parcel_1,rice,normal,normal,82.7,44.05,5.79,460.69,25.71,
2026-05-27 05:25:30+00:00,parcel_2,rice,normal,normal,84.13,44.05,5.79,816.57,29.4,
2026-05-27 05:25:30+00:00,parcel_3,rice,risk,storm,80.7,44.05,5.79,138.33,14.69,
2026-05-27 05:25:30+00:00,parcel_4,rice,risk,normal,79.15,44.05,5.79,667.92,20.35,
2026-05-27 05:25:30+00:00,parcel_5,sugar_cane,normal,normal,78.3,44.05,5.79,660.13,24.13,15.12
2026-05-27 05:25:30+00:00,parcel_6,sugar_cane,normal,normal,82.65,44.05,5.79,572.92,28.13,15.8
2026-05-27 05:25:30+00:00,parcel_7,sugar_cane,risk,normal,83.75,44.05,5.79,616.12,25.8,5.97
2026-05-27 05:25:30+00:00,parcel_8,sugar_cane,risk,storm,41.58,44.05,5.79,187.7,18.47,20.64
2026-05-27 05:26:30+00:00,parcel_1,rice,normal,normal,62.18,44.05,5.79,685.52,28.97,
2026-05-27 05:26:30+00:00,parcel_2,rice,normal,normal,80.84,44.05,5.79,462.55,28.27,
2026-05-27 05:26:30+00:00,parcel_3,rice,risk,storm,44.24,44.05,5.79,172.48,26.36,
2026-05-27 05:26:30+00:00,parcel_4,rice,risk,normal,76.02,44.05,5.79,880.37,25.57,
2026-05-27 05:26:30+00:00,parcel_5,sugar_cane,normal,normal,61.79,44.05,5.79,444.8,27.62,3.59
2026-05-27 05:26:30+00:00,parcel_6,sugar_cane,normal,normal,87.9,44.05,5.79,875.1,23.39,2.32
2026-05-27 05:26:30+00:00,parcel_7,sugar_cane,risk,storm,52.2,44.05,5.79,183.46,11.94,44.1
2026-05-27 05:26:30+00:00,parcel_8,sugar_cane,risk,normal,72.11,44.05,5.79,913.7,28.05,16.79
2026-05-27 05:27:30+00:00,parcel_1,rice,normal,normal,65.05,44.05,5.79,918.74,24.29,
2026-05-27 05:27:30+00:00,parcel_2,rice,normal,normal,70.19,44.05,5.79,485.16,26.61,
2026-05-27 05:27:30+00:00,parcel_3,rice,risk,normal,76.48,44.05,5.79,682.0,29.18,
2026-05-27 05:27:30+00:00,parcel_4,rice,risk,normal,79.84,44.05,5.79,653.56,24.75,
2026-05-27 05:27:30+00:00,parcel_5,sugar_cane,normal,normal,78.42,44.05,5.79,318.73,26.05,12.22
2026-05-27 05:27:30+00:00,parcel_6,sugar_cane,normal,storm,20.52,44.05,5.79,104.24,14.17,22.22
2026-05-27 05:27:30+00:00,parcel_7,sugar_cane,risk,normal,90.0,44.05,5.79,315.28,22.26,0.81
2026-05-27 05:27:30+00:00,parcel_8,sugar_cane,risk,normal,68.13,44.05,5.79,348.44,27.21,17.46
2026-05-27 05:28:30+00:00,parcel_1,rice,normal,normal,78.27,47.84,5.79,362.72,30.0,
2026-05-27 05:28:30+00:00,parcel_2,rice,normal,normal,88.41,49.1,5.79,855.27,20.72,
2026-05-27 05:28:30+00:00,parcel_3,rice,risk,normal,88.36,44.05,5.79,664.76,27.27,
2026-05-27 05:28:30+00:00,parcel_4,rice,risk,normal,65.91,43.22,5.79,509.15,26.57,
2026-05-27 05:28:30+00:00,parcel_5,sugar_cane,normal,storm,85.29,44.05,5.79,100.08,18.38,32.49
2026-05-27 05:28:30+00:00,parcel_6,sugar_cane,normal,normal,62.52,44.05,5.79,965.63,25.98,14.52
2026-05-27 05:28:30+00:00,parcel_7,sugar_cane,risk,normal,84.77,44.05,5.79,841.57,22.73,14.22
2026-05-27 05:28:30+00:00,parcel_8,sugar_cane,risk,normal,76.13,44.05,5.79,778.52,22.55,15.08
2026-05-27 05:29:30+00:00,parcel_1,rice,normal,normal,72.17,44.05,5.79,958.29,30.0,
2026-05-27 05:29:30+00:00,parcel_2,rice,normal,normal,77.28,44.05,5.79,676.72,22.16,
2026-05-27 05:29:30+00:00,parcel_3,rice,risk,normal,64.48,44.05,5.79,699.28,27.06,
2026-05-27 05:29:30+00:00,parcel_4,rice,risk,normal,87.06,44.05,5.79,599.63,27.1,
2026-05-27 05:29:30+00:00,parcel_5,sugar_cane,normal,normal,74.62,44.05,5.79,513.76,20.52,9.63
2026-05-27 05:29:30+00:00,parcel_6,sugar_cane,normal,normal,66.61,44.05,5.79,947.9,23.26,16.21
2026-05-27 05:29:30+00:00,parcel_7,sugar_cane,risk,normal,82.85,44.05,5.79,382.57,28.68,8.53
2026-05-27 05:29:30+00:00,parcel_8,sugar_cane,risk,storm,44.91,44.05,5.79,235.38,11.23,30.68
2026-05-27 05:30:30+00:00,parcel_1,rice,normal,normal,77.2,44.05,5.79,677.51,21.66,
2026-05-27 05:30:30+00:00,parcel_2,rice,normal,normal,90.0,44.05,5.79,494.64,27.15,
2026-05-27 05:30:30+00:00,parcel_3,rice,risk,normal,73.02,44.05,5.79,958.31,23.22,
2026-05-27 05:30:30+00:00,parcel_4,rice,risk,storm,56.77,44.05,5.79,144.1,22.74,
2026-05-27 05:30:30+00:00,parcel_5,sugar_cane,normal,normal,76.78,44.05,5.79,924.09,25.57,17.84
2026-05-27 05:30:30+00:00,parcel_6,sugar_cane,normal,normal,60.0,44.05,5.79,658.35,27.76,5.44
2026-05-27 05:30:30+00:00,parcel_7,sugar_cane,risk,normal,62.02,44.05,5.79,793.7,26.07,14.34
2026-05-27 05:30:30+00:00,parcel_8,sugar_cane,risk,normal,64.9,44.05,5.79,851.16,27.48,10.66
2026-05-27 05:31:30+00:00,parcel_1,rice,normal,normal,66.39,44.05,5.79,505.15,25.46,
2026-05-27 05:31:30+00:00,parcel_2,rice,normal,normal,69.59,44.05,5.79,694.46,28.57,
2026-05-27 05:31:30+00:00,parcel_3,rice,risk,normal,65.39,44.05,5.79,555.39,29.25,
2026-05-27 05:31:30+00:00,parcel_4,rice,risk,normal,78.64,44.05,5.79,309.4,23.15,
2026-05-27 05:31:30+00:00,parcel_5,sugar_cane,normal,normal,60.0,44.05,5.79,817.99,29.71,2.66
2026-05-27 05:31:30+00:00,parcel_6,sugar_cane,normal,normal,87.11,44.05,5.79,735.73,22.67,4.22
2026-05-27 05:31:30+00:00,parcel_7,sugar_cane,risk,storm,89.29,44.05,5.79,185.94,17.43,37.22
2026-05-27 05:31:30+00:00,parcel_8,sugar_cane,risk,normal,79.48,44.05,5.79,675.99,22.88,6.02
2026-05-27 05:32:30+00:00,parcel_1,rice,normal,normal,64.88,44.05,5.79,430.23,27.11,
2026-05-27 05:32:30+00:00,parcel_2,rice,normal,normal,66.62,44.05,5.79,311.72,27.94,
2026-05-27 05:32:30+00:00,parcel_3,rice,risk,normal,65.8,44.05,5.79,324.55,25.4,
2026-05-27 05:32:30+00:00,parcel_4,rice,risk,storm,37.77,44.05,5.79,186.12,31.75,
2026-05-27 05:32:30+00:00,parcel_5,sugar_cane,normal,normal,72.68,44.05,5.79,458.87,26.79,1.78
2026-05-27 05:32:30+00:00,parcel_6,sugar_cane,normal,normal,64.26,44.05,5.79,592.94,25.9,13.6
2026-05-27 05:32:30+00:00,parcel_7,sugar_cane,risk,normal,66.22,44.05,5.79,430.03,26.84,3.49
2026-05-27 05:32:30+00:00,parcel_8,sugar_cane,risk,normal,70.09,44.05,5.79,509.81,27.75,5.92
2026-05-27 05:33:30+00:00,parcel_1,rice,normal,normal,77.98,44.05,5.79,722.8,20.47,
2026-05-27 05:33:30+00:00,parcel_2,rice,normal,normal,74.76,42.02,5.79,621.95,22.02,
2026-05-27 05:33:30+00:00,parcel_3,rice,risk,normal,64.82,48.19,5.79,791.17,26.03,
2026-05-27 05:33:30+00:00,parcel_4,rice,risk,normal,61.33,43.28,5.79,987.3,25.91,
2026-05-27 05:33:30+00:00,parcel_5,sugar_cane,normal,storm,46.09,44.05,5.79,257.19,12.15,23.28
2026-05-27 05:33:30+00:00,parcel_6,sugar_cane,normal,normal,62.14,44.05,5.79,516.41,25.83,12.61
2026-05-27 05:33:30+00:00,parcel_7,sugar_cane,risk,normal,82.43,44.05,5.79,863.81,25.62,6.6
2026-05-27 05:33:30+00:00,parcel_8,sugar_cane,risk,storm,35.86,44.05,5.79,104.34,34.11,24.63
2026-05-27 05:34:30+00:00,parcel_1,rice,normal,normal,86.35,44.05,5.79,440.78,21.65,
2026-05-27 05:34:30+00:00,parcel_2,rice,normal,normal,68.81,44.05,5.79,743.36,30.0,
2026-05-27 05:34:30+00:00,parcel_3,rice,risk,normal,80.45,44.05,5.79,486.73,22.4,
2026-05-27 05:34:30+00:00,parcel_4,rice,risk,normal,60.0,44.05,5.79,724.9,21.29,
2026-05-27 05:34:30+00:00,parcel_5,sugar_cane,normal,normal,84.9,44.05,5.79,535.4,27.96,18.46
2026-05-27 05:34:30+00:00,parcel_6,sugar_cane,normal,storm,87.19,44.05,5.79,109.97,32.97,43.59
2026-05-27 05:34:30+00:00,parcel_7,sugar_cane,risk,storm,57.91,44.05,5.79,132.13,19.33,24.07
2026-05-27 05:34:30+00:00,parcel_8,sugar_cane,risk,storm,49.31,44.05,5.79,116.4,29.66,36.34
2026-05-27 05:35:30+00:00,parcel_1,rice,normal,normal,83.27,44.05,5.79,580.52,29.26,
2026-05-27 05:35:30+00:00,parcel_2,rice,normal,normal,76.84,44.05,5.79,616.29,25.85,
2026-05-27 05:35:30+00:00,parcel_3,rice,risk,storm,89.21,44.05,5.79,109.45,21.61,
2026-05-27 05:35:30+00:00,parcel_4,rice,risk,storm,79.62,44.05,5.79,230.91,33.44,
2026-05-27 05:35:30+00:00,parcel_5,sugar_cane,normal,normal,81.01,44.05,5.79,900.99,22.39,5.11
2026-05-27 05:35:30+00:00,parcel_6,sugar_cane,normal,normal,80.23,44.05,5.79,996.4,21.5,0.42
2026-05-27 05:35:30+00:00,parcel_7,sugar_cane,risk,normal,88.65,44.05,5.79,392.12,25.27,19.44
2026-05-27 05:35:30+00:00,parcel_8,sugar_cane,risk,normal,64.86,44.05,5.79,656.2,28.98,3.25
2026-05-27 05:36:30+00:00,parcel_1,rice,normal,normal,89.29,44.05,5.79,999.73,23.31,
2026-05-27 05:36:30+00:00,parcel_2,rice,normal,storm,38.7,44.05,5.79,118.21,14.19,
2026-05-27 05:36:30+00:00,parcel_3,rice,risk,normal,81.37,44.05,5.79,571.78,25.41,
2026-05-27 05:36:30+00:00,parcel_4,rice,risk,normal,87.24,44.05,5.79,913.11,23.83,
2026-05-27 05:36:30+00:00,parcel_5,sugar_cane,normal,normal,61.89,44.05,5.79,676.48,20.82,0.09
2026-05-27 05:36:30+00:00,parcel_6,sugar_cane,normal,normal,89.59,44.05,5.79,303.81,28.85,13.26
2026-05-27 05:36:30+00:00,parcel_7,sugar_cane,risk,normal,65.13,44.05,5.79,414.47,23.57,13.27
2026-05-27 05:36:30+00:00,parcel_8,sugar_cane,risk,normal,85.73,44.05,5.79,318.43,24.77,16.8
2026-05-27 05:37:30+00:00,parcel_1,rice,normal,normal,68.11,44.05,5.79,339.05,23.3,
2026-05-27 05:37:30+00:00,parcel_2,rice,normal,normal,67.54,44.05,5.79,654.57,28.59,
2026-05-27 05:37:30+00:00,parcel_3,rice,risk,normal,74.64,44.05,5.79,329.59,24.21,
2026-05-27 05:37:30+00:00,parcel_4,rice,risk,normal,86.96,44.05,5.79,883.08,21.49,
2026-05-27 05:37:30+00:00,parcel_5,sugar_cane,normal,normal,86.21,44.05,5.79,343.71,22.97,9.4
2026-05-27 05:37:30+00:00,parcel_6,sugar_cane,normal,normal,86.35,44.05,5.79,613.0,26.25,7.9
2026-05-27 05:37:30+00:00,parcel_7,sugar_cane,risk,normal,70.82,44.05,5.79,973.63,26.58,0.07
2026-05-27 05:37:30+00:00,parcel_8,sugar_cane,risk,normal,66.24,44.05,5.79,955.16,25.44,12.28
2026-05-27 05:38:30+00:00,parcel_1,rice,normal,normal,61.73,42.88,5.79,702.52,28.86,
2026-05-27 05:38:30+00:00,parcel_2,rice,normal,normal,77.41,44.05,5.79,726.79,21.63,
2026-05-27 05:38:30+00:00,parcel_3,rice,risk,normal,67.41,44.05,5.79,762.35,22.92,
2026-05-27 05:38:30+00:00,parcel_4,rice,risk,normal,71.57,44.05,5.79,706.0,23.55,
2026-05-27 05:38:30+00:00,parcel_5,sugar_cane,normal,normal,65.13,44.05,5.79,606.75,20.92,5.45
2026-05-27 05:38:30+00:00,parcel_6,sugar_cane,normal,normal,80.31,44.05,5.79,673.15,24.3,13.87
2026-05-27 05:38:30+00:00,parcel_7,sugar_cane,risk,storm,35.05,44.05,5.79,210.25,28.77,44.59
2026-05-27 05:38:30+00:00,parcel_8,sugar_cane,risk,normal,83.02,44.05,5.79,930.13,22.81,15.9
2026-05-27 05:39:40+00:00,parcel_1,rice,normal,storm,73.55,44.05,5.79,103.61,39.43,
2026-05-27 05:39:40+00:00,parcel_2,rice,normal,normal,88.33,44.05,5.79,956.33,25.87,
2026-05-27 05:39:40+00:00,parcel_3,rice,risk,storm,23.8,44.05,5.79,232.99,27.38,
2026-05-27 05:39:40+00:00,parcel_4,rice,risk,storm,66.41,44.05,5.79,159.31,11.18,
2026-05-27 05:39:40+00:00,parcel_5,sugar_cane,normal,normal,72.73,44.05,5.79,436.11,27.44,5.8
2026-05-27 05:39:40+00:00,parcel_6,sugar_cane,normal,normal,77.83,44.05,5.79,592.84,25.0,4.16
2026-05-27 05:39:40+00:00,parcel_7,sugar_cane,risk,normal,74.5,44.05,5.79,606.79,20.44,13.36
2026-05-27 05:39:40+00:00,parcel_8,sugar_cane,risk,storm,40.21,44.05,5.79,137.41,38.41,29.03
2026-05-27 05:40:40+00:00,parcel_1,rice,normal,normal,70.88,44.05,5.79,937.01,22.97,
2026-05-27 05:40:40+00:00,parcel_2,rice,normal,storm,75.71,44.05,5.79,244.27,16.8,
2026-05-27 05:40:40+00:00,parcel_3,rice,risk,storm,78.86,44.05,5.79,242.49,14.93,
2026-05-27 05:40:40+00:00,parcel_4,rice,risk,normal,78.55,44.05,5.79,824.37,25.02,
2026-05-27 05:40:40+00:00,parcel_5,sugar_cane,normal,normal,67.6,44.05,5.79,702.1,24.66,3.95
2026-05-27 05:40:40+00:00,parcel_6,sugar_cane,normal,normal,63.93,44.05,5.79,880.26,28.15,7.73
2026-05-27 05:40:40+00:00,parcel_7,sugar_cane,risk,normal,81.22,44.05,5.79,757.74,24.81,10.12
2026-05-27 05:40:40+00:00,parcel_8,sugar_cane,risk,normal,62.28,44.05,5.79,341.12,30.0,11.52
2026-05-27 05:41:40+00:00,parcel_1,rice,normal,normal,80.53,44.05,5.79,528.01,22.43,
2026-05-27 05:41:40+00:00,parcel_2,rice,normal,normal,74.85,44.05,5.79,618.31,26.05,
2026-05-27 05:41:40+00:00,parcel_3,rice,risk,storm,79.75,44.05,5.79,124.42,25.72,
2026-05-27 05:41:40+00:00,parcel_4,rice,risk,storm,84.78,44.05,5.79,254.86,13.89,
2026-05-27 05:41:40+00:00,parcel_5,sugar_cane,normal,normal,82.3,44.05,5.79,658.7,21.14,16.38
2026-05-27 05:41:40+00:00,parcel_6,sugar_cane,normal,normal,62.5,44.05,5.79,953.68,23.9,10.08
2026-05-27 05:41:40+00:00,parcel_7,sugar_cane,risk,normal,85.62,44.05,5.79,569.99,23.94,9.82
2026-05-27 05:41:40+00:00,parcel_8,sugar_cane,risk,normal,67.59,44.05,5.79,536.26,22.36,16.12
2026-05-27 05:42:40+00:00,parcel_1,rice,normal,normal,74.13,44.05,5.79,537.24,23.93,
2026-05-27 05:42:40+00:00,parcel_2,rice,normal,normal,87.3,44.05,5.79,370.23,27.87,
2026-05-27 05:42:40+00:00,parcel_3,rice,risk,normal,74.5,44.05,5.79,812.95,20.44,
2026-05-27 05:42:40+00:00,parcel_4,rice,risk,normal,68.75,44.05,5.79,710.91,24.01,
2026-05-27 05:42:40+00:00,parcel_5,sugar_cane,normal,normal,64.88,44.05,5.79,628.74,24.45,4.86
2026-05-27 05:42:40+00:00,parcel_6,sugar_cane,normal,normal,84.64,44.05,5.79,376.78,24.08,2.85
2026-05-27 05:42:40+00:00,parcel_7,sugar_cane,risk,normal,69.13,44.05,5.79,540.98,23.65,16.96
2026-05-27 05:42:40+00:00,parcel_8,sugar_cane,risk,normal,72.6,44.05,5.79,746.84,30.0,16.58
2026-05-27 05:43:40+00:00,parcel_1,rice,normal,normal,83.09,44.05,5.79,921.74,27.22,
2026-05-27 05:43:40+00:00,parcel_2,rice,normal,normal,78.48,44.05,5.79,558.59,25.02,
2026-05-27 05:43:40+00:00,parcel_3,rice,risk,normal,79.52,44.05,5.79,643.8,28.15,
2026-05-27 05:43:40+00:00,parcel_4,rice,risk,normal,76.24,44.05,5.79,662.16,26.27,
2026-05-27 05:43:40+00:00,parcel_5,sugar_cane,normal,storm,34.62,44.05,5.79,219.42,22.59,22.19
2026-05-27 05:43:40+00:00,parcel_6,sugar_cane,normal,normal,86.98,44.05,5.79,684.1,23.9,5.07
2026-05-27 05:43:40+00:00,parcel_7,sugar_cane,risk,storm,55.11,44.05,5.79,253.22,34.12,40.38
2026-05-27 05:43:40+00:00,parcel_8,sugar_cane,risk,storm,79.52,44.05,5.79,116.89,23.94,37.87
2026-05-27 05:44:40+00:00,parcel_1,rice,normal,normal,64.77,44.05,5.79,518.52,23.19,
2026-05-27 05:44:40+00:00,parcel_2,rice,normal,normal,74.87,44.05,5.79,541.22,24.96,
2026-05-27 05:44:40+00:00,parcel_3,rice,risk,normal,60.2,44.05,5.79,668.71,28.25,
2026-05-27 05:44:40+00:00,parcel_4,rice,risk,storm,54.16,44.05,5.79,183.34,20.69,
2026-05-27 05:44:40+00:00,parcel_5,sugar_cane,normal,normal,82.89,44.05,5.79,508.41,21.34,1.34
2026-05-27 05:44:40+00:00,parcel_6,sugar_cane,normal,normal,83.03,44.05,5.79,690.66,27.66,11.24
2026-05-27 05:44:40+00:00,parcel_7,sugar_cane,risk,normal,72.89,44.05,5.79,537.02,23.88,0.35
2026-05-27 05:44:40+00:00,parcel_8,sugar_cane,risk,normal,90.0,44.05,5.79,797.43,24.35,5.52
2026-05-27 05:45:40+00:00,parcel_1,rice,normal,normal,81.22,44.05,5.79,821.56,30.0,
2026-05-27 05:45:40+00:00,parcel_2,rice,normal,normal,76.28,44.05,5.79,531.2,20.54,
2026-05-27 05:45:40+00:00,parcel_3,rice,risk,normal,66.22,44.05,5.79,924.21,26.84,
2026-05-27 05:45:40+00:00,parcel_4,rice,risk,storm,37.04,44.05,5.79,228.3,12.84,
2026-05-27 05:45:40+00:00,parcel_5,sugar_cane,normal,normal,63.73,44.05,5.79,566.41,20.46,0.23
2026-05-27 05:45:40+00:00,parcel_6,sugar_cane,normal,normal,79.6,44.05,5.79,490.45,30.0,19.74
2026-05-27 05:45:40+00:00,parcel_7,sugar_cane,risk,normal,63.95,44.05,5.79,643.5,21.79,7.73
2026-05-27 05:45:40+00:00,parcel_8,sugar_cane,risk,normal,63.31,44.05,5.79,889.17,23.96,15.98
2026-05-27 05:46:40+00:00,parcel_1,rice,normal,normal,88.96,44.05,5.79,632.32,26.64,
2026-05-27 05:46:40+00:00,parcel_2,rice,normal,normal,72.6,44.05,5.79,425.85,23.03,
2026-05-27 05:46:40+00:00,parcel_3,rice,risk,normal,86.49,44.05,5.79,776.23,24.24,
2026-05-27 05:46:40+00:00,parcel_4,rice,risk,storm,25.98,44.05,5.79,258.31,27.03,
2026-05-27 05:46:40+00:00,parcel_5,sugar_cane,normal,normal,68.36,44.05,5.79,629.21,28.65,4.85
2026-05-27 05:46:40+00:00,parcel_6,sugar_cane,normal,storm,58.09,44.05,5.79,184.11,36.73,22.31
2026-05-27 05:46:40+00:00,parcel_7,sugar_cane,risk,storm,68.47,44.05,5.79,128.25,35.66,39.8
2026-05-27 05:46:40+00:00,parcel_8,sugar_cane,risk,normal,78.79,44.05,5.79,742.1,21.38,5.66
2026-05-27 05:47:40+00:00,parcel_1,rice,normal,normal,80.28,44.05,5.79,437.89,23.66,
2026-05-27 05:47:40+00:00,parcel_2,rice,normal,normal,78.13,44.05,5.79,765.71,25.18,
2026-05-27 05:47:40+00:00,parcel_3,rice,risk,normal,60.0,44.05,5.79,946.15,20.32,
2026-05-27 05:47:40+00:00,parcel_4,rice,risk,normal,75.85,44.05,5.79,353.96,28.95,
2026-05-27 05:47:40+00:00,parcel_5,sugar_cane,normal,storm,69.76,44.05,5.79,244.38,31.83,24.56
2026-05-27 05:47:40+00:00,parcel_6,sugar_cane,normal,normal,60.0,44.05,5.79,894.05,27.47,18.69
2026-05-27 05:47:40+00:00,parcel_7,sugar_cane,risk,normal,75.28,44.05,5.79,753.29,23.84,11.07
2026-05-27 05:47:40+00:00,parcel_8,sugar_cane,risk,storm,78.58,44.05,5.79,121.2,29.11,28.58
2026-05-27 05:48:40+00:00,parcel_1,rice,normal,normal,75.2,44.05,5.79,706.55,23.02,
2026-05-27 05:48:40+00:00,parcel_2,rice,normal,normal,76.11,44.05,5.79,650.91,27.21,
2026-05-27 05:48:40+00:00,parcel_3,rice,risk,normal,60.68,44.05,5.79,438.69,22.51,
2026-05-27 05:48:40+00:00,parcel_4,rice,risk,normal,82.46,44.05,5.79,892.78,27.56,
2026-05-27 05:48:40+00:00,parcel_5,sugar_cane,normal,normal,66.4,44.05,5.79,709.1,25.02,4.01
2026-05-27 05:48:40+00:00,parcel_6,sugar_cane,normal,normal,81.35,44.05,5.79,894.33,26.95,3.96
2026-05-27 05:48:40+00:00,parcel_7,sugar_cane,risk,normal,73.42,44.05,5.79,363.83,22.81,13.14
2026-05-27 05:48:40+00:00,parcel_8,sugar_cane,risk,storm,56.15,44.05,5.79,239.46,37.34,34.91
2026-05-27 05:49:40+00:00,parcel_1,rice,normal,normal,90.0,44.05,5.79,737.01,22.55,
2026-05-27 05:49:40+00:00,parcel_2,rice,normal,normal,73.71,44.05,5.79,355.97,24.6,
2026-05-27 05:49:40+00:00,parcel_3,rice,risk,normal,68.52,44.05,5.79,406.67,25.0,
2026-05-27 05:49:40+00:00,parcel_4,rice,risk,normal,76.21,44.05,5.79,813.21,20.13,
2026-05-27 05:49:40+00:00,parcel_5,sugar_cane,normal,normal,84.52,44.05,5.79,680.73,20.19,15.39
2026-05-27 05:49:40+00:00,parcel_6,sugar_cane,normal,normal,69.21,44.05,5.79,588.44,20.0,2.01
2026-05-27 05:49:40+00:00,parcel_7,sugar_cane,risk,normal,61.29,44.05,5.79,562.61,20.99,10.96
2026-05-27 05:49:40+00:00,parcel_8,sugar_cane,risk,normal,68.51,44.05,5.79,876.74,29.87,2.62
2026-05-27 05:50:40+00:00,parcel_1,rice,normal,normal,84.5,44.05,5.79,625.22,28.11,
2026-05-27 05:50:40+00:00,parcel_2,rice,normal,normal,74.58,44.05,5.79,792.92,20.0,
2026-05-27 05:50:40+00:00,parcel_3,rice,risk,normal,81.57,44.05,5.79,938.5,24.16,
2026-05-27 05:50:40+00:00,parcel_4,rice,risk,normal,63.05,44.05,5.79,737.14,26.56,
2026-05-27 05:50:40+00:00,parcel_5,sugar_cane,normal,normal,61.32,44.05,5.79,834.75,28.42,14.93
2026-05-27 05:50:40+00:00,parcel_6,sugar_cane,normal,storm,89.35,44.05,5.79,213.68,19.11,35.0
2026-05-27 05:50:40+00:00,parcel_7,sugar_cane,risk,normal,63.2,44.05,5.79,608.4,21.67,9.36
2026-05-27 05:50:40+00:00,parcel_8,sugar_cane,risk,storm,84.06,44.05,5.79,159.14,16.02,29.33
2026-05-27 05:51:40+00:00,parcel_1,rice,normal,normal,85.63,44.05,5.79,360.81,30.0,
2026-05-27 05:51:40+00:00,parcel_2,rice,normal,normal,61.53,44.05,5.79,490.58,21.51,
2026-05-27 05:51:40+00:00,parcel_3,rice,risk,normal,83.53,44.05,5.79,585.74,22.62,
2026-05-27 05:51:40+00:00,parcel_4,rice,risk,storm,36.91,44.05,5.79,192.92,35.56,
2026-05-27 05:51:40+00:00,parcel_5,sugar_cane,normal,normal,62.97,44.05,5.79,826.18,20.0,16.02
2026-05-27 05:51:40+00:00,parcel_6,sugar_cane,normal,normal,72.83,44.05,5.79,444.59,24.06,0.93
2026-05-27 05:51:40+00:00,parcel_7,sugar_cane,risk,normal,64.48,44.05,5.79,537.85,27.06,4.97
2026-05-27 05:51:40+00:00,parcel_8,sugar_cane,risk,normal,69.05,44.05,5.79,509.78,20.7,14.67
2026-05-27 05:52:40+00:00,parcel_1,rice,normal,normal,63.21,44.05,5.79,559.44,20.0,
2026-05-27 05:52:40+00:00,parcel_2,rice,normal,normal,70.14,44.05,5.79,449.02,26.36,
2026-05-27 05:52:40+00:00,parcel_3,rice,risk,normal,90.0,44.05,5.79,677.65,27.97,
2026-05-27 05:52:40+00:00,parcel_4,rice,risk,normal,63.64,44.05,5.79,999.81,21.93,
2026-05-27 05:52:40+00:00,parcel_5,sugar_cane,normal,normal,77.97,44.05,5.79,593.21,25.91,5.15
2026-05-27 05:52:40+00:00,parcel_6,sugar_cane,normal,normal,89.51,44.05,5.79,402.53,30.0,6.51
2026-05-27 05:52:40+00:00,parcel_7,sugar_cane,risk,normal,77.9,44.05,5.79,554.44,20.0,14.68
2026-05-27 05:52:40+00:00,parcel_8,sugar_cane,risk,normal,68.18,44.05,5.79,477.23,25.22,10.14
2026-05-27 05:53:40+00:00,parcel_1,rice,normal,normal,69.61,44.05,5.79,488.81,23.98,
2026-05-27 05:53:40+00:00,parcel_2,rice,normal,normal,70.18,44.05,5.79,636.11,28.22,
2026-05-27 05:53:40+00:00,parcel_3,rice,risk,normal,88.33,44.05,5.79,436.0,25.87,
2026-05-27 05:53:40+00:00,parcel_4,rice,risk,storm,86.94,44.05,5.79,186.03,18.5,
2026-05-27 05:53:40+00:00,parcel_5,sugar_cane,normal,normal,63.16,44.05,5.79,675.54,30.0,15.46
2026-05-27 05:53:40+00:00,parcel_6,sugar_cane,normal,normal,66.25,44.05,5.79,995.76,28.75,8.16
2026-05-27 05:53:40+00:00,parcel_7,sugar_cane,risk,normal,85.33,44.05,5.79,499.46,20.37,0.73
2026-05-27 05:53:40+00:00,parcel_8,sugar_cane,risk,normal,65.86,44.05,5.79,774.25,23.36,12.03
2026-05-27 05:54:40+00:00,parcel_1,rice,normal,normal,84.3,44.05,5.79,771.3,28.39,
2026-05-27 05:54:40+00:00,parcel_2,rice,normal,normal,77.01,44.05,5.79,306.87,30.0,
2026-05-27 05:54:40+00:00,parcel_3,rice,risk,normal,82.86,44.05,5.79,544.14,24.97,
2026-05-27 05:54:40+00:00,parcel_4,rice,risk,storm,41.36,44.05,5.79,138.42,38.85,
2026-05-27 05:54:40+00:00,parcel_5,sugar_cane,normal,storm,43.43,44.05,5.79,199.95,32.23,22.19
2026-05-27 05:54:40+00:00,parcel_6,sugar_cane,normal,normal,66.38,44.05,5.79,608.92,27.66,16.13
2026-05-27 05:54:40+00:00,parcel_7,sugar_cane,risk,normal,89.98,44.05,5.79,897.08,27.94,0.14
2026-05-27 05:54:40+00:00,parcel_8,sugar_cane,risk,storm,63.39,44.05,5.79,158.29,35.98,38.81
2026-05-27 05:55:40+00:00,parcel_1,rice,normal,normal,73.36,44.05,5.79,498.41,25.22,
2026-05-27 05:55:40+00:00,parcel_2,rice,normal,normal,79.65,44.05,5.79,905.05,28.64,
2026-05-27 05:55:40+00:00,parcel_3,rice,risk,normal,65.19,44.05,5.79,702.1,25.43,
2026-05-27 05:55:40+00:00,parcel_4,rice,risk,normal,72.55,44.05,5.79,899.82,26.17,
2026-05-27 05:55:40+00:00,parcel_5,sugar_cane,normal,normal,81.82,44.05,5.79,653.1,21.0,12.59
2026-05-27 05:55:40+00:00,parcel_6,sugar_cane,normal,normal,66.39,44.05,5.79,428.71,23.49,13.07
2026-05-27 05:55:40+00:00,parcel_7,sugar_cane,risk,normal,60.95,44.05,5.79,775.0,25.2,15.53
2026-05-27 05:55:40+00:00,parcel_8,sugar_cane,risk,normal,71.28,44.05,5.79,714.19,22.06,2.49
2026-05-27 05:56:40+00:00,parcel_1,rice,normal,normal,60.09,44.05,5.79,590.19,21.68,
2026-05-27 05:56:40+00:00,parcel_2,rice,normal,normal,90.0,44.05,5.79,390.95,28.71,
2026-05-27 05:56:40+00:00,parcel_3,rice,risk,normal,79.0,44.05,5.79,777.16,21.22,
2026-05-27 05:56:40+00:00,parcel_4,rice,risk,normal,60.43,44.05,5.79,722.3,23.25,
2026-05-27 05:56:40+00:00,parcel_5,sugar_cane,normal,normal,70.55,44.05,5.79,333.67,24.43,7.15
2026-05-27 05:56:40+00:00,parcel_6,sugar_cane,normal,normal,86.02,44.05,5.79,738.92,29.61,18.2
2026-05-27 05:56:40+00:00,parcel_7,sugar_cane,risk,storm,59.98,44.05,5.79,113.05,18.7,23.42
2026-05-27 05:56:40+00:00,parcel_8,sugar_cane,risk,normal,90.0,44.05,5.79,844.74,23.33,16.52
2026-05-27 05:57:40+00:00,parcel_1,rice,normal,normal,86.36,44.05,5.79,523.8,30.0,
2026-05-27 05:57:40+00:00,parcel_2,rice,normal,storm,79.49,44.05,5.79,202.99,26.87,
2026-05-27 05:57:40+00:00,parcel_3,rice,risk,normal,74.79,44.05,5.79,605.95,22.33,
2026-05-27 05:57:40+00:00,parcel_4,rice,risk,storm,36.7,44.05,5.79,181.82,25.98,
2026-05-27 05:57:40+00:00,parcel_5,sugar_cane,normal,storm,34.17,44.05,5.79,133.85,17.79,39.31
2026-05-27 05:57:40+00:00,parcel_6,sugar_cane,normal,normal,82.89,44.05,5.79,708.1,21.34,19.25
2026-05-27 05:57:40+00:00,parcel_7,sugar_cane,risk,normal,75.66,44.05,5.79,528.8,27.78,0.45
2026-05-27 05:57:40+00:00,parcel_8,sugar_cane,risk,normal,65.39,44.05,5.79,542.37,29.25,6.15
2026-05-27 05:58:40+00:00,parcel_1,rice,normal,normal,73.09,44.05,5.79,751.98,27.8,
2026-05-27 05:58:40+00:00,parcel_2,rice,normal,normal,65.17,44.05,5.79,703.0,28.37,
2026-05-27 05:58:40+00:00,parcel_3,rice,risk,normal,71.71,44.05,5.79,432.17,23.41,
2026-05-27 05:58:40+00:00,parcel_4,rice,risk,normal,65.26,44.05,5.79,431.87,25.8,
2026-05-27 05:58:40+00:00,parcel_5,sugar_cane,normal,normal,72.89,44.05,5.79,901.45,21.11,7.57
2026-05-27 05:58:40+00:00,parcel_6,sugar_cane,normal,normal,70.83,44.05,5.79,684.57,29.19,6.35
2026-05-27 05:58:40+00:00,parcel_7,sugar_cane,risk,normal,69.45,44.05,5.79,490.22,26.72,3.67
2026-05-27 05:58:40+00:00,parcel_8,sugar_cane,risk,storm,35.13,44.05,5.79,238.32,33.78,20.44
2026-05-27 05:59:40+00:00,parcel_1,rice,normal,normal,74.52,44.05,5.79,711.01,23.82,
2026-05-27 05:59:40+00:00,parcel_2,rice,normal,normal,62.2,44.05,5.79,863.07,26.34,
2026-05-27 05:59:40+00:00,parcel_3,rice,risk,normal,82.98,44.05,5.79,965.52,22.25,
2026-05-27 05:59:40+00:00,parcel_4,rice,risk,storm,45.65,44.05,5.79,164.33,19.66,
2026-05-27 05:59:40+00:00,parcel_5,sugar_cane,normal,storm,66.15,44.05,5.79,203.35,32.0,27.51
2026-05-27 05:59:40+00:00,parcel_6,sugar_cane,normal,normal,82.8,44.05,5.79,872.69,28.3,1.48
2026-05-27 05:59:40+00:00,parcel_7,sugar_cane,risk,storm,52.46,44.05,5.79,143.69,11.37,20.57
2026-05-27 05:59:40+00:00,parcel_8,sugar_cane,risk,normal,69.18,44.05,5.79,395.28,21.64,3.91
2026-05-27 06:00:40+00:00,parcel_1,rice,normal,storm,66.83,44.05,5.79,190.97,14.84,
2026-05-27 06:00:40+00:00,parcel_2,rice,normal,normal,83.31,44.05,5.79,430.88,20.62,
2026-05-27 06:00:40+00:00,parcel_3,rice,risk,normal,69.59,44.05,5.79,340.81,28.03,
2026-05-27 06:00:40+00:00,parcel_4,rice,risk,normal,67.85,44.05,5.79,370.0,28.65,
2026-05-27 06:00:40+00:00,parcel_5,sugar_cane,normal,normal,74.27,44.05,5.79,856.98,20.0,18.71
2026-05-27 06:00:40+00:00,parcel_6,sugar_cane,normal,normal,76.18,44.05,5.79,898.33,22.54,7.03
2026-05-27 06:00:40+00:00,parcel_7,sugar_cane,risk,normal,80.02,44.05,5.79,862.28,22.94,14.33
2026-05-27 06:00:40+00:00,parcel_8,sugar_cane,risk,normal,84.22,44.05,5.79,407.41,28.85,11.97
2026-05-27 06:01:40+00:00,parcel_1,rice,normal,storm,76.22,44.05,5.79,147.25,14.46,
2026-05-27 06:01:40+00:00,parcel_2,rice,normal,normal,89.03,44.05,5.79,888.52,28.9,
2026-05-27 06:01:40+00:00,parcel_3,rice,risk,normal,69.12,44.05,5.79,552.4,24.37,
2026-05-27 06:01:40+00:00,parcel_4,rice,risk,normal,70.36,44.05,5.79,416.83,27.1,
2026-05-27 06:01:40+00:00,parcel_5,sugar_cane,normal,normal,60.37,44.05,5.79,929.35,22.06,18.86
2026-05-27 06:01:40+00:00,parcel_6,sugar_cane,normal,normal,78.91,44.05,5.79,507.53,25.67,16.0
2026-05-27 06:01:40+00:00,parcel_7,sugar_cane,risk,storm,63.78,44.05,5.79,251.93,22.05,31.47
2026-05-27 06:01:40+00:00,parcel_8,sugar_cane,risk,normal,60.0,44.05,5.79,884.97,23.14,16.62
2026-05-27 06:02:40+00:00,parcel_1,rice,normal,normal,85.79,44.05,5.79,409.06,27.85,
2026-05-27 06:02:40+00:00,parcel_2,rice,normal,normal,77.03,44.05,5.79,979.22,27.66,
2026-05-27 06:02:40+00:00,parcel_3,rice,risk,normal,78.21,44.05,5.79,848.98,21.77,
2026-05-27 06:02:40+00:00,parcel_4,rice,risk,normal,66.48,44.05,5.79,422.97,25.62,
2026-05-27 06:02:40+00:00,parcel_5,sugar_cane,normal,storm,84.06,44.05,5.79,125.04,16.02,27.89
2026-05-27 06:02:40+00:00,parcel_6,sugar_cane,normal,normal,90.0,44.05,5.79,409.83,22.99,18.46
2026-05-27 06:02:40+00:00,parcel_7,sugar_cane,risk,normal,60.19,44.05,5.79,972.07,27.98,13.35
2026-05-27 06:02:40+00:00,parcel_8,sugar_cane,risk,normal,87.74,44.05,5.79,524.57,25.42,3.83
2026-05-27 06:03:40+00:00,parcel_1,rice,normal,normal,86.33,44.05,5.79,832.59,25.28,
2026-05-27 06:03:40+00:00,parcel_2,rice,normal,normal,71.53,44.05,5.79,327.01,20.0,
2026-05-27 06:03:40+00:00,parcel_3,rice,risk,normal,64.0,44.05,5.79,930.47,20.48,
2026-05-27 06:03:40+00:00,parcel_4,rice,risk,normal,89.85,44.05,5.79,457.89,24.52,
2026-05-27 06:03:40+00:00,parcel_5,sugar_cane,normal,normal,85.23,44.05,5.79,837.39,22.42,3.21
2026-05-27 06:03:40+00:00,parcel_6,sugar_cane,normal,normal,65.28,44.05,5.79,751.66,24.49,11.06
2026-05-27 06:03:40+00:00,parcel_7,sugar_cane,risk,normal,68.9,44.05,5.79,597.39,25.37,12.98
2026-05-27 06:03:40+00:00,parcel_8,sugar_cane,risk,normal,67.88,44.05,5.79,341.47,23.43,4.29
2026-05-27 06:04:40+00:00,parcel_1,rice,normal,normal,77.54,44.05,5.79,732.34,23.58,
2026-05-27 06:04:40+00:00,parcel_2,rice,normal,normal,82.33,44.05,5.79,722.48,22.29,
2026-05-27 06:04:40+00:00,parcel_3,rice,risk,normal,85.41,44.05,5.79,648.7,24.73,
2026-05-27 06:04:40+00:00,parcel_4,rice,risk,normal,81.37,44.05,5.79,419.43,25.41,
2026-05-27 06:04:40+00:00,parcel_5,sugar_cane,normal,normal,76.28,44.05,5.79,336.6,20.54,19.48
2026-05-27 06:04:40+00:00,parcel_6,sugar_cane,normal,normal,73.45,44.05,5.79,959.17,26.75,3.15
2026-05-27 06:04:40+00:00,parcel_7,sugar_cane,risk,normal,85.21,44.05,5.79,834.42,25.73,6.41
2026-05-27 06:04:40+00:00,parcel_8,sugar_cane,risk,normal,74.69,44.05,5.79,676.68,22.16,15.88
2026-05-27 06:05:40+00:00,parcel_1,rice,normal,normal,69.59,44.05,5.79,934.86,28.03,
2026-05-27 06:05:40+00:00,parcel_2,rice,normal,storm,74.31,44.05,5.79,169.01,17.27,
2026-05-27 06:05:40+00:00,parcel_3,rice,risk,normal,79.16,44.05,5.79,899.72,25.54,
2026-05-27 06:05:40+00:00,parcel_4,rice,risk,normal,90.0,44.05,5.79,939.8,23.12,
2026-05-27 06:05:40+00:00,parcel_5,sugar_cane,normal,normal,75.1,44.05,5.79,597.68,20.0,15.75
2026-05-27 06:05:40+00:00,parcel_6,sugar_cane,normal,normal,61.28,44.05,5.79,368.33,24.79,0.05
2026-05-27 06:05:40+00:00,parcel_7,sugar_cane,risk,normal,79.06,44.05,5.79,465.15,30.0,10.38
2026-05-27 06:05:40+00:00,parcel_8,sugar_cane,risk,normal,90.0,44.05,5.79,728.0,23.36,19.84
2026-05-27 06:06:40+00:00,parcel_1,rice,normal,normal,60.0,44.05,5.79,729.52,20.37,
2026-05-27 06:06:40+00:00,parcel_2,rice,normal,normal,73.68,44.05,5.79,706.89,22.02,
2026-05-27 06:06:40+00:00,parcel_3,rice,risk,storm,62.92,44.05,5.79,132.68,13.84,
2026-05-27 06:06:40+00:00,parcel_4,rice,risk,storm,62.53,44.05,5.79,128.6,24.92,
2026-05-27 06:06:40+00:00,parcel_5,sugar_cane,normal,normal,72.33,44.05,5.79,334.12,27.39,16.1
2026-05-27 06:06:40+00:00,parcel_6,sugar_cane,normal,normal,68.13,44.05,5.79,309.59,25.85,16.93
2026-05-27 06:06:40+00:00,parcel_7,sugar_cane,risk,normal,80.51,44.05,5.79,487.2,24.76,7.86
2026-05-27 06:06:40+00:00,parcel_8,sugar_cane,risk,storm,82.72,44.05,5.79,174.85,36.56,28.36
2026-05-27 06:07:40+00:00,parcel_1,rice,normal,normal,80.7,44.05,5.79,341.48,22.28,
2026-05-27 06:07:40+00:00,parcel_2,rice,normal,storm,40.46,44.05,5.79,224.28,27.0,
2026-05-27 06:07:40+00:00,parcel_3,rice,risk,normal,67.26,44.05,5.79,512.41,26.64,
2026-05-27 06:07:40+00:00,parcel_4,rice,risk,storm,39.89,44.05,5.79,143.61,38.79,
2026-05-27 06:07:40+00:00,parcel_5,sugar_cane,normal,normal,74.39,44.05,5.79,772.2,24.91,16.78
2026-05-27 06:07:40+00:00,parcel_6,sugar_cane,normal,normal,78.65,44.05,5.79,563.69,20.0,6.04
2026-05-27 06:07:40+00:00,parcel_7,sugar_cane,risk,normal,73.99,44.05,5.79,393.05,21.75,1.58
2026-05-27 06:07:40+00:00,parcel_8,sugar_cane,risk,storm,77.24,44.05,5.79,250.95,34.03,24.97
2026-05-27 06:08:40+00:00,parcel_1,rice,normal,normal,85.6,44.05,5.79,752.53,27.9,
2026-05-27 06:08:40+00:00,parcel_2,rice,normal,normal,88.93,44.05,5.79,846.7,22.12,
2026-05-27 06:08:40+00:00,parcel_3,rice,risk,normal,87.53,44.05,5.79,595.02,28.58,
2026-05-27 06:08:40+00:00,parcel_4,rice,risk,normal,81.71,44.05,5.79,514.59,27.9,
2026-05-27 06:08:40+00:00,parcel_5,sugar_cane,normal,normal,71.69,44.05,5.79,710.67,27.95,9.19
2026-05-27 06:08:40+00:00,parcel_6,sugar_cane,normal,normal,69.09,44.05,5.79,380.2,23.48,7.78
2026-05-27 06:08:40+00:00,parcel_7,sugar_cane,risk,normal,60.0,44.05,5.79,401.38,22.49,17.99
2026-05-27 06:08:40+00:00,parcel_8,sugar_cane,risk,storm,29.28,44.05,5.79,233.41,38.68,40.45
2026-05-27 06:09:40+00:00,parcel_1,rice,normal,normal,60.51,44.05,5.79,414.16,29.41,
2026-05-27 06:09:40+00:00,parcel_2,rice,normal,normal,67.49,44.05,5.79,686.44,24.02,
2026-05-27 06:09:40+00:00,parcel_3,rice,risk,normal,86.27,44.05,5.79,604.13,20.14,
2026-05-27 06:09:40+00:00,parcel_4,rice,risk,normal,74.8,44.05,5.79,361.73,29.12,
2026-05-27 06:09:40+00:00,parcel_5,sugar_cane,normal,normal,69.88,44.05,5.79,385.41,23.54,17.09
2026-05-27 06:09:40+00:00,parcel_6,sugar_cane,normal,normal,84.96,44.05,5.79,327.13,30.0,9.6
2026-05-27 06:09:40+00:00,parcel_7,sugar_cane,risk,normal,63.73,44.05,5.79,641.84,22.95,0.57
2026-05-27 06:09:40+00:00,parcel_8,sugar_cane,risk,storm,28.61,44.05,5.79,190.44,17.89,33.94
2026-05-27 06:10:40+00:00,parcel_1,rice,normal,normal,73.16,44.05,5.79,492.76,26.88,
2026-05-27 06:10:40+00:00,parcel_2,rice,normal,storm,36.51,44.05,5.79,127.07,31.26,
2026-05-27 06:10:40+00:00,parcel_3,rice,risk,normal,67.36,44.05,5.79,711.96,28.17,
2026-05-27 06:10:40+00:00,parcel_4,rice,risk,storm,26.49,44.05,5.79,133.43,34.45,
2026-05-27 06:10:40+00:00,parcel_5,sugar_cane,normal,normal,87.7,44.05,5.79,548.65,26.92,16.87
2026-05-27 06:10:40+00:00,parcel_6,sugar_cane,normal,normal,66.42,44.05,5.79,942.8,20.1,13.92
2026-05-27 06:10:40+00:00,parcel_7,sugar_cane,risk,normal,85.72,44.05,5.79,349.35,28.97,16.19
2026-05-27 06:10:40+00:00,parcel_8,sugar_cane,risk,normal,68.88,44.05,5.79,749.93,23.13,16.21
2026-05-27 06:11:40+00:00,parcel_1,rice,normal,normal,66.12,44.05,5.79,423.39,27.35,
2026-05-27 06:11:40+00:00,parcel_2,rice,normal,normal,76.68,44.05,5.79,727.77,20.0,
2026-05-27 06:11:40+00:00,parcel_3,rice,risk,normal,63.86,44.05,5.79,900.42,26.36,
2026-05-27 06:11:40+00:00,parcel_4,rice,risk,normal,69.3,44.05,5.79,834.39,24.47,
2026-05-27 06:11:40+00:00,parcel_5,sugar_cane,normal,normal,86.97,44.05,5.79,604.44,23.43,13.19
2026-05-27 06:11:40+00:00,parcel_6,sugar_cane,normal,normal,75.49,44.05,5.79,388.2,24.06,0.81
2026-05-27 06:11:40+00:00,parcel_7,sugar_cane,risk,normal,88.17,44.05,5.79,379.6,25.96,4.37
2026-05-27 06:11:40+00:00,parcel_8,sugar_cane,risk,storm,77.6,44.05,5.79,198.84,17.88,26.02
2026-05-27 06:12:40+00:00,parcel_1,rice,normal,normal,78.43,44.05,5.79,400.2,28.87,
2026-05-27 06:12:40+00:00,parcel_2,rice,normal,normal,89.51,44.05,5.79,343.1,30.0,
2026-05-27 06:12:40+00:00,parcel_3,rice,risk,normal,74.27,44.05,5.79,896.39,20.0,
2026-05-27 06:12:40+00:00,parcel_4,rice,risk,normal,66.28,44.05,5.79,845.96,29.8,
2026-05-27 06:12:40+00:00,parcel_5,sugar_cane,normal,normal,75.35,44.05,5.79,565.94,28.53,11.31
2026-05-27 06:12:40+00:00,parcel_6,sugar_cane,normal,normal,83.36,44.05,5.79,389.18,21.11,6.87
2026-05-27 06:12:40+00:00,parcel_7,sugar_cane,risk,storm,46.71,44.05,5.79,173.58,34.59,31.87
2026-05-27 06:12:40+00:00,parcel_8,sugar_cane,risk,storm,39.89,44.05,5.79,225.53,20.02,43.44
2026-05-27 06:13:40+00:00,parcel_1,rice,normal,normal,62.88,44.05,5.79,519.86,20.5,
2026-05-27 06:13:40+00:00,parcel_2,rice,normal,normal,83.28,44.05,5.79,779.44,20.0,
2026-05-27 06:13:40+00:00,parcel_3,rice,risk,normal,63.79,44.05,5.79,303.16,26.6,
2026-05-27 06:13:40+00:00,parcel_4,rice,risk,normal,75.45,44.05,5.79,841.64,22.23,
2026-05-27 06:13:40+00:00,parcel_5,sugar_cane,normal,normal,62.14,44.05,5.79,930.73,25.83,13.03
2026-05-27 06:13:40+00:00,parcel_6,sugar_cane,normal,normal,72.36,44.05,5.79,480.35,28.89,17.81
2026-05-27 06:13:40+00:00,parcel_7,sugar_cane,risk,storm,65.34,44.05,5.79,221.3,14.82,29.64
2026-05-27 06:13:40+00:00,parcel_8,sugar_cane,risk,normal,87.13,44.05,5.79,512.2,24.26,2.45
2026-05-27 06:14:40+00:00,parcel_1,rice,normal,normal,72.47,44.05,5.79,569.47,29.22,
2026-05-27 06:14:40+00:00,parcel_2,rice,normal,normal,60.0,44.05,5.79,965.74,20.0,
2026-05-27 06:14:40+00:00,parcel_3,rice,risk,storm,58.73,44.05,5.79,109.09,27.85,
2026-05-27 06:14:40+00:00,parcel_4,rice,risk,storm,20.1,44.05,5.79,136.28,15.74,
2026-05-27 06:14:40+00:00,parcel_5,sugar_cane,normal,normal,74.58,44.05,5.79,704.0,20.0,5.52
2026-05-27 06:14:40+00:00,parcel_6,sugar_cane,normal,normal,62.38,44.05,5.79,680.62,28.74,5.88
2026-05-27 06:14:40+00:00,parcel_7,sugar_cane,risk,normal,60.27,44.05,5.79,348.55,26.09,8.08
2026-05-27 06:14:40+00:00,parcel_8,sugar_cane,risk,normal,64.62,44.05,5.79,748.87,24.75,18.49
2026-05-27 06:15:50+00:00,parcel_1,rice,normal,normal,77.87,44.05,5.79,747.56,30.0,
2026-05-27 06:15:50+00:00,parcel_2,rice,normal,normal,89.32,44.05,5.79,596.78,24.06,
2026-05-27 06:15:50+00:00,parcel_3,rice,risk,normal,68.48,44.05,5.79,327.96,23.26,
2026-05-27 06:15:50+00:00,parcel_4,rice,risk,normal,63.01,44.05,5.79,511.02,20.01,
2026-05-27 06:15:50+00:00,parcel_5,sugar_cane,normal,normal,69.64,44.05,5.79,894.34,26.95,7.52
2026-05-27 06:15:50+00:00,parcel_6,sugar_cane,normal,storm,32.85,44.05,5.79,233.81,21.5,28.16
2026-05-27 06:15:50+00:00,parcel_7,sugar_cane,risk,storm,21.38,44.05,5.79,189.74,16.05,24.85
2026-05-27 06:15:50+00:00,parcel_8,sugar_cane,risk,normal,84.82,44.05,5.79,444.0,20.07,5.26
2026-05-27 06:16:50+00:00,parcel_1,rice,normal,normal,73.54,44.05,5.79,545.26,23.92,
2026-05-27 06:16:50+00:00,parcel_2,rice,normal,normal,60.56,44.05,5.79,490.9,28.33,
2026-05-27 06:16:50+00:00,parcel_3,rice,risk,normal,75.23,44.05,5.79,314.61,24.36,
2026-05-27 06:16:50+00:00,parcel_4,rice,risk,normal,87.65,44.05,5.79,692.46,23.69,
2026-05-27 06:16:50+00:00,parcel_5,sugar_cane,normal,normal,79.15,44.05,5.79,304.36,20.35,7.2
2026-05-27 06:16:50+00:00,parcel_6,sugar_cane,normal,normal,63.84,44.05,5.79,548.22,29.0,15.79
2026-05-27 06:16:50+00:00,parcel_7,sugar_cane,risk,storm,81.57,44.05,5.79,191.15,12.75,27.17
2026-05-27 06:16:50+00:00,parcel_8,sugar_cane,risk,normal,81.35,44.05,5.79,317.68,27.57,6.44
2026-05-27 06:17:50+00:00,parcel_1,rice,normal,normal,68.9,44.05,5.79,954.21,25.48,
2026-05-27 06:17:50+00:00,parcel_2,rice,normal,normal,73.22,44.05,5.79,697.09,27.75,
2026-05-27 06:17:50+00:00,parcel_3,rice,risk,normal,66.65,44.05,5.79,926.91,28.11,
2026-05-27 06:17:50+00:00,parcel_4,rice,risk,storm,73.44,44.05,5.79,195.09,13.64,
2026-05-27 06:17:50+00:00,parcel_5,sugar_cane,normal,normal,64.56,44.05,5.79,918.8,23.98,16.86
2026-05-27 06:17:50+00:00,parcel_6,sugar_cane,normal,storm,87.6,44.05,5.79,141.13,37.18,40.32
2026-05-27 06:17:50+00:00,parcel_7,sugar_cane,risk,storm,41.71,44.05,5.79,140.45,25.89,21.61
2026-05-27 06:17:50+00:00,parcel_8,sugar_cane,risk,normal,60.0,44.05,5.79,940.02,26.01,7.98
2026-05-27 06:18:50+00:00,parcel_1,rice,normal,normal,60.0,44.05,5.79,358.41,21.08,
2026-05-27 06:18:50+00:00,parcel_2,rice,normal,normal,66.99,44.05,5.79,373.81,24.02,
2026-05-27 06:18:50+00:00,parcel_3,rice,risk,normal,71.51,44.05,5.79,963.36,24.16,
2026-05-27 06:18:50+00:00,parcel_4,rice,risk,normal,78.43,44.05,5.79,961.37,28.87,
2026-05-27 06:18:50+00:00,parcel_5,sugar_cane,normal,normal,87.65,44.05,5.79,480.5,28.01,1.45
2026-05-27 06:18:50+00:00,parcel_6,sugar_cane,normal,normal,80.41,44.05,5.79,938.51,22.53,17.23
2026-05-27 06:18:50+00:00,parcel_7,sugar_cane,risk,normal,64.21,44.05,5.79,493.94,25.42,14.85
2026-05-27 06:18:50+00:00,parcel_8,sugar_cane,risk,storm,68.12,44.05,5.79,172.16,25.95,27.25
2026-05-27 06:19:50+00:00,parcel_1,rice,normal,normal,82.1,44.05,5.79,809.05,24.12,
2026-05-27 06:19:50+00:00,parcel_2,rice,normal,normal,70.14,44.05,5.79,539.95,26.36,
2026-05-27 06:19:50+00:00,parcel_3,rice,risk,normal,65.55,44.05,5.79,628.98,20.0,
2026-05-27 06:19:50+00:00,parcel_4,rice,risk,storm,43.42,44.05,5.79,163.65,33.94,
2026-05-27 06:19:50+00:00,parcel_5,sugar_cane,normal,normal,60.0,44.05,5.79,583.6,20.65,1.03
2026-05-27 06:19:50+00:00,parcel_6,sugar_cane,normal,normal,62.81,44.05,5.79,846.99,28.77,19.01
2026-05-27 06:19:50+00:00,parcel_7,sugar_cane,risk,storm,62.71,44.05,5.79,116.63,10.42,21.71
2026-05-27 06:19:50+00:00,parcel_8,sugar_cane,risk,normal,86.87,44.05,5.79,754.77,21.12,8.43
2026-05-27 06:20:50+00:00,parcel_1,rice,normal,normal,73.51,44.05,5.79,942.76,24.44,
2026-05-27 06:20:50+00:00,parcel_2,rice,normal,normal,85.04,44.05,5.79,930.39,22.89,
2026-05-27 06:20:50+00:00,parcel_3,rice,risk,storm,70.64,44.05,5.79,167.86,32.56,
2026-05-27 06:20:50+00:00,parcel_4,rice,risk,storm,26.54,44.05,5.79,239.24,37.84,
2026-05-27 06:20:50+00:00,parcel_5,sugar_cane,normal,normal,69.26,44.05,5.79,363.74,24.42,6.79
2026-05-27 06:20:50+00:00,parcel_6,sugar_cane,normal,storm,27.01,44.05,5.79,238.86,19.76,38.51
2026-05-27 06:20:50+00:00,parcel_7,sugar_cane,risk,storm,76.53,44.05,5.79,256.0,15.77,43.24
2026-05-27 06:20:50+00:00,parcel_8,sugar_cane,risk,storm,26.08,44.05,5.79,251.34,16.21,40.54
2026-05-27 06:21:50+00:00,parcel_1,rice,normal,normal,89.41,44.05,5.79,907.16,22.72,
2026-05-27 06:21:50+00:00,parcel_2,rice,normal,normal,75.28,44.05,5.79,316.1,23.73,
2026-05-27 06:21:50+00:00,parcel_3,rice,risk,storm,25.1,44.05,5.79,214.04,39.18,
2026-05-27 06:21:50+00:00,parcel_4,rice,risk,storm,44.91,44.05,5.79,165.23,11.23,
2026-05-27 06:21:50+00:00,parcel_5,sugar_cane,normal,normal,78.42,44.05,5.79,439.0,26.05,17.63
2026-05-27 06:21:50+00:00,parcel_6,sugar_cane,normal,normal,86.12,44.05,5.79,414.22,28.31,2.57
2026-05-27 06:21:50+00:00,parcel_7,sugar_cane,risk,storm,51.49,44.05,5.79,252.87,13.72,24.29
2026-05-27 06:21:50+00:00,parcel_8,sugar_cane,risk,storm,50.28,44.05,5.79,137.65,20.45,32.66
2026-05-27 06:22:50+00:00,parcel_1,rice,normal,normal,80.8,44.05,5.79,767.22,22.91,
2026-05-27 06:22:50+00:00,parcel_2,rice,normal,normal,79.16,44.05,5.79,949.48,25.54,
2026-05-27 06:22:50+00:00,parcel_3,rice,risk,normal,81.98,44.05,5.79,458.05,27.39,
2026-05-27 06:22:50+00:00,parcel_4,rice,risk,storm,34.71,44.05,5.79,122.16,20.79,
2026-05-27 06:22:50+00:00,parcel_5,sugar_cane,normal,storm,83.1,44.05,5.79,190.33,27.35,25.28
2026-05-27 06:22:50+00:00,parcel_6,sugar_cane,normal,normal,76.52,44.05,5.79,321.29,26.08,2.02
2026-05-27 06:22:50+00:00,parcel_7,sugar_cane,risk,storm,76.94,44.05,5.79,156.92,33.46,27.58
2026-05-27 06:22:50+00:00,parcel_8,sugar_cane,risk,storm,38.06,44.05,5.79,110.18,15.77,36.45
2026-05-27 06:23:50+00:00,parcel_1,rice,normal,storm,31.89,44.05,5.79,191.6,36.61,
2026-05-27 06:23:50+00:00,parcel_2,rice,normal,normal,60.0,44.05,5.79,309.61,21.4,
2026-05-27 06:23:50+00:00,parcel_3,rice,risk,normal,71.23,44.05,5.79,864.77,28.58,
2026-05-27 06:23:50+00:00,parcel_4,rice,risk,normal,75.74,44.05,5.79,351.25,22.42,
2026-05-27 06:23:50+00:00,parcel_5,sugar_cane,normal,normal,76.31,44.05,5.79,950.34,28.07,1.48
2026-05-27 06:23:50+00:00,parcel_6,sugar_cane,normal,normal,82.06,44.05,5.79,859.91,25.95,11.14
2026-05-27 06:23:50+00:00,parcel_7,sugar_cane,risk,normal,72.22,44.05,5.79,358.88,22.52,9.4
2026-05-27 06:23:50+00:00,parcel_8,sugar_cane,risk,storm,42.85,44.05,5.79,207.01,19.59,29.4
2026-05-27 06:24:50+00:00,parcel_1,rice,normal,normal,86.34,44.05,5.79,648.88,27.45,
2026-05-27 06:24:50+00:00,parcel_2,rice,normal,normal,67.76,44.05,5.79,372.02,29.31,
2026-05-27 06:24:50+00:00,parcel_3,rice,risk,normal,88.1,44.05,5.79,465.99,27.8,
2026-05-27 06:24:50+00:00,parcel_4,rice,risk,storm,27.09,44.05,5.79,169.47,30.66,
2026-05-27 06:24:50+00:00,parcel_5,sugar_cane,normal,normal,82.46,44.05,5.79,744.13,25.66,5.11
2026-05-27 06:24:50+00:00,parcel_6,sugar_cane,normal,normal,73.6,44.05,5.79,796.65,28.14,2.23
2026-05-27 06:24:50+00:00,parcel_7,sugar_cane,risk,normal,73.65,44.05,5.79,955.78,26.4,3.05
2026-05-27 06:24:50+00:00,parcel_8,sugar_cane,risk,storm,79.99,44.05,5.79,196.62,39.27,22.8
2026-05-27 06:25:50+00:00,parcel_1,rice,normal,storm,76.41,44.05,5.79,223.78,18.04,
2026-05-27 06:25:50+00:00,parcel_2,rice,normal,normal,84.35,44.05,5.79,667.21,23.04,
2026-05-27 06:25:50+00:00,parcel_3,rice,risk,normal,81.39,44.05,5.79,620.72,30.0,
2026-05-27 06:25:50+00:00,parcel_4,rice,risk,normal,79.59,44.05,5.79,318.72,22.17,
2026-05-27 06:25:50+00:00,parcel_5,sugar_cane,normal,normal,65.72,44.05,5.79,871.19,23.25,1.47
2026-05-27 06:25:50+00:00,parcel_6,sugar_cane,normal,normal,83.79,44.05,5.79,747.74,28.31,19.26
2026-05-27 06:25:50+00:00,parcel_7,sugar_cane,risk,normal,82.77,44.05,5.79,496.73,24.56,16.08
2026-05-27 06:25:50+00:00,parcel_8,sugar_cane,risk,normal,77.36,44.05,5.79,391.78,20.7,6.01
2026-05-27 06:26:50+00:00,parcel_1,rice,normal,normal,71.42,44.05,5.79,360.43,28.1,
2026-05-27 06:26:50+00:00,parcel_2,rice,normal,normal,68.1,44.05,5.79,697.41,29.84,
2026-05-27 06:26:50+00:00,parcel_3,rice,risk,normal,89.96,44.05,5.79,593.17,25.02,
2026-05-27 06:26:50+00:00,parcel_4,rice,risk,normal,79.96,44.05,5.79,734.3,20.75,
2026-05-27 06:26:50+00:00,parcel_5,sugar_cane,normal,storm,76.8,44.05,5.79,186.49,28.21,37.56
2026-05-27 06:26:50+00:00,parcel_6,sugar_cane,normal,normal,87.04,44.05,5.79,303.2,25.31,3.04
2026-05-27 06:26:50+00:00,parcel_7,sugar_cane,risk,normal,66.36,44.05,5.79,547.85,26.29,0.6
2026-05-27 06:26:50+00:00,parcel_8,sugar_cane,risk,normal,72.13,44.05,5.79,804.33,28.42,6.91
2026-05-27 06:27:50+00:00,parcel_1,rice,normal,storm,61.21,44.05,5.79,176.55,19.74,
2026-05-27 06:27:50+00:00,parcel_2,rice,normal,normal,63.95,44.05,5.79,546.91,21.79,
2026-05-27 06:27:50+00:00,parcel_3,rice,risk,normal,70.24,44.05,5.79,344.72,28.97,
2026-05-27 06:27:50+00:00,parcel_4,rice,risk,normal,85.06,44.05,5.79,340.37,27.78,
2026-05-27 06:27:50+00:00,parcel_5,sugar_cane,normal,normal,63.79,44.05,5.79,850.22,21.95,10.5
2026-05-27 06:27:50+00:00,parcel_6,sugar_cane,normal,normal,66.42,44.05,5.79,702.28,20.1,16.99
2026-05-27 06:27:50+00:00,parcel_7,sugar_cane,risk,normal,81.94,44.05,5.79,339.37,21.81,11.07
2026-05-27 06:27:50+00:00,parcel_8,sugar_cane,risk,normal,87.02,44.05,5.79,931.48,20.39,16.76
2026-05-27 06:28:50+00:00,parcel_1,rice,normal,storm,66.3,44.05,5.79,157.7,11.96,
2026-05-27 06:28:50+00:00,parcel_2,rice,normal,normal,65.29,44.05,5.79,950.9,22.79,
2026-05-27 06:28:50+00:00,parcel_3,rice,risk,storm,22.5,44.05,5.79,224.94,19.62,
2026-05-27 06:28:50+00:00,parcel_4,rice,risk,storm,66.15,44.05,5.79,204.82,32.0,
2026-05-27 06:28:50+00:00,parcel_5,sugar_cane,normal,storm,30.8,44.05,5.79,130.92,30.42,42.92
2026-05-27 06:28:50+00:00,parcel_6,sugar_cane,normal,normal,81.27,44.05,5.79,419.97,27.6,2.18
2026-05-27 06:28:50+00:00,parcel_7,sugar_cane,risk,normal,84.3,44.05,5.79,948.38,22.72,12.38
2026-05-27 06:28:50+00:00,parcel_8,sugar_cane,risk,normal,86.76,44.05,5.79,731.33,27.78,15.5
2026-05-27 06:29:50+00:00,parcel_1,rice,normal,normal,82.43,44.05,5.79,910.49,23.97,
2026-05-27 06:29:50+00:00,parcel_2,rice,normal,normal,84.78,44.05,5.79,959.96,26.93,
2026-05-27 06:29:50+00:00,parcel_3,rice,risk,storm,48.88,44.05,5.79,201.41,18.85,
2026-05-27 06:29:50+00:00,parcel_4,rice,risk,normal,72.33,44.05,5.79,698.08,22.0,
2026-05-27 06:29:50+00:00,parcel_5,sugar_cane,normal,normal,76.41,44.05,5.79,536.52,26.31,6.68
2026-05-27 06:29:50+00:00,parcel_6,sugar_cane,normal,normal,62.2,44.05,5.79,847.46,26.34,19.76
2026-05-27 06:29:50+00:00,parcel_7,sugar_cane,risk,normal,63.04,44.05,5.79,547.49,30.0,3.76
2026-05-27 06:29:50+00:00,parcel_8,sugar_cane,risk,storm,85.51,44.05,5.79,203.43,18.63,30.42
2026-05-27 06:30:50+00:00,parcel_1,rice,normal,normal,71.23,44.05,5.79,611.65,26.81,
2026-05-27 06:30:50+00:00,parcel_2,rice,normal,normal,62.98,44.05,5.79,859.74,29.97,
2026-05-27 06:30:50+00:00,parcel_3,rice,risk,normal,75.46,44.05,5.79,767.93,24.3,
2026-05-27 06:30:50+00:00,parcel_4,rice,risk,normal,60.0,44.05,5.79,326.82,20.0,
2026-05-27 06:30:50+00:00,parcel_5,sugar_cane,normal,normal,71.45,44.05,5.79,416.61,26.19,13.55
2026-05-27 06:30:50+00:00,parcel_6,sugar_cane,normal,normal,73.92,44.05,5.79,590.78,28.5,1.72
2026-05-27 06:30:50+00:00,parcel_7,sugar_cane,risk,storm,25.76,44.05,5.79,214.58,24.29,31.61
2026-05-27 06:30:50+00:00,parcel_8,sugar_cane,risk,normal,64.5,44.05,5.79,712.32,26.33,7.52
2026-05-29 00:11:00+00:00,parcel_1,rice,normal,normal,82.36,46.92,5.63,551.83,22.27,
2026-05-29 00:11:00+00:00,parcel_2,rice,normal,storm,45.36,83.57,4.98,141.81,23.39,
2026-05-29 00:11:00+00:00,parcel_3,rice,risk,normal,76.0,39.97,6.76,827.55,29.84,
2026-05-29 00:11:00+00:00,parcel_4,rice,risk,normal,60.0,49.8,5.51,662.44,21.48,
2026-05-29 00:11:00+00:00,parcel_5,sugar_cane,normal,normal,71.4,44.05,6.67,566.02,25.6,1.11
2026-05-29 00:11:00+00:00,parcel_6,sugar_cane,normal,normal,65.09,44.05,6.15,782.23,28.14,13.19
2026-05-29 00:11:00+00:00,parcel_7,sugar_cane,risk,storm,66.62,44.05,6.07,213.66,36.86,35.92
2026-05-29 00:11:00+00:00,parcel_8,sugar_cane,risk,normal,62.41,44.05,5.79,996.55,26.67,7.8
2026-05-29 00:12:00+00:00,parcel_1,rice,normal,normal,69.25,44.05,5.79,679.97,20.8,
2026-05-29 00:12:00+00:00,parcel_2,rice,normal,normal,60.0,44.05,5.79,788.35,23.94,
2026-05-29 00:12:00+00:00,parcel_3,rice,risk,storm,68.59,44.05,5.79,149.0,38.14,
2026-05-29 00:12:00+00:00,parcel_4,rice,risk,normal,79.96,44.05,5.79,751.42,20.75,
2026-05-29 00:12:00+00:00,parcel_5,sugar_cane,normal,normal,65.47,44.05,5.79,383.43,26.31,1.45
2026-05-29 00:12:00+00:00,parcel_6,sugar_cane,normal,normal,60.0,44.05,5.79,946.04,20.0,5.77
2026-05-29 00:12:00+00:00,parcel_7,sugar_cane,risk,normal,60.0,44.05,5.79,524.7,23.14,6.73
2026-05-29 00:12:00+00:00,parcel_8,sugar_cane,risk,normal,74.7,44.05,5.79,491.19,20.0,18.72
2026-05-29 00:13:00+00:00,parcel_1,rice,normal,normal,85.98,44.05,5.79,340.78,22.97,
2026-05-29 00:13:00+00:00,parcel_2,rice,normal,normal,60.0,44.05,5.79,754.0,27.8,
2026-05-29 00:13:00+00:00,parcel_3,rice,risk,storm,41.33,44.05,5.79,226.81,19.16,
2026-05-29 00:13:00+00:00,parcel_4,rice,risk,normal,90.0,44.05,5.79,778.78,26.03,
2026-05-29 00:13:00+00:00,parcel_5,sugar_cane,normal,normal,88.34,44.05,5.79,474.83,20.73,6.08
2026-05-29 00:13:00+00:00,parcel_6,sugar_cane,normal,normal,65.76,44.05,5.79,497.3,28.11,0.23
2026-05-29 00:13:00+00:00,parcel_7,sugar_cane,risk,normal,87.9,44.05,5.79,594.74,23.39,2.74
2026-05-29 00:13:00+00:00,parcel_8,sugar_cane,risk,normal,64.93,44.05,5.79,686.39,25.46,15.4
2026-05-29 00:14:00+00:00,parcel_1,rice,normal,normal,84.52,44.05,5.79,970.7,20.19,
2026-05-29 00:14:00+00:00,parcel_2,rice,normal,normal,66.76,44.05,5.79,398.14,26.39,
2026-05-29 00:14:00+00:00,parcel_3,rice,risk,storm,44.71,44.05,5.79,170.78,33.59,
2026-05-29 00:14:00+00:00,parcel_4,rice,risk,normal,84.53,44.05,5.79,346.46,28.14,
2026-05-29 00:14:00+00:00,parcel_5,sugar_cane,normal,normal,77.88,44.05,5.79,368.63,30.0,11.3
2026-05-29 00:14:00+00:00,parcel_6,sugar_cane,normal,normal,87.43,44.05,5.79,905.16,22.55,8.95
2026-05-29 00:14:00+00:00,parcel_7,sugar_cane,risk,normal,74.23,44.05,5.79,766.29,20.53,16.05
2026-05-29 00:14:00+00:00,parcel_8,sugar_cane,risk,storm,82.62,44.05,5.79,223.74,26.23,43.72
2026-05-29 00:15:00+00:00,parcel_1,rice,normal,normal,63.7,44.05,5.79,385.22,24.47,
2026-05-29 00:15:00+00:00,parcel_2,rice,normal,normal,85.72,44.05,5.79,614.16,28.97,
2026-05-29 00:15:00+00:00,parcel_3,rice,risk,storm,75.67,44.05,5.79,142.75,16.4,
2026-05-29 00:15:00+00:00,parcel_4,rice,risk,storm,61.22,44.05,5.79,199.79,12.22,
2026-05-29 00:15:00+00:00,parcel_5,sugar_cane,normal,normal,79.9,44.05,5.79,351.96,21.33,7.82
2026-05-29 00:15:00+00:00,parcel_6,sugar_cane,normal,normal,74.48,44.05,5.79,910.7,25.81,8.69
2026-05-29 00:15:00+00:00,parcel_7,sugar_cane,risk,storm,24.55,44.05,5.79,238.39,11.79,36.37
2026-05-29 00:15:00+00:00,parcel_8,sugar_cane,risk,storm,69.48,44.05,5.79,159.12,26.58,25.38
2026-05-29 00:16:00+00:00,parcel_1,rice,normal,normal,60.0,40.96,5.79,880.07,29.2,
2026-05-29 00:16:00+00:00,parcel_2,rice,normal,normal,68.75,44.05,5.79,463.76,28.79,
2026-05-29 00:16:00+00:00,parcel_3,rice,risk,normal,77.9,40.92,5.79,997.55,20.0,
2026-05-29 00:16:00+00:00,parcel_4,rice,risk,normal,85.49,41.03,5.79,601.74,25.95,
2026-05-29 00:16:00+00:00,parcel_5,sugar_cane,normal,normal,60.0,44.05,5.79,692.87,27.8,7.64
2026-05-29 00:16:00+00:00,parcel_6,sugar_cane,normal,normal,83.9,44.05,5.79,881.94,25.66,6.78
2026-05-29 00:16:00+00:00,parcel_7,sugar_cane,risk,storm,59.45,44.05,5.79,129.77,13.91,41.35
2026-05-29 00:16:00+00:00,parcel_8,sugar_cane,risk,normal,84.22,44.05,5.79,320.62,24.89,6.43
2026-05-29 00:17:00+00:00,parcel_1,rice,normal,normal,71.23,44.05,5.79,477.41,26.81,
2026-05-29 00:17:00+00:00,parcel_2,rice,normal,normal,71.47,44.05,5.79,547.06,20.0,
2026-05-29 00:17:00+00:00,parcel_3,rice,risk,storm,65.5,44.05,5.79,227.38,26.27,
2026-05-29 00:17:00+00:00,parcel_4,rice,risk,storm,24.21,44.05,5.79,243.66,13.84,
2026-05-29 00:17:00+00:00,parcel_5,sugar_cane,normal,normal,76.84,44.05,5.79,983.14,28.65,12.08
2026-05-29 00:17:00+00:00,parcel_6,sugar_cane,normal,normal,83.84,44.05,5.79,913.28,25.52,18.96
2026-05-29 00:17:00+00:00,parcel_7,sugar_cane,risk,storm,56.64,44.05,5.79,186.28,20.28,29.91
2026-05-29 00:17:00+00:00,parcel_8,sugar_cane,risk,normal,72.91,44.05,5.79,863.87,28.06,2.77
2026-05-29 00:18:00+00:00,parcel_1,rice,normal,normal,85.33,44.05,5.79,370.31,27.17,
2026-05-29 00:18:00+00:00,parcel_2,rice,normal,normal,65.28,44.05,5.79,548.9,24.49,
2026-05-29 00:18:00+00:00,parcel_3,rice,risk,storm,37.68,44.05,5.79,209.74,31.98,
2026-05-29 00:18:00+00:00,parcel_4,rice,risk,normal,67.65,44.05,5.79,517.47,30.0,
2026-05-29 00:18:00+00:00,parcel_5,sugar_cane,normal,normal,85.6,44.05,5.79,690.83,23.14,19.46
2026-05-29 00:18:00+00:00,parcel_6,sugar_cane,normal,normal,62.98,44.05,5.79,429.63,20.49,7.72
2026-05-29 00:18:00+00:00,parcel_7,sugar_cane,risk,normal,60.62,44.05,5.79,695.11,26.84,10.29
2026-05-29 00:18:00+00:00,parcel_8,sugar_cane,risk,normal,63.59,44.05,5.79,975.69,28.01,11.37
2026-05-29 00:19:00+00:00,parcel_1,rice,normal,normal,89.53,44.05,5.79,498.74,26.02,
2026-05-29 00:19:00+00:00,parcel_2,rice,normal,storm,62.34,44.05,5.79,223.99,27.66,
2026-05-29 00:19:00+00:00,parcel_3,rice,risk,normal,90.0,44.05,5.79,922.67,25.12,
2026-05-29 00:19:00+00:00,parcel_4,rice,risk,storm,44.76,44.05,5.79,155.93,37.91,
2026-05-29 00:19:00+00:00,parcel_5,sugar_cane,normal,normal,74.85,44.05,5.79,787.78,26.05,0.95
2026-05-29 00:19:00+00:00,parcel_6,sugar_cane,normal,normal,60.0,44.05,5.79,670.35,20.0,9.86
2026-05-29 00:19:00+00:00,parcel_7,sugar_cane,risk,normal,75.89,44.05,5.79,500.79,20.84,13.7
2026-05-29 00:19:00+00:00,parcel_8,sugar_cane,risk,normal,90.0,44.05,5.79,986.71,20.82,16.26
2026-05-29 00:20:00+00:00,parcel_1,rice,normal,normal,68.89,44.05,5.79,627.57,29.3,
2026-05-29 00:20:00+00:00,parcel_2,rice,normal,normal,64.07,44.05,5.79,922.06,24.25,
2026-05-29 00:20:00+00:00,parcel_3,rice,risk,storm,82.9,44.05,5.79,259.42,16.39,
2026-05-29 00:20:00+00:00,parcel_4,rice,risk,storm,78.29,44.05,5.79,122.97,13.64,
2026-05-29 00:20:00+00:00,parcel_5,sugar_cane,normal,normal,65.43,44.05,5.79,730.8,20.12,13.92
2026-05-29 00:20:00+00:00,parcel_6,sugar_cane,normal,normal,64.09,44.05,5.79,341.78,20.08,15.82
2026-05-29 00:20:00+00:00,parcel_7,sugar_cane,risk,normal,68.79,44.05,5.79,937.39,29.22,15.64
2026-05-29 00:20:00+00:00,parcel_8,sugar_cane,risk,normal,61.36,44.05,5.79,879.57,20.93,4.95
2026-05-29 00:21:00+00:00,parcel_1,rice,normal,normal,78.9,46.6,5.79,334.1,21.09,
2026-05-29 00:21:00+00:00,parcel_2,rice,normal,normal,60.51,42.65,5.79,526.37,29.41,
2026-05-29 00:21:00+00:00,parcel_3,rice,risk,normal,72.11,45.01,5.79,456.26,28.05,
2026-05-29 00:21:00+00:00,parcel_4,rice,risk,storm,50.43,53.25,5.79,177.3,29.14,
2026-05-29 00:21:00+00:00,parcel_5,sugar_cane,normal,normal,83.3,44.05,5.79,561.37,21.9,4.17
2026-05-29 00:21:00+00:00,parcel_6,sugar_cane,normal,normal,81.66,44.05,5.79,540.52,25.89,2.38
2026-05-29 00:21:00+00:00,parcel_7,sugar_cane,risk,normal,60.0,44.05,5.79,902.24,26.79,7.59
2026-05-29 00:21:00+00:00,parcel_8,sugar_cane,risk,normal,72.51,44.05,5.79,535.42,26.9,8.71
2026-05-29 00:22:00+00:00,parcel_1,rice,normal,normal,74.91,44.05,5.79,955.27,22.76,
2026-05-29 00:22:00+00:00,parcel_2,rice,normal,normal,86.76,44.05,5.79,708.37,24.29,
2026-05-29 00:22:00+00:00,parcel_3,rice,risk,normal,89.29,44.05,5.79,472.18,23.31,
2026-05-29 00:22:00+00:00,parcel_4,rice,risk,storm,37.09,44.05,5.79,117.58,32.49,
2026-05-29 00:22:00+00:00,parcel_5,sugar_cane,normal,normal,67.73,44.05,5.79,345.97,22.9,14.82
2026-05-29 00:22:00+00:00,parcel_6,sugar_cane,normal,normal,60.69,44.05,5.79,687.47,26.37,1.14
2026-05-29 00:22:00+00:00,parcel_7,sugar_cane,risk,storm,31.84,44.05,5.79,151.17,20.94,23.22
2026-05-29 00:22:00+00:00,parcel_8,sugar_cane,risk,normal,63.57,44.05,5.79,818.48,28.81,10.36
2026-05-29 00:23:00+00:00,parcel_1,rice,normal,normal,77.83,44.05,5.79,572.72,25.0,
2026-05-29 00:23:00+00:00,parcel_2,rice,normal,storm,44.74,44.05,5.79,165.07,38.52,
2026-05-29 00:23:00+00:00,parcel_3,rice,risk,storm,41.59,44.05,5.79,109.32,17.19,
2026-05-29 00:23:00+00:00,parcel_4,rice,risk,storm,35.57,44.05,5.79,228.26,17.78,
2026-05-29 00:23:00+00:00,parcel_5,sugar_cane,normal,storm,36.88,44.05,5.79,125.47,19.21,28.62
2026-05-29 00:23:00+00:00,parcel_6,sugar_cane,normal,normal,70.97,44.05,5.79,689.89,27.82,13.76
2026-05-29 00:23:00+00:00,parcel_7,sugar_cane,risk,normal,80.19,44.05,5.79,939.02,20.42,11.34
2026-05-29 00:23:00+00:00,parcel_8,sugar_cane,risk,normal,65.87,44.05,5.79,576.37,26.95,15.16
2026-05-29 00:24:00+00:00,parcel_1,rice,normal,normal,67.36,44.05,5.79,597.39,22.69,
2026-05-29 00:24:00+00:00,parcel_2,rice,normal,normal,64.58,44.05,5.79,854.42,21.21,
2026-05-29 00:24:00+00:00,parcel_3,rice,risk,normal,77.6,44.05,5.79,763.71,28.36,
2026-05-29 00:24:00+00:00,parcel_4,rice,risk,normal,87.88,44.05,5.79,777.56,22.9,
2026-05-29 00:24:00+00:00,parcel_5,sugar_cane,normal,normal,86.95,44.05,5.79,458.9,23.77,11.11
2026-05-29 00:24:00+00:00,parcel_6,sugar_cane,normal,normal,72.55,44.05,5.79,390.81,27.86,16.39
2026-05-29 00:24:00+00:00,parcel_7,sugar_cane,risk,normal,89.52,44.05,5.79,950.81,20.57,9.6
2026-05-29 00:24:00+00:00,parcel_8,sugar_cane,risk,storm,30.66,44.05,5.79,157.59,16.02,39.59
2026-05-29 00:25:00+00:00,parcel_1,rice,normal,normal,60.0,44.05,5.79,775.82,21.71,
2026-05-29 00:25:00+00:00,parcel_2,rice,normal,normal,74.85,44.05,5.79,948.44,24.03,
2026-05-29 00:25:00+00:00,parcel_3,rice,risk,storm,21.62,44.05,5.79,190.34,27.99,
2026-05-29 00:25:00+00:00,parcel_4,rice,risk,storm,72.86,44.05,5.79,198.6,17.92,
2026-05-29 00:25:00+00:00,parcel_5,sugar_cane,normal,normal,67.24,44.05,5.79,649.54,24.97,7.98
2026-05-29 00:25:00+00:00,parcel_6,sugar_cane,normal,storm,62.93,44.05,5.79,102.79,33.54,28.11
2026-05-29 00:25:00+00:00,parcel_7,sugar_cane,risk,normal,76.38,44.05,5.79,370.85,21.96,6.1
2026-05-29 00:25:00+00:00,parcel_8,sugar_cane,risk,normal,75.49,44.05,5.79,648.75,24.06,3.52
2026-05-29 00:26:00+00:00,parcel_1,rice,normal,normal,71.31,46.08,5.79,579.12,28.04,
2026-05-29 00:26:00+00:00,parcel_2,rice,normal,normal,66.95,43.34,5.79,921.67,21.28,
2026-05-29 00:26:00+00:00,parcel_3,rice,risk,storm,22.33,44.05,5.79,149.18,36.03,
2026-05-29 00:26:00+00:00,parcel_4,rice,risk,normal,85.23,44.05,5.79,327.92,24.17,
2026-05-29 00:26:00+00:00,parcel_5,sugar_cane,normal,normal,74.12,44.05,5.79,656.65,27.02,2.09
2026-05-29 00:26:00+00:00,parcel_6,sugar_cane,normal,normal,72.68,44.05,5.79,509.21,20.0,12.31
2026-05-29 00:26:00+00:00,parcel_7,sugar_cane,risk,normal,82.06,44.05,5.79,321.0,23.14,7.1
2026-05-29 00:26:00+00:00,parcel_8,sugar_cane,risk,normal,69.72,44.05,5.79,311.24,22.81,0.67
2026-05-29 00:27:00+00:00,parcel_1,rice,normal,normal,60.67,44.05,5.79,426.63,22.13,
2026-05-29 00:27:00+00:00,parcel_2,rice,normal,normal,82.57,44.05,5.79,673.92,23.78,
2026-05-29 00:27:00+00:00,parcel_3,rice,risk,normal,69.37,44.05,5.79,810.05,25.2,
2026-05-29 00:27:00+00:00,parcel_4,rice,risk,normal,65.99,44.05,5.79,739.29,21.74,
2026-05-29 00:27:00+00:00,parcel_5,sugar_cane,normal,normal,84.3,44.05,5.79,831.67,28.39,14.21
2026-05-29 00:27:00+00:00,parcel_6,sugar_cane,normal,normal,73.99,44.05,5.79,678.26,21.75,7.62
2026-05-29 00:27:00+00:00,parcel_7,sugar_cane,risk,storm,79.77,44.05,5.79,116.06,30.34,40.67
2026-05-29 00:27:00+00:00,parcel_8,sugar_cane,risk,normal,66.21,44.05,5.79,813.63,25.97,9.21
2026-05-29 00:28:00+00:00,parcel_1,rice,normal,normal,84.29,44.05,5.79,800.71,27.71,
2026-05-29 00:28:00+00:00,parcel_2,rice,normal,normal,70.81,44.05,5.79,563.675,26.54,
2026-05-29 00:28:10+00:00,parcel_3,rice,risk,normal,64.48,44.05,5.79,811.67,20.96,
2026-05-29 00:28:10+00:00,parcel_4,rice,risk,storm,61.88,44.05,5.79,120.07,32.93,
2026-05-29 00:28:10+00:00,parcel_5,sugar_cane,normal,normal,81.48,44.05,5.79,849.1,21.99,2.82
2026-05-29 00:28:10+00:00,parcel_6,sugar_cane,normal,storm,32.68,44.05,5.79,219.49,21.91,43.82
2026-05-29 00:28:10+00:00,parcel_7,sugar_cane,risk,normal,60.0,44.05,5.79,625.48,22.3,8.12
2026-05-29 00:28:10+00:00,parcel_8,sugar_cane,risk,normal,79.75,44.05,5.79,793.36,23.67,14.72
2026-05-29 00:29:10+00:00,parcel_1,rice,normal,normal,70.67,44.05,5.79,977.87,20.64,
2026-05-29 00:29:10+00:00,parcel_2,rice,normal,normal,69.73,44.05,5.79,908.42,22.6,
2026-05-29 00:29:10+00:00,parcel_3,rice,risk,normal,87.82,44.05,5.79,654.89,30.0,
2026-05-29 00:29:10+00:00,parcel_4,rice,risk,normal,68.27,44.05,5.79,519.03,23.62,
2026-05-29 00:29:10+00:00,parcel_5,sugar_cane,normal,normal,68.84,44.05,5.79,565.73,21.41,1.24
2026-05-29 00:29:10+00:00,parcel_6,sugar_cane,normal,normal,60.0,44.05,5.79,480.48,26.68,4.29
2026-05-29 00:29:10+00:00,parcel_7,sugar_cane,risk,storm,35.55,44.05,5.79,168.33,23.85,39.78
2026-05-29 00:29:10+00:00,parcel_8,sugar_cane,risk,storm,56.22,44.05,5.79,252.71,26.62,36.16
2026-05-29 00:30:10+00:00,parcel_1,rice,normal,normal,84.34,44.05,5.79,746.35,24.32,
2026-05-29 00:30:10+00:00,parcel_2,rice,normal,normal,71.53,44.05,5.79,515.68,20.08,
2026-05-29 00:30:10+00:00,parcel_3,rice,risk,storm,85.76,44.05,5.79,229.2,35.58,
2026-05-29 00:30:10+00:00,parcel_4,rice,risk,storm,87.0,44.05,5.79,239.46,13.32,
2026-05-29 00:30:10+00:00,parcel_5,sugar_cane,normal,normal,81.67,44.05,5.79,815.21,27.52,17.29
2026-05-29 00:30:10+00:00,parcel_6,sugar_cane,normal,normal,66.81,44.05,5.79,641.31,28.85,10.73
2026-05-29 00:30:10+00:00,parcel_7,sugar_cane,risk,normal,66.51,44.05,5.79,334.81,26.09,13.85
2026-05-29 00:30:10+00:00,parcel_8,sugar_cane,risk,normal,67.63,44.05,5.79,466.66,27.83,15.7
2026-05-29 00:31:10+00:00,parcel_1,rice,normal,normal,71.89,44.05,5.79,826.9,27.45,
2026-05-29 00:31:10+00:00,parcel_2,rice,normal,normal,69.68,44.05,5.79,834.53,30.0,
2026-05-29 00:31:10+00:00,parcel_3,rice,risk,storm,62.86,44.05,5.79,144.62,28.89,
2026-05-29 00:31:10+00:00,parcel_4,rice,risk,normal,66.37,44.05,5.79,866.58,21.56,
2026-05-29 00:31:10+00:00,parcel_5,sugar_cane,normal,normal,79.96,44.05,5.79,744.77,26.52,8.38
2026-05-29 00:31:10+00:00,parcel_6,sugar_cane,normal,normal,87.79,44.05,5.79,361.34,30.0,2.36
2026-05-29 00:31:10+00:00,parcel_7,sugar_cane,risk,normal,66.28,44.05,5.79,613.29,25.48,14.66
2026-05-29 00:31:10+00:00,parcel_8,sugar_cane,risk,storm,89.3,44.05,5.79,182.5,29.08,32.91
2026-05-29 00:32:10+00:00,parcel_1,rice,normal,normal,77.74,44.05,5.79,927.18,21.3,
2026-05-29 00:32:10+00:00,parcel_2,rice,normal,normal,86.78,44.05,5.79,789.07,25.57,
2026-05-29 00:32:10+00:00,parcel_3,rice,risk,normal,70.87,44.05,5.79,350.04,22.93,
2026-05-29 00:32:10+00:00,parcel_4,rice,risk,normal,90.0,44.05,5.79,787.15,28.58,
2026-05-29 00:32:10+00:00,parcel_5,sugar_cane,normal,normal,78.47,44.05,5.79,657.16,23.72,12.44
2026-05-29 00:32:10+00:00,parcel_6,sugar_cane,normal,normal,90.0,44.05,5.79,605.84,22.59,7.34
2026-05-29 00:32:10+00:00,parcel_7,sugar_cane,risk,storm,22.25,44.05,5.79,247.34,11.8,41.23
2026-05-29 00:32:10+00:00,parcel_8,sugar_cane,risk,normal,75.26,44.05,5.79,300.88,23.83,10.9
2026-05-29 00:33:10+00:00,parcel_1,rice,normal,normal,71.03,44.05,5.79,666.88,24.14,
2026-05-29 00:33:10+00:00,parcel_2,rice,normal,normal,82.62,44.05,5.79,658.1,27.36,
2026-05-29 00:33:10+00:00,parcel_3,rice,risk,storm,23.93,44.05,5.79,226.66,30.96,
2026-05-29 00:33:10+00:00,parcel_4,rice,risk,normal,83.05,44.05,5.79,700.88,26.01,
2026-05-29 00:33:10+00:00,parcel_5,sugar_cane,normal,normal,85.41,44.05,5.79,944.65,22.25,11.55
2026-05-29 00:33:10+00:00,parcel_6,sugar_cane,normal,normal,80.83,44.05,5.79,832.86,23.3,0.57
2026-05-29 00:33:10+00:00,parcel_7,sugar_cane,risk,storm,81.78,44.05,5.79,163.58,39.17,40.44
2026-05-29 00:33:10+00:00,parcel_8,sugar_cane,risk,storm,38.76,44.05,5.79,258.21,31.2,30.36
2026-05-29 00:34:10+00:00,parcel_1,rice,normal,normal,76.27,44.05,5.79,439.68,29.22,
2026-05-29 00:34:10+00:00,parcel_2,rice,normal,normal,68.84,44.05,5.79,767.21,21.41,
2026-05-29 00:34:10+00:00,parcel_3,rice,risk,storm,45.61,44.05,5.79,112.11,26.77,
2026-05-29 00:34:10+00:00,parcel_4,rice,risk,normal,81.37,44.05,5.79,524.79,25.41,
2026-05-29 00:34:10+00:00,parcel_5,sugar_cane,normal,normal,66.57,44.05,5.79,926.58,28.94,10.34
2026-05-29 00:34:10+00:00,parcel_6,sugar_cane,normal,normal,82.68,44.05,5.79,390.12,25.16,1.35
2026-05-29 00:34:10+00:00,parcel_7,sugar_cane,risk,normal,75.58,44.05,5.79,959.46,20.0,3.78
2026-05-29 00:34:10+00:00,parcel_8,sugar_cane,risk,normal,80.64,44.05,5.79,856.68,26.48,12.69
2026-05-29 00:35:10+00:00,parcel_1,rice,normal,normal,65.76,44.05,5.79,560.21,28.11,
2026-05-29 00:35:10+00:00,parcel_2,rice,normal,normal,82.26,44.05,5.79,677.7,27.26,
2026-05-29 00:35:10+00:00,parcel_3,rice,risk,normal,79.51,44.05,5.79,883.88,20.76,
2026-05-29 00:35:10+00:00,parcel_4,rice,risk,normal,62.25,44.05,5.79,902.85,26.56,
2026-05-29 00:35:10+00:00,parcel_5,sugar_cane,normal,normal,67.88,44.05,5.79,901.94,25.72,14.85
2026-05-29 00:35:10+00:00,parcel_6,sugar_cane,normal,normal,79.8,44.05,5.79,749.56,24.6,8.17
2026-05-29 00:35:10+00:00,parcel_7,sugar_cane,risk,normal,69.36,44.05,5.79,593.49,22.25,10.01
2026-05-29 00:35:10+00:00,parcel_8,sugar_cane,risk,normal,82.01,44.05,5.79,912.73,20.57,19.86
2026-05-29 00:36:10+00:00,parcel_1,rice,normal,normal,82.43,44.05,5.79,541.09,25.62,
2026-05-29 00:36:10+00:00,parcel_2,rice,normal,normal,81.7,44.05,5.79,638.59,22.82,
2026-05-29 00:36:10+00:00,parcel_3,rice,risk,normal,87.04,44.05,5.79,701.52,25.31,
2026-05-29 00:36:10+00:00,parcel_4,rice,risk,normal,77.16,44.05,5.79,494.38,21.09,
2026-05-29 00:36:10+00:00,parcel_5,sugar_cane,normal,normal,79.8,44.05,5.79,746.47,26.49,6.83
2026-05-29 00:36:10+00:00,parcel_6,sugar_cane,normal,storm,25.42,44.05,5.79,237.37,28.6,24.14
2026-05-29 00:36:10+00:00,parcel_7,sugar_cane,risk,normal,85.06,44.05,5.79,747.6,25.67,4.86
2026-05-29 00:36:10+00:00,parcel_8,sugar_cane,risk,normal,87.68,44.05,5.79,489.27,23.86,4.27
2026-05-29 00:37:10+00:00,parcel_1,rice,normal,normal,82.89,44.05,5.79,372.33,21.34,
2026-05-29 00:37:10+00:00,parcel_2,rice,normal,storm,60.15,44.05,5.79,206.9,31.38,
2026-05-29 00:37:10+00:00,parcel_3,rice,risk,normal,87.65,44.05,5.79,987.03,23.69,
2026-05-29 00:37:10+00:00,parcel_4,rice,risk,storm,57.94,44.05,5.79,136.22,27.14,
2026-05-29 00:37:10+00:00,parcel_5,sugar_cane,normal,normal,61.33,44.05,5.79,736.69,25.91,6.59
2026-05-29 00:37:10+00:00,parcel_6,sugar_cane,normal,storm,86.58,44.05,5.79,165.19,24.75,21.48
2026-05-29 00:37:10+00:00,parcel_7,sugar_cane,risk,normal,68.45,44.05,5.79,593.42,26.25,18.87
2026-05-29 00:37:10+00:00,parcel_8,sugar_cane,risk,normal,65.84,44.05,5.79,956.06,20.39,11.4
2026-05-29 00:38:10+00:00,parcel_1,rice,normal,normal,79.28,44.05,5.79,762.74,20.06,
2026-05-29 00:38:10+00:00,parcel_2,rice,normal,storm,38.74,44.05,5.79,240.85,15.13,
2026-05-29 00:38:10+00:00,parcel_3,rice,risk,storm,64.63,44.05,5.79,118.95,15.13,
2026-05-29 00:38:10+00:00,parcel_4,rice,risk,normal,67.26,44.05,5.79,556.88,26.64,
2026-05-29 00:38:10+00:00,parcel_5,sugar_cane,normal,normal,72.08,44.05,5.79,937.31,25.87,18.27
2026-05-29 00:38:10+00:00,parcel_6,sugar_cane,normal,normal,60.8,44.05,5.79,720.92,21.52,4.55
2026-05-29 00:38:10+00:00,parcel_7,sugar_cane,risk,normal,74.7,44.05,5.79,349.36,20.92,2.54
2026-05-29 00:38:10+00:00,parcel_8,sugar_cane,risk,storm,62.58,44.05,5.79,133.13,24.63,25.21
2026-05-29 00:39:10+00:00,parcel_1,rice,normal,normal,76.52,44.05,5.79,711.18,23.93,
2026-05-29 00:39:10+00:00,parcel_2,rice,normal,normal,66.21,44.05,5.79,539.45,20.52,
2026-05-29 00:39:10+00:00,parcel_3,rice,risk,storm,36.72,44.05,5.79,237.51,16.76,
2026-05-29 00:39:10+00:00,parcel_4,rice,risk,normal,74.83,44.05,5.79,413.75,26.18,
2026-05-29 00:39:10+00:00,parcel_5,sugar_cane,normal,normal,67.24,44.05,5.79,534.06,24.97,7.07
2026-05-29 00:39:10+00:00,parcel_6,sugar_cane,normal,normal,78.86,44.05,5.79,506.31,30.0,5.14
2026-05-29 00:39:10+00:00,parcel_7,sugar_cane,risk,normal,82.25,44.05,5.79,781.32,23.91,14.12
2026-05-29 00:39:10+00:00,parcel_8,sugar_cane,risk,normal,85.62,44.05,5.79,987.34,22.36,19.09
2026-05-29 00:40:10+00:00,parcel_1,rice,normal,normal,83.95,44.05,5.79,966.03,21.48,
2026-05-29 00:40:10+00:00,parcel_2,rice,normal,normal,60.24,44.05,5.79,328.56,23.11,
2026-05-29 00:40:10+00:00,parcel_3,rice,risk,normal,75.34,44.05,5.79,733.25,26.67,
2026-05-29 00:40:10+00:00,parcel_4,rice,risk,storm,23.04,44.05,5.79,144.38,34.0,
2026-05-29 00:40:10+00:00,parcel_5,sugar_cane,normal,normal,76.82,44.05,5.79,300.82,24.47,4.19
2026-05-29 00:40:10+00:00,parcel_6,sugar_cane,normal,normal,70.11,44.05,5.79,934.06,28.35,6.36
2026-05-29 00:40:10+00:00,parcel_7,sugar_cane,risk,storm,48.08,44.05,5.79,122.99,24.39,35.39
2026-05-29 00:40:10+00:00,parcel_8,sugar_cane,risk,normal,82.19,44.05,5.79,998.58,22.97,4.42
2026-05-29 00:41:10+00:00,parcel_1,rice,normal,normal,76.61,44.05,5.79,593.63,26.78,
2026-05-29 00:41:10+00:00,parcel_2,rice,normal,normal,78.89,44.05,5.79,432.84,25.21,
2026-05-29 00:41:10+00:00,parcel_3,rice,risk,normal,78.63,44.05,5.79,692.91,25.4,
2026-05-29 00:41:10+00:00,parcel_4,rice,risk,normal,74.59,44.05,5.79,573.02,25.41,
2026-05-29 00:41:10+00:00,parcel_5,sugar_cane,normal,normal,80.31,44.05,5.79,884.73,28.02,10.54
2026-05-29 00:41:10+00:00,parcel_6,sugar_cane,normal,normal,90.0,44.05,5.79,515.34,29.13,12.66
2026-05-29 00:41:10+00:00,parcel_7,sugar_cane,risk,normal,90.0,44.05,5.79,818.23,23.55,19.19
2026-05-29 00:41:10+00:00,parcel_8,sugar_cane,risk,normal,71.54,44.05,5.79,670.67,27.62,11.82
2026-05-29 00:42:10+00:00,parcel_1,rice,normal,normal,78.51,44.05,5.79,474.02,29.59,
2026-05-29 00:42:10+00:00,parcel_2,rice,normal,normal,77.52,44.05,5.79,855.91,21.94,
2026-05-29 00:42:10+00:00,parcel_3,rice,risk,storm,63.57,44.05,5.79,170.86,17.27,
2026-05-29 00:42:10+00:00,parcel_4,rice,risk,normal,87.69,44.05,5.79,520.91,22.59,
2026-05-29 00:42:10+00:00,parcel_5,sugar_cane,normal,normal,60.0,44.05,5.79,460.01,25.86,18.59
2026-05-29 00:42:10+00:00,parcel_6,sugar_cane,normal,normal,74.56,44.05,5.79,327.64,25.77,2.24
2026-05-29 00:42:10+00:00,parcel_7,sugar_cane,risk,normal,69.41,44.05,5.79,398.2,22.91,10.27
2026-05-29 00:42:10+00:00,parcel_8,sugar_cane,risk,normal,76.11,44.05,5.79,771.02,27.21,17.39
2026-05-29 00:43:10+00:00,parcel_1,rice,normal,normal,65.74,44.05,5.79,931.32,22.98,
2026-05-29 00:43:10+00:00,parcel_2,rice,normal,normal,77.79,44.05,5.79,356.39,22.74,
2026-05-29 00:43:10+00:00,parcel_3,rice,risk,normal,77.16,44.05,5.79,373.2,25.81,
2026-05-29 00:43:10+00:00,parcel_4,rice,risk,normal,78.68,44.05,5.79,866.03,27.75,
2026-05-29 00:43:10+00:00,parcel_5,sugar_cane,normal,normal,85.12,44.05,5.79,801.2,24.41,2.29
2026-05-29 00:43:10+00:00,parcel_6,sugar_cane,normal,normal,63.34,44.05,5.79,698.72,22.69,5.44
2026-05-29 00:43:10+00:00,parcel_7,sugar_cane,risk,normal,61.89,44.05,5.79,780.69,20.82,2.82
2026-05-29 00:43:10+00:00,parcel_8,sugar_cane,risk,normal,66.99,44.05,5.79,395.19,23.04,18.05
2026-05-29 00:44:10+00:00,parcel_1,rice,normal,normal,60.51,44.05,5.79,427.83,29.41,
2026-05-29 00:44:10+00:00,parcel_2,rice,normal,normal,84.1,44.05,5.79,781.26,26.62,
2026-05-29 00:44:10+00:00,parcel_3,rice,risk,normal,81.05,44.05,5.79,982.16,21.99,
2026-05-29 00:44:10+00:00,parcel_4,rice,risk,storm,81.68,44.05,5.79,170.84,28.79,
2026-05-29 00:44:10+00:00,parcel_5,sugar_cane,normal,normal,63.97,44.05,5.79,584.29,28.02,10.64
2026-05-29 00:44:10+00:00,parcel_6,sugar_cane,normal,normal,61.01,44.05,5.79,877.52,23.68,13.13
2026-05-29 00:44:10+00:00,parcel_7,sugar_cane,risk,normal,72.49,44.05,5.79,548.75,29.6,18.15
2026-05-29 00:44:10+00:00,parcel_8,sugar_cane,risk,storm,40.39,44.05,5.79,176.6,13.94,30.81
2026-05-29 00:45:10+00:00,parcel_1,rice,normal,normal,75.85,44.05,5.79,791.77,28.95,
2026-05-29 00:45:10+00:00,parcel_2,rice,normal,normal,60.0,44.05,5.79,671.08,21.78,
2026-05-29 00:45:10+00:00,parcel_3,rice,risk,normal,71.69,44.05,5.79,576.64,29.25,
2026-05-29 00:45:10+00:00,parcel_4,rice,risk,storm,82.51,44.05,5.79,148.77,34.92,
2026-05-29 00:45:10+00:00,parcel_5,sugar_cane,normal,normal,79.55,44.05,5.79,792.1,21.57,19.0
2026-05-29 00:45:10+00:00,parcel_6,sugar_cane,normal,normal,65.31,44.05,5.79,870.97,25.08,15.8
2026-05-29 00:45:10+00:00,parcel_7,sugar_cane,risk,storm,77.01,44.05,5.79,150.03,29.81,33.51
2026-05-29 00:45:10+00:00,parcel_8,sugar_cane,risk,normal,89.29,44.05,5.79,665.76,23.31,1.89
2026-05-29 00:46:10+00:00,parcel_1,rice,normal,normal,77.16,44.05,5.79,854.22,25.81,
2026-05-29 00:46:10+00:00,parcel_2,rice,normal,storm,71.6,44.05,5.79,103.06,25.12,
2026-05-29 00:46:10+00:00,parcel_3,rice,risk,storm,24.98,44.05,5.79,198.25,32.28,
2026-05-29 00:46:10+00:00,parcel_4,rice,risk,normal,69.12,44.05,5.79,979.48,24.37,
2026-05-29 00:46:10+00:00,parcel_5,sugar_cane,normal,normal,60.86,44.05,5.79,616.18,29.77,18.02
2026-05-29 00:46:10+00:00,parcel_6,sugar_cane,normal,normal,76.24,44.05,5.79,396.41,21.63,16.3
2026-05-29 00:46:10+00:00,parcel_7,sugar_cane,risk,storm,74.39,44.05,5.79,205.85,22.26,29.0
2026-05-29 00:46:10+00:00,parcel_8,sugar_cane,risk,normal,68.2,44.05,5.79,341.99,25.22,1.34
2026-05-29 00:47:10+00:00,parcel_1,rice,normal,normal,73.27,44.05,5.79,504.66,22.91,
2026-05-29 00:47:10+00:00,parcel_2,rice,normal,normal,85.41,44.05,5.79,435.17,22.25,
2026-05-29 00:47:10+00:00,parcel_3,rice,risk,normal,84.29,44.05,5.79,876.95,23.9,
2026-05-29 00:47:10+00:00,parcel_4,rice,risk,normal,73.48,44.05,5.79,726.88,20.73,
2026-05-29 00:47:10+00:00,parcel_5,sugar_cane,normal,normal,82.27,44.05,5.79,666.75,28.18,17.41
2026-05-29 00:47:10+00:00,parcel_6,sugar_cane,normal,normal,64.1,44.05,5.79,621.02,23.41,6.07
2026-05-29 00:47:10+00:00,parcel_7,sugar_cane,risk,storm,20.68,44.05,5.79,228.92,21.25,22.86
2026-05-29 00:47:10+00:00,parcel_8,sugar_cane,risk,storm,50.42,44.05,5.79,105.49,38.6,35.21
2026-05-29 00:48:10+00:00,parcel_1,rice,normal,normal,66.69,44.05,5.79,309.37,26.27,
2026-05-29 00:48:10+00:00,parcel_2,rice,normal,normal,83.99,44.05,5.79,629.29,28.56,
2026-05-29 00:48:10+00:00,parcel_3,rice,risk,normal,88.88,44.05,5.79,445.05,21.76,
2026-05-29 00:48:10+00:00,parcel_4,rice,risk,normal,82.14,44.05,5.79,871.36,22.86,
2026-05-29 00:48:10+00:00,parcel_5,sugar_cane,normal,normal,72.93,44.05,5.79,964.28,28.2,6.75
2026-05-29 00:48:10+00:00,parcel_6,sugar_cane,normal,normal,64.82,44.05,5.79,328.45,25.82,3.99
2026-05-29 00:48:10+00:00,parcel_7,sugar_cane,risk,storm,89.89,44.05,5.79,197.08,11.06,42.09
2026-05-29 00:48:10+00:00,parcel_8,sugar_cane,risk,storm,34.94,44.05,5.79,244.04,30.46,29.41
2026-05-29 00:49:10+00:00,parcel_1,rice,normal,normal,60.52,44.05,5.79,370.64,27.07,
2026-05-29 00:49:10+00:00,parcel_2,rice,normal,normal,79.96,44.05,5.79,714.54,20.75,
2026-05-29 00:49:10+00:00,parcel_3,rice,risk,normal,85.35,44.05,5.79,789.92,25.86,
2026-05-29 00:49:10+00:00,parcel_4,rice,risk,storm,40.76,44.05,5.79,129.41,31.46,
2026-05-29 00:49:10+00:00,parcel_5,sugar_cane,normal,normal,65.59,44.05,5.79,523.7,23.97,9.93
2026-05-29 00:49:10+00:00,parcel_6,sugar_cane,normal,normal,66.99,44.05,5.79,608.98,20.09,19.45
2026-05-29 00:49:10+00:00,parcel_7,sugar_cane,risk,normal,82.07,44.05,5.79,781.58,21.74,1.37
2026-05-29 00:49:10+00:00,parcel_8,sugar_cane,risk,normal,72.57,44.05,5.79,480.23,23.76,4.26
2026-05-29 00:50:10+00:00,parcel_1,rice,normal,normal,81.68,44.05,5.79,701.47,23.71,
2026-05-29 00:50:10+00:00,parcel_2,rice,normal,normal,90.0,44.05,5.79,804.12,28.2,
2026-05-29 00:50:10+00:00,parcel_3,rice,risk,storm,47.89,44.05,5.79,193.57,26.92,
2026-05-29 00:50:10+00:00,parcel_4,rice,risk,storm,31.51,44.05,5.79,229.17,31.69,
2026-05-29 00:50:10+00:00,parcel_5,sugar_cane,normal,normal,79.94,44.05,5.79,754.01,27.29,8.77
2026-05-29 00:50:10+00:00,parcel_6,sugar_cane,normal,normal,63.85,44.05,5.79,685.65,26.41,18.75
2026-05-29 00:50:10+00:00,parcel_7,sugar_cane,risk,storm,58.09,44.05,5.79,218.03,22.17,44.39
2026-05-29 00:50:10+00:00,parcel_8,sugar_cane,risk,normal,84.3,44.05,5.79,783.34,29.29,16.6
2026-05-29 00:51:10+00:00,parcel_1,rice,normal,normal,89.91,44.05,5.79,947.89,28.21,
2026-05-29 00:51:10+00:00,parcel_2,rice,normal,normal,89.66,44.05,5.79,635.85,26.49,
2026-05-29 00:51:10+00:00,parcel_3,rice,risk,normal,63.95,44.05,5.79,645.63,21.79,
2026-05-29 00:51:10+00:00,parcel_4,rice,risk,normal,77.77,44.05,5.79,566.55,21.37,
2026-05-29 00:51:10+00:00,parcel_5,sugar_cane,normal,normal,68.0,44.05,5.79,436.37,24.49,0.57
2026-05-29 00:51:10+00:00,parcel_6,sugar_cane,normal,normal,67.41,44.05,5.79,665.01,27.7,7.22
2026-05-29 00:51:10+00:00,parcel_7,sugar_cane,risk,normal,71.32,44.05,5.79,778.18,23.41,13.39
2026-05-29 00:51:10+00:00,parcel_8,sugar_cane,risk,storm,87.76,44.05,5.79,236.97,17.87,43.14
2026-05-29 00:52:10+00:00,parcel_1,rice,normal,normal,90.0,44.05,5.79,733.13,28.87,
2026-05-29 00:52:10+00:00,parcel_2,rice,normal,normal,85.13,44.05,5.79,660.18,22.86,
2026-05-29 00:52:10+00:00,parcel_3,rice,risk,storm,66.72,44.05,5.79,205.07,36.84,
2026-05-29 00:52:10+00:00,parcel_4,rice,risk,normal,86.67,44.05,5.79,345.31,21.55,
2026-05-29 00:52:10+00:00,parcel_5,sugar_cane,normal,storm,61.96,44.05,5.79,102.23,24.75,39.74
2026-05-29 00:52:10+00:00,parcel_6,sugar_cane,normal,normal,65.12,44.05,5.79,614.55,24.45,5.16
2026-05-29 00:52:10+00:00,parcel_7,sugar_cane,risk,storm,79.19,44.05,5.79,258.85,24.37,29.35
2026-05-29 00:52:10+00:00,parcel_8,sugar_cane,risk,storm,41.14,44.05,5.79,138.5,28.02,44.94
2026-05-29 00:53:10+00:00,parcel_1,rice,normal,normal,76.34,44.05,5.79,954.14,20.0,
2026-05-29 00:53:10+00:00,parcel_2,rice,normal,normal,79.92,44.05,5.79,575.54,22.59,
2026-05-29 00:53:10+00:00,parcel_3,rice,risk,normal,67.25,44.05,5.79,940.5,24.85,
2026-05-29 00:53:10+00:00,parcel_4,rice,risk,normal,73.99,44.05,5.79,583.71,24.63,
2026-05-29 00:53:10+00:00,parcel_5,sugar_cane,normal,normal,64.2,44.05,5.79,540.26,29.18,14.37
2026-05-29 00:53:10+00:00,parcel_6,sugar_cane,normal,normal,83.48,44.05,5.79,801.12,22.1,9.27
2026-05-29 00:53:10+00:00,parcel_7,sugar_cane,risk,storm,20.95,44.05,5.79,117.04,26.91,39.1
2026-05-29 00:53:10+00:00,parcel_8,sugar_cane,risk,normal,81.23,44.05,5.79,650.69,20.0,13.03
2026-05-29 00:54:10+00:00,parcel_1,rice,normal,normal,74.12,44.05,5.79,993.56,25.98,
2026-05-29 00:54:10+00:00,parcel_2,rice,normal,normal,74.78,44.05,5.79,698.92,23.92,
2026-05-29 00:54:10+00:00,parcel_3,rice,risk,normal,65.74,44.05,5.79,475.53,28.52,
2026-05-29 00:54:10+00:00,parcel_4,rice,risk,normal,74.44,44.05,5.79,468.44,29.5,
2026-05-29 00:54:10+00:00,parcel_5,sugar_cane,normal,normal,63.31,44.05,5.79,871.31,23.96,14.51
2026-05-29 00:54:10+00:00,parcel_6,sugar_cane,normal,normal,83.75,44.05,5.79,457.4,25.8,0.09
2026-05-29 00:54:10+00:00,parcel_7,sugar_cane,risk,normal,71.14,44.05,5.79,948.46,30.0,12.51
2026-05-29 00:54:10+00:00,parcel_8,sugar_cane,risk,storm,78.58,44.05,5.79,179.84,19.98,30.63
2026-05-29 00:55:10+00:00,parcel_1,rice,normal,normal,64.64,44.05,5.79,747.87,21.15,
2026-05-29 00:55:10+00:00,parcel_2,rice,normal,normal,72.57,44.05,5.79,563.675,22.51,
2026-05-29 00:55:20+00:00,parcel_3,rice,risk,normal,60.67,44.05,5.79,547.77,22.13,
2026-05-29 00:55:20+00:00,parcel_4,rice,risk,normal,70.64,44.05,5.79,412.09,28.19,
2026-05-29 00:55:20+00:00,parcel_5,sugar_cane,normal,normal,90.0,44.05,5.79,745.73,21.61,0.96
2026-05-29 00:55:20+00:00,parcel_6,sugar_cane,normal,storm,30.91,44.05,5.79,187.48,19.82,39.46
2026-05-29 00:55:20+00:00,parcel_7,sugar_cane,risk,normal,89.24,44.05,5.79,459.96,29.4,3.69
2026-05-29 00:55:20+00:00,parcel_8,sugar_cane,risk,normal,80.79,44.05,5.79,356.05,20.0,13.84
2026-05-29 00:56:20+00:00,parcel_1,rice,normal,normal,86.91,44.05,5.79,898.52,21.11,
2026-05-29 00:56:20+00:00,parcel_2,rice,normal,normal,74.79,44.05,5.79,930.21,22.33,
2026-05-29 00:56:20+00:00,parcel_3,rice,risk,storm,30.38,44.05,5.79,244.26,34.97,
2026-05-29 00:56:20+00:00,parcel_4,rice,risk,normal,63.79,44.05,5.79,443.25,26.6,
2026-05-29 00:56:20+00:00,parcel_5,sugar_cane,normal,normal,73.32,44.05,5.79,548.79,21.58,12.41
2026-05-29 00:56:20+00:00,parcel_6,sugar_cane,normal,normal,62.17,44.05,5.79,508.46,22.26,14.38
2026-05-29 00:56:20+00:00,parcel_7,sugar_cane,risk,normal,60.0,44.05,5.79,378.8,25.51,19.28
2026-05-29 00:56:20+00:00,parcel_8,sugar_cane,risk,storm,82.43,44.05,5.79,212.51,29.92,22.69
2026-05-29 00:57:20+00:00,parcel_1,rice,normal,normal,68.16,44.05,5.79,854.15,29.74,
2026-05-29 00:57:20+00:00,parcel_2,rice,normal,normal,61.53,44.05,5.79,740.39,20.48,
2026-05-29 00:57:20+00:00,parcel_3,rice,risk,normal,71.69,44.05,5.79,697.53,27.95,
2026-05-29 00:57:20+00:00,parcel_4,rice,risk,storm,40.03,44.05,5.79,194.0,10.63,
2026-05-29 00:57:20+00:00,parcel_5,sugar_cane,normal,normal,81.55,44.05,5.79,841.26,27.69,5.41
2026-05-29 00:57:20+00:00,parcel_6,sugar_cane,normal,storm,63.54,44.05,5.79,221.11,10.98,20.86
2026-05-29 00:57:20+00:00,parcel_7,sugar_cane,risk,storm,26.11,44.05,5.79,184.74,16.21,21.2
2026-05-29 00:57:20+00:00,parcel_8,sugar_cane,risk,storm,80.3,44.05,5.79,256.09,23.18,24.08
2026-05-29 00:58:20+00:00,parcel_1,rice,normal,normal,87.65,44.05,5.79,757.62,25.51,
2026-05-29 00:58:20+00:00,parcel_2,rice,normal,normal,75.76,44.05,5.79,779.73,21.54,
2026-05-29 00:58:20+00:00,parcel_3,rice,risk,normal,67.01,44.05,5.79,770.48,21.95,
2026-05-29 00:58:20+00:00,parcel_4,rice,risk,normal,83.6,44.05,5.79,645.89,22.42,
2026-05-29 00:58:20+00:00,parcel_5,sugar_cane,normal,normal,61.64,44.05,5.79,611.72,23.56,6.6
2026-05-29 00:58:20+00:00,parcel_6,sugar_cane,normal,normal,70.09,44.05,5.79,549.97,27.75,8.58
2026-05-29 00:58:20+00:00,parcel_7,sugar_cane,risk,normal,87.3,44.05,5.79,537.12,27.85,17.68
2026-05-29 00:58:20+00:00,parcel_8,sugar_cane,risk,normal,80.64,44.05,5.79,815.92,23.72,4.05
2026-05-29 00:59:20+00:00,parcel_1,rice,normal,normal,71.82,44.05,5.79,364.32,29.05,
2026-05-29 00:59:20+00:00,parcel_2,rice,normal,normal,86.18,44.05,5.79,953.82,24.44,
2026-05-29 00:59:20+00:00,parcel_3,rice,risk,normal,65.11,44.05,5.79,359.95,27.6,
2026-05-29 00:59:20+00:00,parcel_4,rice,risk,normal,89.03,44.05,5.79,724.93,28.9,
2026-05-29 00:59:20+00:00,parcel_5,sugar_cane,normal,normal,90.0,44.05,5.79,537.85,20.46,16.24
2026-05-29 00:59:20+00:00,parcel_6,sugar_cane,normal,normal,78.9,44.05,5.79,752.64,24.5,1.36
2026-05-29 00:59:20+00:00,parcel_7,sugar_cane,risk,normal,86.61,44.05,5.79,941.08,20.2,17.82
2026-05-29 00:59:20+00:00,parcel_8,sugar_cane,risk,normal,71.02,44.05,5.79,759.12,25.75,12.64
2026-05-29 01:00:20+00:00,parcel_1,rice,normal,normal,73.71,44.05,5.79,839.92,24.88,
2026-05-29 01:00:20+00:00,parcel_2,rice,normal,normal,77.9,44.05,5.79,341.42,20.0,
2026-05-29 01:00:20+00:00,parcel_3,rice,risk,normal,82.15,44.05,5.79,518.65,27.78,
2026-05-29 01:00:20+00:00,parcel_4,rice,risk,storm,20.55,44.05,5.79,107.34,26.68,
2026-05-29 01:00:20+00:00,parcel_5,sugar_cane,normal,normal,88.32,44.05,5.79,360.94,20.79,14.14
2026-05-29 01:00:20+00:00,parcel_6,sugar_cane,normal,normal,65.41,44.05,5.79,707.16,30.0,17.35
2026-05-29 01:00:20+00:00,parcel_7,sugar_cane,risk,storm,40.49,44.05,5.79,225.5,23.65,33.12
2026-05-29 01:00:20+00:00,parcel_8,sugar_cane,risk,storm,45.22,44.05,5.79,204.94,11.31,31.96
2026-05-29 01:01:20+00:00,parcel_1,rice,normal,normal,60.0,44.05,5.79,696.21,20.41,
2026-05-29 01:01:20+00:00,parcel_2,rice,normal,normal,61.26,44.05,5.79,742.36,20.0,
2026-05-29 01:01:20+00:00,parcel_3,rice,risk,normal,70.94,44.05,5.79,881.91,28.2,
2026-05-29 01:01:20+00:00,parcel_4,rice,risk,normal,86.69,44.05,5.79,916.5,25.6,
2026-05-29 01:01:20+00:00,parcel_5,sugar_cane,normal,normal,72.65,44.05,5.79,755.53,28.75,15.77
2026-05-29 01:01:20+00:00,parcel_6,sugar_cane,normal,normal,83.27,44.05,5.79,966.49,29.26,15.27
2026-05-29 01:01:20+00:00,parcel_7,sugar_cane,risk,normal,72.78,44.05,5.79,999.17,29.37,15.43
2026-05-29 01:01:20+00:00,parcel_8,sugar_cane,risk,normal,67.05,44.05,5.79,536.99,25.5,9.19
2026-05-29 01:02:20+00:00,parcel_1,rice,normal,storm,25.62,44.05,5.79,194.62,13.55,
2026-05-29 01:02:20+00:00,parcel_2,rice,normal,normal,75.28,44.05,5.79,869.26,23.84,
2026-05-29 01:02:20+00:00,parcel_3,rice,risk,normal,90.0,44.05,5.79,543.65,21.54,
2026-05-29 01:02:20+00:00,parcel_4,rice,risk,normal,89.77,44.05,5.79,468.59,27.63,
2026-05-29 01:02:20+00:00,parcel_5,sugar_cane,normal,normal,86.01,44.05,5.79,490.71,23.44,15.31
2026-05-29 01:02:20+00:00,parcel_6,sugar_cane,normal,normal,84.84,44.05,5.79,610.17,28.3,15.09
2026-05-29 01:02:20+00:00,parcel_7,sugar_cane,risk,normal,83.48,44.05,5.79,701.9,28.05,2.34
2026-05-29 01:02:20+00:00,parcel_8,sugar_cane,risk,storm,86.06,44.05,5.79,122.35,33.57,31.84
2026-05-29 01:03:20+00:00,parcel_1,rice,normal,normal,77.35,44.05,5.79,675.54,20.65,
2026-05-29 01:03:20+00:00,parcel_2,rice,normal,normal,65.9,44.05,5.79,477.62,25.44,
2026-05-29 01:03:20+00:00,parcel_3,rice,risk,normal,83.97,44.05,5.79,353.96,22.98,
2026-05-29 01:03:20+00:00,parcel_4,rice,risk,storm,62.97,44.05,5.79,166.35,36.36,
2026-05-29 01:03:20+00:00,parcel_5,sugar_cane,normal,normal,67.93,44.05,5.79,551.31,25.27,2.91
2026-05-29 01:03:20+00:00,parcel_6,sugar_cane,normal,normal,73.44,44.05,5.79,793.33,22.96,3.42
2026-05-29 01:03:20+00:00,parcel_7,sugar_cane,risk,normal,82.94,44.05,5.79,402.27,23.55,17.95
2026-05-29 01:03:20+00:00,parcel_8,sugar_cane,risk,normal,87.65,44.05,5.79,996.81,25.51,0.75
2026-05-29 01:04:20+00:00,parcel_1,rice,normal,normal,84.54,44.05,5.79,511.43,27.14,
2026-05-29 01:04:20+00:00,parcel_2,rice,normal,normal,74.27,44.05,5.79,683.22,26.94,
2026-05-29 01:04:20+00:00,parcel_3,rice,risk,normal,80.07,44.05,5.79,937.51,23.03,
2026-05-29 01:04:20+00:00,parcel_4,rice,risk,normal,66.45,44.05,5.79,731.6,26.21,
2026-05-29 01:04:20+00:00,parcel_5,sugar_cane,normal,normal,60.0,44.05,5.79,348.99,21.01,15.37
2026-05-29 01:04:20+00:00,parcel_6,sugar_cane,normal,normal,61.82,44.05,5.79,659.82,25.6,11.34
2026-05-29 01:04:20+00:00,parcel_7,sugar_cane,risk,normal,65.71,44.05,5.79,443.71,24.81,19.05
2026-05-29 01:04:20+00:00,parcel_8,sugar_cane,risk,storm,42.51,44.05,5.79,143.29,36.73,35.4
2026-05-29 01:05:20+00:00,parcel_1,rice,normal,normal,66.94,44.05,5.79,555.43,28.32,
2026-05-29 01:05:20+00:00,parcel_2,rice,normal,normal,60.0,44.05,5.79,660.56,25.14,
2026-05-29 01:05:20+00:00,parcel_3,rice,risk,normal,64.7,44.05,5.79,353.82,30.0,
2026-05-29 01:05:20+00:00,parcel_4,rice,risk,normal,71.08,44.05,5.79,560.0,28.88,
2026-05-29 01:05:20+00:00,parcel_5,sugar_cane,normal,storm,44.09,44.05,5.79,124.55,18.86,39.15
2026-05-29 01:05:20+00:00,parcel_6,sugar_cane,normal,normal,60.0,44.05,5.79,626.57,20.0,5.26
2026-05-29 01:05:20+00:00,parcel_7,sugar_cane,risk,normal,90.0,44.05,5.79,872.75,27.84,0.24
2026-05-29 01:05:20+00:00,parcel_8,sugar_cane,risk,normal,72.59,44.05,5.79,555.48,25.32,0.58
2026-05-29 01:06:20+00:00,parcel_1,rice,normal,normal,88.2,44.05,5.79,504.48,24.85,
2026-05-29 01:06:20+00:00,parcel_2,rice,normal,normal,68.92,44.05,5.79,991.15,23.84,
2026-05-29 01:06:20+00:00,parcel_3,rice,risk,normal,87.76,44.05,5.79,549.05,26.15,
2026-05-29 01:06:20+00:00,parcel_4,rice,risk,normal,81.05,44.05,5.79,791.66,28.43,
2026-05-29 01:06:20+00:00,parcel_5,sugar_cane,normal,normal,60.0,44.05,5.79,917.34,22.3,10.0
2026-05-29 01:06:20+00:00,parcel_6,sugar_cane,normal,normal,78.27,44.05,5.79,783.69,30.0,2.46
2026-05-29 01:06:20+00:00,parcel_7,sugar_cane,risk,storm,22.79,44.05,5.79,171.93,32.63,35.21
2026-05-29 01:06:20+00:00,parcel_8,sugar_cane,risk,storm,57.62,44.05,5.79,119.23,10.86,31.45
2026-05-29 01:07:20+00:00,parcel_1,rice,normal,normal,75.22,44.05,5.79,763.51,20.0,
2026-05-29 01:07:20+00:00,parcel_2,rice,normal,normal,77.53,44.05,5.79,979.67,23.27,
2026-05-29 01:07:20+00:00,parcel_3,rice,risk,normal,63.1,44.05,5.79,478.97,22.53,
2026-05-29 01:07:20+00:00,parcel_4,rice,risk,normal,86.02,44.05,5.79,563.47,29.61,
2026-05-29 01:07:20+00:00,parcel_5,sugar_cane,normal,normal,78.56,44.05,5.79,682.84,20.11,9.26
2026-05-29 01:07:20+00:00,parcel_6,sugar_cane,normal,normal,63.23,44.05,5.79,404.05,30.0,14.3
2026-05-29 01:07:20+00:00,parcel_7,sugar_cane,risk,normal,68.51,44.05,5.79,450.9,27.3,2.91
2026-05-29 01:07:20+00:00,parcel_8,sugar_cane,risk,normal,60.0,44.05,5.79,843.49,23.76,1.3
2026-05-29 01:08:20+00:00,parcel_1,rice,normal,normal,77.13,44.05,5.79,536.79,21.17,
2026-05-29 01:08:20+00:00,parcel_2,rice,normal,normal,83.85,44.05,5.79,332.95,24.4,
2026-05-29 01:08:20+00:00,parcel_3,rice,risk,normal,82.41,44.05,5.79,862.74,30.0,
2026-05-29 01:08:20+00:00,parcel_4,rice,risk,normal,68.23,44.05,5.79,661.15,24.81,
2026-05-29 01:08:20+00:00,parcel_5,sugar_cane,normal,normal,78.66,44.05,5.79,310.14,23.04,6.51
2026-05-29 01:08:20+00:00,parcel_6,sugar_cane,normal,normal,77.8,44.05,5.79,420.15,21.31,11.74
2026-05-29 01:08:20+00:00,parcel_7,sugar_cane,risk,normal,62.17,44.05,5.79,739.94,22.26,13.74
2026-05-29 01:08:20+00:00,parcel_8,sugar_cane,risk,normal,60.0,44.05,5.79,409.67,27.9,0.76
2026-05-29 01:09:20+00:00,parcel_1,rice,normal,normal,90.0,44.05,5.79,935.98,21.61,
2026-05-29 01:09:20+00:00,parcel_2,rice,normal,normal,66.05,44.05,5.79,851.55,26.69,
2026-05-29 01:09:20+00:00,parcel_3,rice,risk,normal,90.0,44.05,5.79,695.31,24.74,
2026-05-29 01:09:20+00:00,parcel_4,rice,risk,normal,86.23,44.05,5.79,776.94,21.79,
2026-05-29 01:09:20+00:00,parcel_5,sugar_cane,normal,normal,70.2,44.05,5.79,431.59,24.03,1.65
2026-05-29 01:09:20+00:00,parcel_6,sugar_cane,normal,normal,65.19,44.05,5.79,455.01,20.76,2.22
2026-05-29 01:09:20+00:00,parcel_7,sugar_cane,risk,storm,39.89,44.05,5.79,132.14,38.79,43.8
2026-05-29 01:09:20+00:00,parcel_8,sugar_cane,risk,normal,84.35,44.05,5.79,912.24,23.77,3.82
2026-05-29 01:10:20+00:00,parcel_1,rice,normal,normal,68.23,44.05,5.79,383.16,22.06,
2026-05-29 01:10:20+00:00,parcel_2,rice,normal,storm,84.17,44.05,5.79,111.89,13.37,
2026-05-29 01:10:20+00:00,parcel_3,rice,risk,normal,64.92,44.05,5.79,720.06,28.16,
2026-05-29 01:10:20+00:00,parcel_4,rice,risk,normal,69.41,44.05,5.79,533.41,21.65,
2026-05-29 01:10:20+00:00,parcel_5,sugar_cane,normal,normal,75.27,44.05,5.79,469.86,22.85,8.65
2026-05-29 01:10:20+00:00,parcel_6,sugar_cane,normal,normal,72.3,44.05,5.79,490.44,27.93,19.09
2026-05-29 01:10:20+00:00,parcel_7,sugar_cane,risk,normal,87.02,44.05,5.79,661.11,20.39,2.55
2026-05-29 01:10:20+00:00,parcel_8,sugar_cane,risk,normal,87.3,44.05,5.79,926.04,27.6,19.34
2026-05-29 01:11:20+00:00,parcel_1,rice,normal,normal,78.17,44.05,5.79,796.19,24.4,
2026-05-29 01:11:20+00:00,parcel_2,rice,normal,normal,61.53,44.05,5.79,780.32,27.45,
2026-05-29 01:11:20+00:00,parcel_3,rice,risk,storm,34.83,44.05,5.79,131.83,28.95,
2026-05-29 01:11:20+00:00,parcel_4,rice,risk,normal,64.82,44.05,5.79,419.25,21.68,
2026-05-29 01:11:20+00:00,parcel_5,sugar_cane,normal,normal,75.55,44.05,5.79,604.37,21.84,13.89
2026-05-29 01:11:20+00:00,parcel_6,sugar_cane,normal,normal,60.06,44.05,5.79,788.42,24.98,15.67
2026-05-29 01:11:20+00:00,parcel_7,sugar_cane,risk,storm,33.84,44.05,5.79,163.42,33.37,43.0
2026-05-29 01:11:20+00:00,parcel_8,sugar_cane,risk,normal,66.94,44.05,5.79,379.77,23.41,13.86
2026-05-29 01:12:20+00:00,parcel_1,rice,normal,normal,85.55,44.05,5.79,382.7,22.75,
2026-05-29 01:12:20+00:00,parcel_2,rice,normal,normal,79.27,44.05,5.79,413.51,22.47,
2026-05-29 01:12:20+00:00,parcel_3,rice,risk,normal,65.65,44.05,5.79,607.44,28.57,
2026-05-29 01:12:20+00:00,parcel_4,rice,risk,normal,60.0,44.05,5.79,830.99,21.38,
2026-05-29 01:12:20+00:00,parcel_5,sugar_cane,normal,normal,71.51,44.05,5.79,831.37,24.16,15.5
2026-05-29 01:12:20+00:00,parcel_6,sugar_cane,normal,normal,83.85,44.05,5.79,718.96,27.91,3.31
2026-05-29 01:12:20+00:00,parcel_7,sugar_cane,risk,storm,72.77,44.05,5.79,256.48,17.81,25.19
2026-05-29 01:12:20+00:00,parcel_8,sugar_cane,risk,storm,24.52,44.05,5.79,203.25,25.07,24.27
2026-05-29 01:13:20+00:00,parcel_1,rice,normal,normal,88.7,44.05,5.79,424.77,25.28,
2026-05-29 01:13:20+00:00,parcel_2,rice,normal,normal,89.92,44.05,5.79,765.1,21.04,
2026-05-29 01:13:20+00:00,parcel_3,rice,risk,normal,74.59,44.05,5.79,360.06,25.41,
2026-05-29 01:13:20+00:00,parcel_4,rice,risk,normal,64.94,44.05,5.79,948.8,21.11,
2026-05-29 01:13:20+00:00,parcel_5,sugar_cane,normal,normal,60.0,44.05,5.79,583.63,26.64,4.14
2026-05-29 01:13:20+00:00,parcel_6,sugar_cane,normal,normal,90.0,44.05,5.79,461.65,25.91,13.15
2026-05-29 01:13:20+00:00,parcel_7,sugar_cane,risk,normal,67.6,44.05,5.79,461.17,24.66,3.91
2026-05-29 01:13:20+00:00,parcel_8,sugar_cane,risk,normal,75.49,44.05,5.79,407.98,24.06,7.8
2026-05-29 01:14:20+00:00,parcel_1,rice,normal,storm,55.07,44.05,5.79,239.92,14.46,
2026-05-29 01:14:20+00:00,parcel_2,rice,normal,normal,69.29,44.05,5.79,950.53,28.14,
2026-05-29 01:14:20+00:00,parcel_3,rice,risk,storm,26.79,44.05,5.79,258.13,34.24,
2026-05-29 01:14:20+00:00,parcel_4,rice,risk,normal,74.76,44.05,5.79,310.0,22.02,
2026-05-29 01:14:20+00:00,parcel_5,sugar_cane,normal,normal,85.76,44.05,5.79,850.2,22.12,3.29
2026-05-29 01:14:20+00:00,parcel_6,sugar_cane,normal,normal,85.17,44.05,5.79,588.32,21.51,8.2
2026-05-29 01:14:20+00:00,parcel_7,sugar_cane,risk,storm,88.03,44.05,5.79,241.72,28.4,34.04
2026-05-29 01:14:20+00:00,parcel_8,sugar_cane,risk,normal,84.06,44.05,5.79,480.74,24.9,14.54
2026-05-29 01:15:20+00:00,parcel_1,rice,normal,normal,82.18,44.05,5.79,758.65,29.22,
2026-05-29 01:15:20+00:00,parcel_2,rice,normal,normal,72.09,44.05,5.79,972.15,22.64,
2026-05-29 01:15:20+00:00,parcel_3,rice,risk,normal,81.29,44.05,5.79,311.14,21.7,
2026-05-29 01:15:20+00:00,parcel_4,rice,risk,normal,84.01,44.05,5.79,728.77,25.85,
2026-05-29 01:15:20+00:00,parcel_5,sugar_cane,normal,normal,88.27,44.05,5.79,345.58,26.48,16.1
2026-05-29 01:15:20+00:00,parcel_6,sugar_cane,normal,normal,75.66,44.05,5.79,803.21,23.36,9.48
2026-05-29 01:15:20+00:00,parcel_7,sugar_cane,risk,normal,80.89,44.05,5.79,723.34,26.58,1.56
2026-05-29 01:15:20+00:00,parcel_8,sugar_cane,risk,normal,85.18,44.05,5.79,669.68,24.53,18.44
2026-05-29 01:16:20+00:00,parcel_1,rice,normal,normal,77.29,44.05,5.79,380.52,29.86,
2026-05-29 01:16:20+00:00,parcel_2,rice,normal,normal,87.06,44.05,5.79,876.34,27.1,
2026-05-29 01:16:20+00:00,parcel_3,rice,risk,normal,83.87,44.05,5.79,708.26,25.52,
2026-05-29 01:16:20+00:00,parcel_4,rice,risk,normal,73.99,44.05,5.79,340.7,21.75,
2026-05-29 01:16:20+00:00,parcel_5,sugar_cane,normal,normal,69.12,44.05,5.79,351.44,24.37,11.13
2026-05-29 01:16:20+00:00,parcel_6,sugar_cane,normal,normal,60.0,44.05,5.79,508.02,29.12,7.67
2026-05-29 01:16:20+00:00,parcel_7,sugar_cane,risk,storm,23.52,44.05,5.79,250.42,28.26,44.19
2026-05-29 01:16:20+00:00,parcel_8,sugar_cane,risk,normal,68.02,44.05,5.79,606.96,30.0,4.93
2026-05-29 01:17:20+00:00,parcel_1,rice,normal,normal,79.24,44.05,5.79,534.46,25.76,
2026-05-29 01:17:20+00:00,parcel_2,rice,normal,storm,56.61,44.05,5.79,128.99,28.62,
2026-05-29 01:17:20+00:00,parcel_3,rice,risk,normal,70.18,44.05,5.79,438.37,28.22,
2026-05-29 01:17:20+00:00,parcel_4,rice,risk,normal,65.04,44.05,5.79,314.68,21.35,
2026-05-29 01:17:20+00:00,parcel_5,sugar_cane,normal,normal,82.89,44.05,5.79,997.41,20.11,1.19
2026-05-29 01:17:20+00:00,parcel_6,sugar_cane,normal,normal,62.04,44.05,5.79,776.73,20.73,12.54
2026-05-29 01:17:20+00:00,parcel_7,sugar_cane,risk,normal,69.21,44.05,5.79,924.78,20.0,5.14
2026-05-29 01:17:20+00:00,parcel_8,sugar_cane,risk,normal,86.94,44.05,5.79,575.38,25.71,11.85
2026-05-29 01:18:20+00:00,parcel_1,rice,normal,storm,64.21,44.05,5.79,162.5,15.54,
2026-05-29 01:18:20+00:00,parcel_2,rice,normal,normal,68.0,44.05,5.79,940.0,27.63,
2026-05-29 01:18:20+00:00,parcel_3,rice,risk,storm,55.23,44.05,5.79,250.11,38.06,
2026-05-29 01:18:20+00:00,parcel_4,rice,risk,normal,85.13,44.05,5.79,500.17,24.58,
2026-05-29 01:18:20+00:00,parcel_5,sugar_cane,normal,normal,79.82,44.05,5.79,531.68,30.0,9.91
2026-05-29 01:18:20+00:00,parcel_6,sugar_cane,normal,normal,82.43,44.05,5.79,339.88,25.62,4.6
2026-05-29 01:18:20+00:00,parcel_7,sugar_cane,risk,storm,85.81,44.05,5.79,245.9,14.44,28.33
2026-05-29 01:18:20+00:00,parcel_8,sugar_cane,risk,storm,47.86,44.05,5.79,178.38,16.45,27.71
2026-05-29 01:19:20+00:00,parcel_1,rice,normal,normal,89.93,44.05,5.79,880.05,26.39,
2026-05-29 01:19:20+00:00,parcel_2,rice,normal,normal,66.65,44.05,5.79,332.06,28.26,
2026-05-29 01:19:20+00:00,parcel_3,rice,risk,normal,60.0,44.05,5.79,466.21,26.14,
2026-05-29 01:19:20+00:00,parcel_4,rice,risk,normal,84.99,44.05,5.79,853.01,24.45,
2026-05-29 01:19:20+00:00,parcel_5,sugar_cane,normal,storm,46.55,44.05,5.79,179.48,23.63,21.85
2026-05-29 01:19:20+00:00,parcel_6,sugar_cane,normal,normal,82.58,44.05,5.79,874.29,27.02,11.04
2026-05-29 01:19:20+00:00,parcel_7,sugar_cane,risk,storm,26.32,44.05,5.79,148.17,28.45,36.61
2026-05-29 01:19:20+00:00,parcel_8,sugar_cane,risk,normal,73.56,44.05,5.79,976.63,26.25,16.51
2026-05-29 01:20:20+00:00,parcel_1,rice,normal,normal,77.88,44.05,5.79,959.99,21.92,
2026-05-29 01:20:20+00:00,parcel_2,rice,normal,normal,60.0,44.05,5.79,868.04,24.76,
2026-05-29 01:20:20+00:00,parcel_3,rice,risk,normal,63.43,44.05,5.79,581.29,22.4,
2026-05-29 01:20:20+00:00,parcel_4,rice,risk,normal,63.73,44.05,5.79,654.73,25.89,
2026-05-29 01:20:20+00:00,parcel_5,sugar_cane,normal,normal,73.33,44.05,5.79,478.65,27.2,13.66
2026-05-29 01:20:20+00:00,parcel_6,sugar_cane,normal,normal,75.85,44.05,5.79,702.51,26.94,17.67
2026-05-29 01:20:20+00:00,parcel_7,sugar_cane,risk,normal,63.53,44.05,5.79,304.46,26.67,12.86
2026-05-29 01:20:20+00:00,parcel_8,sugar_cane,risk,storm,67.47,44.05,5.79,193.81,35.35,34.18
2026-05-29 01:21:20+00:00,parcel_1,rice,normal,normal,70.27,44.05,5.79,486.0,26.17,
2026-05-29 01:21:20+00:00,parcel_2,rice,normal,normal,73.09,44.05,5.79,730.73,29.39,
2026-05-29 01:21:20+00:00,parcel_3,rice,risk,normal,78.19,44.05,5.79,518.28,25.64,
2026-05-29 01:21:20+00:00,parcel_4,rice,risk,normal,71.46,44.05,5.79,567.27,24.04,
2026-05-29 01:21:20+00:00,parcel_5,sugar_cane,normal,normal,84.3,44.05,5.79,452.22,22.72,5.89
2026-05-29 01:21:20+00:00,parcel_6,sugar_cane,normal,normal,79.61,44.05,5.79,454.73,21.03,6.96
2026-05-29 01:21:20+00:00,parcel_7,sugar_cane,risk,storm,66.23,44.05,5.79,106.87,14.59,43.73
2026-05-29 01:21:20+00:00,parcel_8,sugar_cane,risk,normal,76.14,44.05,5.79,895.26,20.77,17.1
2026-05-29 01:22:30+00:00,parcel_1,rice,normal,normal,66.6,44.05,5.79,805.77,21.18,
2026-05-29 01:22:30+00:00,parcel_2,rice,normal,normal,62.73,44.05,5.79,430.32,29.77,
2026-05-29 01:22:30+00:00,parcel_3,rice,risk,normal,67.18,44.05,5.79,497.97,24.86,
2026-05-29 01:22:30+00:00,parcel_4,rice,risk,normal,86.84,44.05,5.79,499.11,25.93,
2026-05-29 01:22:30+00:00,parcel_5,sugar_cane,normal,storm,51.76,44.05,5.79,146.91,22.87,26.98
2026-05-29 01:22:30+00:00,parcel_6,sugar_cane,normal,normal,80.47,44.05,5.79,385.18,22.32,15.06
2026-05-29 01:22:30+00:00,parcel_7,sugar_cane,risk,normal,63.85,44.05,5.79,337.87,25.78,5.61
2026-05-29 01:22:30+00:00,parcel_8,sugar_cane,risk,storm,43.32,44.05,5.79,108.33,10.8,42.92
2026-05-29 01:23:30+00:00,parcel_1,rice,normal,normal,83.79,44.05,5.79,794.99,28.31,
2026-05-29 01:23:30+00:00,parcel_2,rice,normal,normal,80.08,44.05,5.79,655.92,29.6,
2026-05-29 01:23:30+00:00,parcel_3,rice,risk,normal,62.41,44.05,5.79,529.03,23.53,
2026-05-29 01:23:30+00:00,parcel_4,rice,risk,normal,72.56,44.05,5.79,506.71,27.69,
2026-05-29 01:23:30+00:00,parcel_5,sugar_cane,normal,normal,64.81,44.05,5.79,693.06,28.8,16.7
2026-05-29 01:23:30+00:00,parcel_6,sugar_cane,normal,normal,61.86,44.05,5.79,914.07,23.63,19.79
2026-05-29 01:23:30+00:00,parcel_7,sugar_cane,risk,storm,78.69,44.05,5.79,127.38,11.7,21.97
2026-05-29 01:23:30+00:00,parcel_8,sugar_cane,risk,normal,69.18,44.05,5.79,640.24,24.49,6.8
2026-05-29 01:24:30+00:00,parcel_1,rice,normal,normal,60.0,44.05,5.79,937.37,21.15,
2026-05-29 01:24:30+00:00,parcel_2,rice,normal,normal,74.39,44.05,5.79,642.78,24.91,
2026-05-29 01:24:30+00:00,parcel_3,rice,risk,normal,65.43,44.05,5.79,413.73,20.12,
2026-05-29 01:24:30+00:00,parcel_4,rice,risk,normal,83.3,44.05,5.79,620.28,21.9,
2026-05-29 01:24:30+00:00,parcel_5,sugar_cane,normal,normal,63.16,44.05,5.79,823.48,26.62,10.48
2026-05-29 01:24:30+00:00,parcel_6,sugar_cane,normal,normal,82.43,44.05,5.79,622.08,23.97,10.41
2026-05-29 01:24:30+00:00,parcel_7,sugar_cane,risk,normal,65.22,44.05,5.79,687.82,29.99,17.2
2026-05-29 01:24:30+00:00,parcel_8,sugar_cane,risk,storm,44.35,44.05,5.79,137.24,13.54,36.54
2026-05-29 01:25:30+00:00,parcel_1,rice,normal,normal,70.34,44.05,5.79,668.38,24.75,
2026-05-29 01:25:30+00:00,parcel_2,rice,normal,storm,43.09,44.05,5.79,235.24,36.46,
2026-05-29 01:25:30+00:00,parcel_3,rice,risk,normal,73.51,44.05,5.79,982.29,27.63,
2026-05-29 01:25:30+00:00,parcel_4,rice,risk,normal,84.66,44.05,5.79,642.13,27.03,
2026-05-29 01:25:30+00:00,parcel_5,sugar_cane,normal,normal,65.47,44.05,5.79,368.92,26.31,4.93
2026-05-29 01:25:30+00:00,parcel_6,sugar_cane,normal,storm,29.84,44.05,5.79,151.86,38.2,22.94
2026-05-29 01:25:30+00:00,parcel_7,sugar_cane,risk,normal,90.0,44.05,5.79,767.25,29.46,12.72
2026-05-29 01:25:30+00:00,parcel_8,sugar_cane,risk,storm,66.08,44.05,5.79,193.15,39.77,43.4
2026-05-29 01:26:30+00:00,parcel_1,rice,normal,normal,68.5,44.05,5.79,620.32,29.26,
2026-05-29 01:26:30+00:00,parcel_2,rice,normal,normal,82.23,44.05,5.79,527.55,21.97,
2026-05-29 01:26:30+00:00,parcel_3,rice,risk,normal,61.89,44.05,5.79,673.81,25.09,
2026-05-29 01:26:30+00:00,parcel_4,rice,risk,normal,82.91,44.05,5.79,642.79,29.1,
2026-05-29 01:26:30+00:00,parcel_5,sugar_cane,normal,normal,82.98,44.05,5.79,965.66,22.25,18.71
2026-05-29 01:26:30+00:00,parcel_6,sugar_cane,normal,normal,64.67,44.05,5.79,614.57,28.27,4.98
2026-05-29 01:26:30+00:00,parcel_7,sugar_cane,risk,storm,56.94,44.05,5.79,119.21,35.94,28.3
2026-05-29 01:26:30+00:00,parcel_8,sugar_cane,risk,normal,72.57,44.05,5.79,395.19,23.76,3.35
2026-05-29 01:27:30+00:00,parcel_1,rice,normal,normal,67.12,44.05,5.79,709.98,25.35,
2026-05-29 01:27:30+00:00,parcel_2,rice,normal,normal,66.02,44.05,5.79,637.1,28.09,
2026-05-29 01:27:30+00:00,parcel_3,rice,risk,normal,84.89,44.05,5.79,896.33,25.98,
2026-05-29 01:27:30+00:00,parcel_4,rice,risk,normal,79.6,44.05,5.79,563.29,30.0,
2026-05-29 01:27:30+00:00,parcel_5,sugar_cane,normal,normal,69.45,44.05,5.79,761.28,24.8,7.5
2026-05-29 01:27:30+00:00,parcel_6,sugar_cane,normal,normal,72.21,44.05,5.79,630.75,25.95,7.11
2026-05-29 01:27:30+00:00,parcel_7,sugar_cane,risk,normal,61.72,44.05,5.79,924.9,26.02,6.31
2026-05-29 01:27:30+00:00,parcel_8,sugar_cane,risk,normal,72.14,44.05,5.79,335.32,23.03,11.96
2026-05-29 01:28:30+00:00,parcel_1,rice,normal,normal,78.27,44.05,5.79,699.04,30.0,
2026-05-29 01:28:30+00:00,parcel_2,rice,normal,normal,86.46,44.05,5.79,918.95,26.42,
2026-05-29 01:28:30+00:00,parcel_3,rice,risk,storm,68.31,44.05,5.79,206.3,13.15,
2026-05-29 01:28:30+00:00,parcel_4,rice,risk,normal,61.68,44.05,5.79,356.49,21.39,
2026-05-29 01:28:30+00:00,parcel_5,sugar_cane,normal,normal,70.42,44.05,5.79,659.12,22.67,13.66
2026-05-29 01:28:30+00:00,parcel_6,sugar_cane,normal,normal,68.49,44.05,5.79,588.45,28.94,4.09
2026-05-29 01:28:30+00:00,parcel_7,sugar_cane,risk,storm,37.09,44.05,5.79,234.6,32.49,23.83
2026-05-29 01:28:30+00:00,parcel_8,sugar_cane,risk,storm,89.03,44.05,5.79,257.01,27.36,29.24
2026-05-29 01:29:30+00:00,parcel_1,rice,normal,normal,71.03,44.05,5.79,359.29,21.3,
2026-05-29 01:29:30+00:00,parcel_2,rice,normal,normal,87.7,44.05,5.79,568.57,25.29,
2026-05-29 01:29:30+00:00,parcel_3,rice,risk,normal,74.77,44.05,5.79,849.66,25.2,
2026-05-29 01:29:30+00:00,parcel_4,rice,risk,storm,55.54,44.05,5.79,133.34,27.45,
2026-05-29 01:29:30+00:00,parcel_5,sugar_cane,normal,normal,73.22,44.05,5.79,826.14,22.93,0.45
2026-05-29 01:29:30+00:00,parcel_6,sugar_cane,normal,normal,80.88,44.05,5.79,442.54,22.2,6.51
2026-05-29 01:29:30+00:00,parcel_7,sugar_cane,risk,normal,62.92,44.05,5.79,657.77,29.93,17.06
2026-05-29 01:29:30+00:00,parcel_8,sugar_cane,risk,normal,85.12,44.05,5.79,775.01,28.61,13.22
2026-05-29 01:30:30+00:00,parcel_1,rice,normal,normal,75.66,44.05,5.79,398.1,23.36,
2026-05-29 01:30:30+00:00,parcel_2,rice,normal,normal,83.17,44.05,5.79,589.36,23.11,
2026-05-29 01:30:30+00:00,parcel_3,rice,risk,normal,86.7,44.05,5.79,349.85,23.64,
2026-05-29 01:30:30+00:00,parcel_4,rice,risk,normal,90.0,44.05,5.79,546.07,22.98,
2026-05-29 01:30:30+00:00,parcel_5,sugar_cane,normal,normal,87.67,44.05,5.79,731.5,29.46,15.27
2026-05-29 01:30:30+00:00,parcel_6,sugar_cane,normal,normal,68.85,44.05,5.79,836.71,21.67,14.72
2026-05-29 01:30:30+00:00,parcel_7,sugar_cane,risk,normal,60.07,44.05,5.79,388.29,29.61,3.78
2026-05-29 01:30:30+00:00,parcel_8,sugar_cane,risk,normal,78.23,44.05,5.79,585.95,23.98,17.99
2026-05-29 01:31:30+00:00,parcel_1,rice,normal,normal,81.35,44.05,5.79,566.45,20.0,
2026-05-29 01:31:30+00:00,parcel_2,rice,normal,normal,80.45,44.05,5.79,445.93,29.57,
2026-05-29 01:31:30+00:00,parcel_3,rice,risk,normal,62.68,44.05,5.79,482.08,20.0,
2026-05-29 01:31:30+00:00,parcel_4,rice,risk,storm,78.97,44.05,5.79,258.81,16.88,
2026-05-29 01:31:30+00:00,parcel_5,sugar_cane,normal,normal,61.52,44.05,5.79,726.85,26.85,0.56
2026-05-29 01:31:30+00:00,parcel_6,sugar_cane,normal,normal,88.35,44.05,5.79,613.43,24.68,10.73
2026-05-29 01:31:30+00:00,parcel_7,sugar_cane,risk,storm,42.86,44.05,5.79,200.02,37.66,29.69
2026-05-29 01:31:30+00:00,parcel_8,sugar_cane,risk,normal,70.62,44.05,5.79,393.39,21.23,17.02
2026-05-29 01:32:30+00:00,parcel_1,rice,normal,normal,62.15,44.05,5.79,766.59,24.57,
2026-05-29 01:32:30+00:00,parcel_2,rice,normal,normal,77.26,44.05,5.79,427.62,23.55,
2026-05-29 01:32:30+00:00,parcel_3,rice,risk,normal,84.79,44.05,5.79,504.35,29.57,
2026-05-29 01:32:30+00:00,parcel_4,rice,risk,normal,63.0,44.05,5.79,989.17,27.39,
2026-05-29 01:32:30+00:00,parcel_5,sugar_cane,normal,normal,60.0,44.05,5.79,793.1,29.28,7.64
2026-05-29 01:32:30+00:00,parcel_6,sugar_cane,normal,normal,74.88,44.05,5.79,404.05,25.98,9.09
2026-05-29 01:32:30+00:00,parcel_7,sugar_cane,risk,normal,66.68,44.05,5.79,850.18,25.41,12.2
2026-05-29 01:32:30+00:00,parcel_8,sugar_cane,risk,normal,81.45,44.05,5.79,853.76,20.98,18.97
2026-05-29 01:33:30+00:00,parcel_1,rice,normal,normal,73.09,44.05,5.79,788.41,28.66,
2026-05-29 01:33:30+00:00,parcel_2,rice,normal,normal,62.33,44.05,5.79,424.82,24.47,
2026-05-29 01:33:30+00:00,parcel_3,rice,risk,normal,84.77,44.05,5.79,966.48,22.73,
2026-05-29 01:33:30+00:00,parcel_4,rice,risk,storm,85.07,44.05,5.79,255.57,24.7,
2026-05-29 01:33:30+00:00,parcel_5,sugar_cane,normal,normal,73.81,44.05,5.79,767.63,21.43,0.31
2026-05-29 01:33:30+00:00,parcel_6,sugar_cane,normal,normal,66.48,44.05,5.79,461.39,25.62,4.28
2026-05-29 01:33:30+00:00,parcel_7,sugar_cane,risk,normal,73.71,44.05,5.79,563.66,24.6,14.64
2026-05-29 01:33:30+00:00,parcel_8,sugar_cane,risk,normal,64.84,44.05,5.79,789.32,20.74,0.3
2026-05-29 01:34:30+00:00,parcel_1,rice,normal,normal,60.0,44.05,5.79,832.76,27.93,
2026-05-29 01:34:30+00:00,parcel_2,rice,normal,normal,79.01,44.05,5.79,398.65,28.4,
2026-05-29 01:34:30+00:00,parcel_3,rice,risk,normal,71.0,44.05,5.79,924.97,25.31,
2026-05-29 01:34:30+00:00,parcel_4,rice,risk,normal,68.48,44.05,5.79,868.03,23.26,
2026-05-29 01:34:30+00:00,parcel_5,sugar_cane,normal,normal,62.73,44.05,5.79,903.77,29.77,5.21
2026-05-29 01:34:30+00:00,parcel_6,sugar_cane,normal,normal,81.27,44.05,5.79,870.64,27.6,13.99
2026-05-29 01:34:30+00:00,parcel_7,sugar_cane,risk,normal,88.82,44.05,5.79,707.79,23.3,19.8
2026-05-29 01:34:30+00:00,parcel_8,sugar_cane,risk,storm,32.13,44.05,5.79,145.63,35.52,43.53
2026-05-29 01:35:30+00:00,parcel_1,rice,normal,normal,65.57,44.05,5.79,879.04,20.35,
2026-05-29 01:35:30+00:00,parcel_2,rice,normal,normal,85.73,44.05,5.79,943.25,27.23,
2026-05-29 01:35:30+00:00,parcel_3,rice,risk,normal,72.69,44.05,5.79,656.63,28.01,
2026-05-29 01:35:30+00:00,parcel_4,rice,risk,normal,72.47,44.05,5.79,761.01,29.22,
2026-05-29 01:35:30+00:00,parcel_5,sugar_cane,normal,normal,72.46,44.05,5.79,835.07,24.01,19.21
2026-05-29 01:35:30+00:00,parcel_6,sugar_cane,normal,normal,76.44,44.05,5.79,586.4,22.35,4.95
2026-05-29 01:35:30+00:00,parcel_7,sugar_cane,risk,normal,62.82,44.05,5.79,662.35,20.99,6.4
2026-05-29 01:35:30+00:00,parcel_8,sugar_cane,risk,normal,80.84,44.05,5.79,405.43,28.27,12.46
2026-05-29 01:36:30+00:00,parcel_1,rice,normal,normal,68.79,44.05,5.79,778.03,29.21,
2026-05-29 01:36:30+00:00,parcel_2,rice,normal,normal,84.02,44.05,5.79,862.35,25.27,
2026-05-29 01:36:30+00:00,parcel_3,rice,risk,normal,79.15,44.05,5.79,842.84,22.96,
2026-05-29 01:36:30+00:00,parcel_4,rice,risk,storm,85.69,44.05,5.79,213.86,25.11,
2026-05-29 01:36:30+00:00,parcel_5,sugar_cane,normal,normal,68.49,44.05,5.79,351.3,23.76,6.0
2026-05-29 01:36:30+00:00,parcel_6,sugar_cane,normal,normal,62.98,44.05,5.79,376.08,29.97,19.92
2026-05-29 01:36:30+00:00,parcel_7,sugar_cane,risk,normal,69.24,44.05,5.79,409.8,28.53,19.98
2026-05-29 01:36:30+00:00,parcel_8,sugar_cane,risk,normal,80.02,44.05,5.79,339.03,22.94,18.7
2026-05-29 01:37:30+00:00,parcel_1,rice,normal,normal,80.01,44.05,5.79,867.3,25.33,
2026-05-29 01:37:30+00:00,parcel_2,rice,normal,storm,76.16,44.05,5.79,135.09,37.37,
2026-05-29 01:37:30+00:00,parcel_3,rice,risk,normal,81.3,44.05,5.79,591.82,30.0,
2026-05-29 01:37:30+00:00,parcel_4,rice,risk,normal,68.41,44.05,5.79,548.88,26.33,
2026-05-29 01:37:30+00:00,parcel_5,sugar_cane,normal,normal,77.35,44.05,5.79,982.28,23.72,15.61
2026-05-29 01:37:30+00:00,parcel_6,sugar_cane,normal,normal,78.94,44.05,5.79,835.67,21.53,15.43
2026-05-29 01:37:30+00:00,parcel_7,sugar_cane,risk,normal,77.75,44.05,5.79,302.24,22.9,9.84
2026-05-29 01:37:30+00:00,parcel_8,sugar_cane,risk,normal,90.0,44.05,5.79,579.56,24.9,0.88
2026-05-29 01:38:30+00:00,parcel_1,rice,normal,normal,75.73,44.05,5.79,827.45,21.73,
2026-05-29 01:38:30+00:00,parcel_2,rice,normal,normal,89.68,44.05,5.79,479.78,22.5,
2026-05-29 01:38:30+00:00,parcel_3,rice,risk,normal,80.51,44.05,5.79,541.77,27.33,
2026-05-29 01:38:30+00:00,parcel_4,rice,risk,normal,84.53,44.05,5.79,473.2,21.8,
2026-05-29 01:38:30+00:00,parcel_5,sugar_cane,normal,storm,82.22,44.05,5.79,249.87,39.26,39.61
2026-05-29 01:38:30+00:00,parcel_6,sugar_cane,normal,normal,67.16,44.05,5.79,898.25,21.67,12.68
2026-05-29 01:38:30+00:00,parcel_7,sugar_cane,risk,normal,75.0,44.05,5.79,713.47,22.47,14.8
2026-05-29 01:38:30+00:00,parcel_8,sugar_cane,risk,normal,67.0,44.05,5.79,681.1,24.77,12.86
2026-05-29 01:39:30+00:00,parcel_1,rice,normal,normal,85.04,44.05,5.79,797.35,26.19,
2026-05-29 01:39:30+00:00,parcel_2,rice,normal,normal,83.27,44.05,5.79,539.94,22.01,
2026-05-29 01:39:30+00:00,parcel_3,rice,risk,storm,28.48,44.05,5.79,259.96,10.23,
2026-05-29 01:39:30+00:00,parcel_4,rice,risk,normal,76.73,44.05,5.79,610.63,22.43,
2026-05-29 01:39:30+00:00,parcel_5,sugar_cane,normal,normal,74.44,44.05,5.79,523.62,29.5,4.27
2026-05-29 01:39:30+00:00,parcel_6,sugar_cane,normal,normal,73.47,44.05,5.79,968.37,25.47,19.34
2026-05-29 01:39:30+00:00,parcel_7,sugar_cane,risk,normal,77.06,44.05,5.79,500.71,27.01,6.76
2026-05-29 01:39:30+00:00,parcel_8,sugar_cane,risk,storm,21.38,44.05,5.79,131.46,16.05,37.53
2026-05-29 01:40:30+00:00,parcel_1,rice,normal,normal,69.71,44.05,5.79,781.06,25.52,
2026-05-29 01:40:30+00:00,parcel_2,rice,normal,normal,64.05,44.05,5.79,804.24,23.01,
2026-05-29 01:40:30+00:00,parcel_3,rice,risk,normal,64.56,44.05,5.79,550.84,27.85,
2026-05-29 01:40:30+00:00,parcel_4,rice,risk,normal,90.0,44.05,5.79,933.22,22.26,
2026-05-29 01:40:30+00:00,parcel_5,sugar_cane,normal,normal,86.73,44.05,5.79,891.87,24.98,19.32
2026-05-29 01:40:30+00:00,parcel_6,sugar_cane,normal,normal,68.01,44.05,5.79,367.73,23.1,10.16
2026-05-29 01:40:30+00:00,parcel_7,sugar_cane,risk,normal,66.1,44.05,5.79,378.95,22.64,8.52
2026-05-29 01:40:30+00:00,parcel_8,sugar_cane,risk,normal,90.0,44.05,5.79,610.23,20.95,3.81
2026-05-29 01:41:30+00:00,parcel_1,rice,normal,normal,76.66,44.05,5.79,769.0,22.2,
2026-05-29 01:41:30+00:00,parcel_2,rice,normal,normal,64.46,44.05,5.79,760.17,25.56,
2026-05-29 01:41:30+00:00,parcel_3,rice,risk,normal,69.45,44.05,5.79,693.21,26.72,
2026-05-29 01:41:30+00:00,parcel_4,rice,risk,normal,82.92,44.05,5.79,391.56,28.16,
2026-05-29 01:41:30+00:00,parcel_5,sugar_cane,normal,normal,81.0,44.05,5.79,799.58,29.8,11.0
2026-05-29 01:41:30+00:00,parcel_6,sugar_cane,normal,normal,69.77,44.05,5.79,928.11,27.32,1.1
2026-05-29 01:41:30+00:00,parcel_7,sugar_cane,risk,normal,83.18,44.05,5.79,665.93,29.65,14.13
2026-05-29 01:41:30+00:00,parcel_8,sugar_cane,risk,normal,70.82,44.05,5.79,908.12,26.58,6.67
2026-05-29 01:42:30+00:00,parcel_1,rice,normal,normal,75.02,44.05,5.79,557.0,22.25,
2026-05-29 01:42:30+00:00,parcel_2,rice,normal,storm,28.62,44.05,5.79,115.48,28.03,
2026-05-29 01:42:30+00:00,parcel_3,rice,risk,normal,75.31,44.05,5.79,930.64,24.96,
2026-05-29 01:42:30+00:00,parcel_4,rice,risk,normal,60.64,44.05,5.79,441.61,22.49,
2026-05-29 01:42:30+00:00,parcel_5,sugar_cane,normal,normal,77.25,44.05,5.79,638.73,26.65,4.7
2026-05-29 01:42:30+00:00,parcel_6,sugar_cane,normal,normal,63.84,44.05,5.79,412.83,29.0,6.56
2026-05-29 01:42:30+00:00,parcel_7,sugar_cane,risk,storm,40.56,44.05,5.79,122.54,27.28,43.17
2026-05-29 01:42:30+00:00,parcel_8,sugar_cane,risk,normal,61.2,44.05,5.79,443.48,25.14,0.92
2026-05-29 01:43:30+00:00,parcel_1,rice,normal,normal,83.99,44.05,5.79,986.73,28.05,
2026-05-29 01:43:30+00:00,parcel_2,rice,normal,normal,60.0,44.05,5.79,417.47,23.48,
2026-05-29 01:43:30+00:00,parcel_3,rice,risk,normal,89.69,44.05,5.79,618.82,27.43,
2026-05-29 01:43:30+00:00,parcel_4,rice,risk,normal,65.33,44.05,5.79,448.05,28.65,
2026-05-29 01:43:30+00:00,parcel_5,sugar_cane,normal,normal,64.48,44.05,5.79,640.79,30.0,8.34
2026-05-29 01:43:30+00:00,parcel_6,sugar_cane,normal,storm,63.82,44.05,5.79,229.97,13.77,36.57
2026-05-29 01:43:30+00:00,parcel_7,sugar_cane,risk,normal,62.84,44.05,5.79,803.51,23.18,1.6
2026-05-29 01:43:30+00:00,parcel_8,sugar_cane,risk,normal,64.44,44.05,5.79,648.53,20.5,19.22
2026-05-29 01:44:30+00:00,parcel_1,rice,normal,normal,64.54,44.05,5.79,968.48,27.33,
2026-05-29 01:44:30+00:00,parcel_2,rice,normal,normal,60.09,44.05,5.79,768.28,23.66,
2026-05-29 01:44:30+00:00,parcel_3,rice,risk,normal,72.39,44.05,5.79,455.07,21.47,
2026-05-29 01:44:30+00:00,parcel_4,rice,risk,normal,60.0,44.05,5.79,816.3,26.6,
2026-05-29 01:44:30+00:00,parcel_5,sugar_cane,normal,normal,74.23,44.05,5.79,446.11,26.03,15.53
2026-05-29 01:44:30+00:00,parcel_6,sugar_cane,normal,normal,78.96,44.05,5.79,685.73,23.99,17.53
2026-05-29 01:44:30+00:00,parcel_7,sugar_cane,risk,storm,78.75,44.05,5.79,213.4,36.88,34.94
2026-05-29 01:44:30+00:00,parcel_8,sugar_cane,risk,storm,22.13,44.05,5.79,133.88,17.99,20.5
2026-05-29 01:45:30+00:00,parcel_1,rice,normal,storm,76.21,44.05,5.79,242.75,11.05,
2026-05-29 01:45:30+00:00,parcel_2,rice,normal,normal,61.58,44.05,5.79,747.65,26.56,
2026-05-29 01:45:30+00:00,parcel_3,rice,risk,normal,69.83,44.05,5.79,521.64,26.22,
2026-05-29 01:45:30+00:00,parcel_4,rice,risk,normal,66.46,44.05,5.79,584.86,29.11,
2026-05-29 01:45:30+00:00,parcel_5,sugar_cane,normal,normal,60.32,44.05,5.79,611.83,20.0,17.34
2026-05-29 01:45:30+00:00,parcel_6,sugar_cane,normal,normal,60.0,44.05,5.79,746.76,26.36,3.07
2026-05-29 01:45:30+00:00,parcel_7,sugar_cane,risk,normal,64.11,44.05,5.79,782.23,30.0,16.11
2026-05-29 01:45:30+00:00,parcel_8,sugar_cane,risk,normal,63.6,44.05,5.79,608.84,20.3,18.89
2026-05-29 01:46:30+00:00,parcel_1,rice,normal,normal,82.11,44.05,5.79,420.53,22.8,
2026-05-29 01:46:30+00:00,parcel_2,rice,normal,normal,87.66,44.05,5.79,515.84,22.35,
2026-05-29 01:46:30+00:00,parcel_3,rice,risk,normal,87.05,44.05,5.79,939.43,25.37,
2026-05-29 01:46:30+00:00,parcel_4,rice,risk,storm,20.92,44.05,5.79,174.27,25.62,
2026-05-29 01:46:30+00:00,parcel_5,sugar_cane,normal,normal,65.91,44.05,5.79,309.19,23.73,19.08
2026-05-29 01:46:30+00:00,parcel_6,sugar_cane,normal,normal,85.34,44.05,5.79,988.32,26.65,4.77
2026-05-29 01:46:30+00:00,parcel_7,sugar_cane,risk,normal,67.76,44.05,5.79,362.42,29.31,17.49
2026-05-29 01:46:30+00:00,parcel_8,sugar_cane,risk,normal,70.28,44.05,5.79,675.18,27.11,19.75
2026-05-29 01:47:30+00:00,parcel_1,rice,normal,storm,49.95,44.05,5.79,108.97,12.61,
2026-05-29 01:47:30+00:00,parcel_2,rice,normal,normal,79.18,44.05,5.79,658.18,28.93,
2026-05-29 01:47:30+00:00,parcel_3,rice,risk,storm,69.71,44.05,5.79,102.7,30.23,
2026-05-29 01:47:30+00:00,parcel_4,rice,risk,normal,74.21,44.05,5.79,321.19,25.76,
2026-05-29 01:47:30+00:00,parcel_5,sugar_cane,normal,normal,77.57,44.05,5.79,559.15,21.45,10.86
2026-05-29 01:47:30+00:00,parcel_6,sugar_cane,normal,normal,69.4,44.05,5.79,957.0,23.39,5.47
2026-05-29 01:47:30+00:00,parcel_7,sugar_cane,risk,storm,87.39,44.05,5.79,178.85,30.49,43.26
2026-05-29 01:47:30+00:00,parcel_8,sugar_cane,risk,normal,74.21,44.05,5.79,450.02,28.54,16.93
2026-05-29 01:48:30+00:00,parcel_1,rice,normal,normal,76.2,44.05,5.79,774.38,20.8,
2026-05-29 01:48:30+00:00,parcel_2,rice,normal,normal,67.87,44.05,5.79,320.18,25.36,
2026-05-29 01:48:30+00:00,parcel_3,rice,risk,normal,71.17,44.05,5.79,702.12,20.61,
2026-05-29 01:48:30+00:00,parcel_4,rice,risk,normal,61.75,44.05,5.79,808.37,22.68,
2026-05-29 01:48:30+00:00,parcel_5,sugar_cane,normal,normal,70.69,44.05,5.79,581.25,27.96,7.55
2026-05-29 01:48:30+00:00,parcel_6,sugar_cane,normal,normal,89.92,44.05,5.79,985.75,21.04,18.79
2026-05-29 01:48:30+00:00,parcel_7,sugar_cane,risk,normal,77.79,44.05,5.79,633.63,30.0,9.24
2026-05-29 01:48:30+00:00,parcel_8,sugar_cane,risk,storm,83.49,44.05,5.79,154.07,15.51,42.44
2026-05-29 02:23:10+00:00,parcel_1,rice,normal,normal,83.76,42.85,5.79,649.39,23.85,
2026-05-29 02:23:10+00:00,parcel_2,rice,normal,normal,76.04,44.06,5.5,358.2,28.75,
2026-05-29 02:23:10+00:00,parcel_3,rice,risk,storm,68.11,81.09,7.86,118.59,25.64,
2026-05-29 02:23:10+00:00,parcel_4,rice,risk,normal,75.02,42.95,6.63,477.85,23.39,
2026-05-29 02:23:10+00:00,parcel_5,sugar_cane,normal,normal,63.92,44.05,5.64,599.42,26.67,4.04
2026-05-29 02:23:10+00:00,parcel_6,sugar_cane,normal,normal,70.27,44.05,7.0,914.0,30.0,3.22
2026-05-29 02:23:10+00:00,parcel_7,sugar_cane,risk,normal,60.0,44.05,6.03,567.56,25.76,18.07
2026-05-29 02:23:10+00:00,parcel_8,sugar_cane,risk,storm,89.97,44.05,5.57,241.54,21.49,21.52
