Crop_Type,Soil_Type,Farm_Size_Acres,Irrigation_Available,Soil_pH,Soil_Nitrogen,Soil_Organic_Matter,Temperature,Rainfall,Humidity,Compatible
Tiwra,Alluvial soils,49.96403886906193,0,6.44,129.23233750459332,1.024483141899196,26.07,909.87,65.29,0
Jwar,Red and Yellow soils,69.32300344575232,0,6.75,63.73200903681688,0.6010337902162692,27.31,766.4,85.44,0
summer paddy,Black soils,99.14865361366142,0,6.32,134.30705078512983,1.949386589804747,23.21,821.46,60.0,0
Groundnut,Black soils,13.083322941050284,0,5.92,85.59418473765709,3.41430524157662,23.97,948.97,62.84,0
Kulthi,Black soils,67.84108048066902,1,7.0,44.23042527392003,2.349613359680567,22.59,791.22,79.0,0
Maize,Black soils,19.463557757075588,0,6.75,125.4704718867283,2.598418486481846,24.08,808.56,82.12,0
Til,Alluvial soils,95.1984444835079,0,6.04,142.64313814170387,3.0749607676792494,28.67,853.11,84.04,0
Millets,Alluvial soils,43.70916466330876,1,5.61,39.41587779577248,2.043259526678144,27.17,891.6,90.0,0
Moong,Red and Yellow soils,9.326065442028998,0,6.69,172.44853243892462,3.156078875040973,22.94,897.09,69.26,0
Niger,Laterite soils,58.342897767539576,0,6.04,30.396351069572987,0.6188329381507388,23.9,870.62,86.84,0
Kulthi,Red and Yellow soils,77.23112760032592,0,6.82,189.48722932169497,0.7063293420201492,24.68,905.59,83.22,0
Soybean,Alluvial soils,1.0845160463029235,0,6.03,132.15140054930788,1.295639412046346,25.29,932.64,88.85,0
Millets,Alluvial soils,23.54097596703025,1,6.42,57.43568008837477,1.5978107189656572,26.04,893.16,82.88,1
Soybean,Laterite soils,50.60103662954688,0,5.7,171.12574873717588,2.589034966808882,20.0,901.36,77.99,0
Gram,Red and Yellow soils,82.07588905682253,0,6.69,18.009491866681152,3.233362891898263,21.29,885.53,81.45,0
Masoor,Black soils,76.58104466203038,0,6.15,112.258823548082,0.8441663455221252,27.31,933.37,72.51,0
Wheat,Alluvial soils,54.78604267673645,0,6.62,83.84981090417665,4.083958299034335,21.18,871.84,89.07,0
Kulthi,Laterite soils,93.89813650383569,0,6.74,193.230305006838,2.25817436042408,27.57,836.22,60.0,0
Kulthi,Black soils,23.189085786347796,0,5.95,189.8627111419892,2.7848888056767773,29.76,935.53,85.63,0
Soybean,Laterite soils,13.10812731307866,1,5.64,178.12965587280345,2.260207718353315,29.86,823.99,78.9,1
Soybean,Alluvial soils,1.0845160463029235,0,6.11,132.15140054930788,1.295639412046346,24.48,873.9,84.62,0
Arhar,Alluvial soils,16.947340444794044,0,7.0,115.46353355361116,3.294811394244745,24.6,782.81,75.71,0
Arhar,Alluvial soils,91.85485510003234,0,6.08,76.53287840752338,1.2994679672213083,30.0,866.9,84.1,0
Maize,Black soils,19.463557757075588,0,6.79,125.4704718867283,2.598418486481846,23.03,870.68,79.39,0
Urd,Black soils,54.97589680292262,1,5.99,182.3901767961132,0.6312941161897548,25.98,901.14,87.07,0
Moong,Black soils,70.46581678149187,0,5.51,21.66905565059997,4.032486033053475,20.43,961.26,80.46,0
Gram,Alluvial soils,96.9050114005799,0,6.48,122.13502087504426,2.056511701070491,22.77,847.17,89.57,0
Mustard,Red and Yellow soils,47.35020570684794,1,6.63,14.979387934802954,2.7212244906205534,23.81,800.43,74.83,0
Groundnut,Alluvial soils,77.64734025846953,1,6.68,30.1290536211666,2.4437057909109408,21.84,800.62,60.88,0
Jwar,Black soils,65.54709453271963,1,6.23,14.774203291276631,4.843878235764788,27.52,832.9,78.38,0
Rice,Alluvial soils,49.78214071680444,0,6.76,54.89730595991944,1.04622923932641,21.73,817.64,76.3,0
Masoor,Black soils,95.87154982405876,1,6.52,129.9810832257704,0.5034414484512415,20.0,871.13,60.0,1
Millets,Red and Yellow soils,70.98318926589636,1,7.0,74.80825570491946,3.7312992983988873,27.79,861.57,60.81,1
Wheat,Alluvial soils,19.530682289860536,0,6.08,40.60874305282016,2.7283560112256846,24.47,857.1,81.69,0
Pea,Red and Yellow soils,21.55979018755156,0,6.62,77.78609298703317,3.689048046868987,23.76,849.87,60.33,0
Gram,Alluvial soils,11.03940647751555,0,6.77,53.34742166871745,2.74635152842651,26.32,839.4,68.95,0
Masoor,Black soils,56.607644110296,0,6.49,14.313069493331705,2.07281804952572,28.81,839.94,71.49,0
Moong,Laterite soils,66.7431644007017,1,6.09,36.37326995857885,1.941595947520944,22.89,828.13,78.21,0
Tiwra,Red and Yellow soils,49.47275930960727,1,6.73,64.97986652212177,4.40748983958334,25.73,854.21,87.45,0
summer paddy,Alluvial soils,5.634581766188527,1,6.24,70.69578532542236,3.804381772475503,21.15,903.54,76.78,1
Gram,Red and Yellow soils,19.447014158096326,0,6.94,144.3782799628782,2.1302329607260293,28.88,853.65,86.45,0
Masoor,Red and Yellow soils,42.05432526241285,0,7.0,90.60728467834542,3.089700259916918,24.29,921.4,69.48,0
Urd,Alluvial soils,18.245949358971803,1,6.59,144.86143436361849,4.22251584341133,26.34,836.97,70.32,1
Kulthi,Red and Yellow soils,71.95464735059075,0,6.81,143.26123077544585,2.2065192855643185,24.86,806.64,80.97,0
summer paddy,Laterite soils,68.33971322490649,1,6.9,21.80492518759846,3.622176401026044,22.4,802.51,76.31,0
Tiwra,Black soils,63.70051960241635,1,6.53,78.64897896002441,4.51494091656409,21.03,828.99,90.0,0
summer paddy,Alluvial soils,7.078898910240252,1,5.82,133.05676737201873,2.8391106476553305,25.67,876.29,81.07,0
Tiwra,Laterite soils,44.157514598221695,0,6.23,20.786220688080256,4.760647059177217,22.46,949.63,74.87,0
Pea,Laterite soils,23.44233244018282,0,5.97,87.75414749046334,4.298467138068505,23.0,889.32,88.22,0
Niger,Black soils,41.79287336304921,0,6.7,54.696853754845804,1.7969102556076575,23.59,793.69,68.23,0
Soybean,Black soils,39.78177453222698,0,5.67,94.97051601405003,2.865401887107058,25.43,953.09,68.2,0
Moong,Alluvial soils,72.89801626222972,0,6.14,147.08444454896002,1.630372576341142,29.33,893.37,64.14,0
Soybean,Red and Yellow soils,3.422005573134409,1,6.72,184.83881346960908,0.628547000211728,29.0,838.0,64.36,1
Urd,Red and Yellow soils,80.12909695909734,0,6.99,70.99504826835619,4.201089365152599,28.72,797.48,81.62,0
Kulthi,Laterite soils,97.05327118037404,1,7.0,33.70437264492988,4.118308574057645,25.74,924.81,71.07,0
Masoor,Alluvial soils,45.92043415033586,0,6.82,175.13241790304798,3.316894792035183,27.79,881.39,85.99,0
Arhar,Laterite soils,70.69460626460166,0,6.59,128.31657060515244,4.766392383485942,23.82,923.72,86.71,0
Tiwra,Alluvial soils,7.949464529363647,1,7.0,26.11128283567805,0.5044061015460503,20.92,882.37,80.75,0
Moong,Laterite soils,44.60788148262814,1,5.74,83.79284451275134,2.217174315777015,25.41,912.16,66.01,1
summer paddy,Red and Yellow soils,73.54687524942415,0,5.52,142.93725689571534,4.918276974920083,24.44,951.06,72.96,0
Jwar,Black soils,65.54709453271963,1,6.08,14.774203291276631,4.843878235764788,26.35,810.12,79.6,0
Tiwra,Alluvial soils,28.87196897058254,0,6.61,17.161441426265586,4.476599320211214,29.6,941.74,71.12,0
Til,Alluvial soils,20.130363157001845,1,5.99,96.39301275682372,3.99987462399122,24.33,901.16,68.32,1
Masoor,Black soils,57.674849565932185,0,6.43,50.45115979273248,1.5982455206728323,23.15,875.99,65.33,0
Pea,Red and Yellow soils,45.88200025350533,0,6.57,166.4197314414131,0.7604645881312596,25.73,831.7,69.32,0
Pea,Laterite soils,23.804071407579336,1,6.39,131.24557260272172,3.669244395754899,26.96,861.53,80.62,1
Jwar,Black soils,6.792207993494205,1,6.03,141.9426703662678,3.0373075279627453,26.2,839.82,83.3,0
Groundnut,Laterite soils,47.3154015978025,0,5.77,163.00709664528063,2.6080442594736524,20.57,899.48,60.0,0
Moong,Laterite soils,66.7431644007017,1,6.36,36.37326995857885,1.941595947520944,22.95,826.48,74.55,0
Gram,Red and Yellow soils,82.24193371365227,1,6.24,186.49446950562293,3.4182091680119338,20.0,883.13,62.33,1
Moong,Red and Yellow soils,6.70159104623501,0,6.76,154.37849353994258,1.4738508434764648,20.0,877.62,64.97,0
Niger,Red and Yellow soils,4.301026088036883,0,6.84,145.61804214220632,2.0812368730220943,23.04,835.41,67.45,0
Millets,Red and Yellow soils,17.122970872144943,1,6.1,60.7652239322664,2.3761285663683043,25.19,817.81,67.71,1
summer paddy,Alluvial soils,68.88862950071787,1,6.02,73.83428244149384,0.5966557233781861,25.36,824.85,77.23,1
Masoor,Red and Yellow soils,84.52316916652465,1,5.94,136.06206737070266,3.720799011587236,25.76,913.0,76.41,1
Millets,Black soils,51.93747983054598,1,6.29,147.6076818611602,3.4815759318038104,22.36,835.09,83.26,1
Arhar,Alluvial soils,40.59763875962707,1,5.5,154.16751398387302,1.6967064291359415,27.42,955.32,73.32,1
Tiwra,Red and Yellow soils,45.40305501460495,1,5.61,63.94801167122259,4.253171358306454,27.39,969.81,81.15,1
Maize,Laterite soils,32.09495506812422,0,6.52,71.06637841499042,4.98667080551723,24.16,941.69,71.63,0
Arhar,Alluvial soils,16.947340444794044,0,6.71,115.46353355361116,3.294811394244745,22.18,825.36,75.36,0
Maize,Red and Yellow soils,60.85170379581952,1,6.39,154.7840778557563,1.2002355013252552,24.4,863.5,73.31,1
Soybean,Laterite soils,82.5219028825696,1,6.44,120.98570933252736,1.84204637395397,23.99,875.54,90.0,1
Tiwra,Black soils,97.158326515426,0,5.51,132.63690929018293,0.9977835566720724,21.64,966.83,69.45,0
Jwar,Laterite soils,83.11521733640478,1,5.68,135.05875811788147,2.826652317689744,24.33,993.33,63.19,1
Mustard,Red and Yellow soils,67.90567177519311,0,7.0,184.57009859164535,2.8827361969169605,23.58,761.21,90.0,0
Urd,Laterite soils,66.47259153046967,1,6.54,141.76502902740526,2.4215107907859093,30.0,853.05,68.05,1
Kulthi,Black soils,5.487798902751413,0,5.99,116.7863204842874,2.954194231161236,23.35,934.06,64.46,0
Masoor,Black soils,76.58104466203038,0,6.44,112.258823548082,0.8441663455221252,28.43,952.22,68.62,0
Wheat,Alluvial soils,54.78604267673645,0,6.56,83.84981090417665,4.083958299034335,20.74,832.14,87.24,0
Masoor,Black soils,95.87154982405876,1,6.52,129.9810832257704,0.5034414484512415,20.0,826.17,60.0,1
Urd,Alluvial soils,3.862270503389171,0,6.94,55.87963143873647,4.218136005495886,20.0,875.08,87.44,0
Masoor,Black soils,32.78096124453907,1,5.88,155.80477364636056,4.464364499262837,28.19,816.58,88.4,1
summer paddy,Alluvial soils,80.44770135267859,0,6.78,29.64755058306169,4.7260075846814615,22.02,910.35,83.35,0
Wheat,Black soils,27.701983404171347,1,6.94,165.79370043835235,0.8135175506595091,24.75,884.47,85.51,1
Rice,Red and Yellow soils,94.9606118039142,0,5.75,54.1128672085785,1.619877527026648,21.27,943.49,65.49,0
Wheat,Red and Yellow soils,50.91070048310331,0,5.84,70.3847309463337,4.94260898334276,27.3,823.5,82.2,0
Millets,Laterite soils,40.123933186942935,1,5.85,78.28259692949361,2.6365415718597265,22.92,942.21,70.24,1
summer paddy,Alluvial soils,80.44770135267859,0,6.89,29.64755058306169,4.7260075846814615,20.57,902.43,85.56,0
Til,Black soils,29.59626120983151,0,6.2,26.91842836664658,2.7167595174345838,29.74,887.89,90.0,0
Groundnut,Alluvial soils,7.595586649378683,1,6.88,32.52112578042177,2.090866635406147,22.64,810.47,60.0,0
Rice,Black soils,51.78490534951984,1,5.56,159.67777079366866,3.8935916410771423,21.96,865.68,79.99,1
Jwar,Laterite soils,52.03647167552329,1,6.77,64.66675150721977,1.1856502725788038,29.03,877.53,63.18,1
Urd,Laterite soils,56.01656404336428,1,5.5,169.6786697669429,1.2509461554512062,28.08,939.47,77.52,1
Groundnut,Alluvial soils,7.595586649378683,1,6.65,32.52112578042177,2.090866635406147,21.53,955.25,60.0,0
Mustard,Alluvial soils,91.82905732992558,1,6.66,53.74481212887618,1.5966321610404377,23.84,829.13,71.23,1
Kulthi,Laterite soils,67.55487925578505,0,6.74,79.33838476518439,4.877362795825739,27.55,831.42,84.57,0
Pea,Laterite soils,33.75432868239185,1,5.83,80.1683655296807,2.515180774620488,21.91,935.74,70.14,1
Jwar,Black soils,13.99127022595174,1,6.42,96.4732462540386,1.8688803337971989,23.19,885.26,71.4,1
Gram,Red and Yellow soils,14.573215619358535,1,5.57,57.09839965697187,3.9514705976890343,26.82,947.06,82.66,0
Gram,Black soils,43.903327920986655,1,6.75,153.1401018257682,2.190934023980345,26.98,772.84,82.72,1
Mustard,Black soils,49.5300825663572,0,5.84,153.43110336778798,4.824259422343958,24.54,853.85,86.99,0
Soybean,Laterite soils,50.60103662954688,0,5.71,171.12574873717588,2.589034966808882,21.25,978.59,75.05,0
Tiwra,Laterite soils,44.157514598221695,0,6.39,20.786220688080256,4.760647059177217,21.8,882.75,73.66,0
Maize,Black soils,37.59082546376269,1,6.04,177.66269564708426,3.0725046924698143,23.29,945.42,76.33,0
Pea,Laterite soils,37.95291147089761,1,6.36,155.92154634208538,1.0961422182962492,24.15,867.4,82.56,1
Millets,Black soils,46.115623150526005,1,6.58,177.58949627751142,1.0156582803711816,29.44,880.53,68.6,1
Tiwra,Black soils,63.70051960241635,1,6.88,78.64897896002441,4.51494091656409,23.18,861.05,89.89,0
Masoor,Alluvial soils,17.051062582241848,1,6.99,158.50864420956958,2.1741170604411213,22.82,910.89,74.68,1
Moong,Alluvial soils,42.49140354238396,0,5.87,56.1970084461051,2.8797560145626053,24.34,893.97,78.14,0
Urd,Black soils,11.274410889490516,0,6.57,112.43829037819636,4.276394728505107,28.96,862.2,84.25,0
Pea,Red and Yellow soils,62.89562385255008,1,5.88,137.36228110423383,3.989132493505775,25.99,907.74,81.12,0
Pea,Laterite soils,33.75432868239185,1,5.81,80.1683655296807,2.515180774620488,22.94,982.62,68.17,1
Jwar,Red and Yellow soils,61.33138378263416,0,6.11,131.90345014994583,3.0456960700275504,21.24,933.96,78.31,0
Urd,Laterite soils,56.01656404336428,1,5.5,169.6786697669429,1.2509461554512062,29.25,884.74,76.08,1
Tiwra,Laterite soils,60.57467976893646,1,6.15,164.37331614576615,2.163674478018338,24.63,907.03,72.47,0
Soybean,Red and Yellow soils,79.46057483174057,0,6.67,150.462155599481,3.444350816677973,20.5,829.82,85.73,0
Pea,Laterite soils,13.913505998801302,1,5.9,198.6012534110168,2.571015400924413,24.88,897.78,65.89,1
Gram,Red and Yellow soils,19.447014158096326,0,7.0,144.3782799628782,2.1302329607260293,29.21,848.59,83.3,0
Urd,Black soils,30.25969736488654,0,6.03,28.04568065397041,1.8011830369833524,27.42,902.8,88.34,0
Gram,Black soils,78.84309895532813,1,6.16,101.37659921705163,0.5595492491183836,21.27,822.52,82.03,0
summer paddy,Laterite soils,97.19340985732984,0,6.7,109.52068301196128,2.3271442877923745,29.44,805.01,73.04,0
Til,Black soils,46.52242066000872,0,5.64,142.37837594275828,2.13191427436652,24.83,943.39,65.43,0
Tiwra,Red and Yellow soils,97.38715723126916,1,6.38,137.4889698215875,2.0734056158904988,25.57,905.16,88.52,1
Jwar,Red and Yellow soils,61.33138378263416,0,6.13,131.90345014994583,3.0456960700275504,20.65,837.43,82.43,0
Kulthi,Black soils,23.189085786347796,0,5.73,189.8627111419892,2.7848888056767773,29.59,883.81,88.09,0
Tiwra,Laterite soils,99.79302285723834,1,6.3,28.356863022535748,2.7788430905388597,26.59,931.52,90.0,0
Rice,Black soils,51.78490534951984,1,5.66,159.67777079366866,3.8935916410771423,20.0,931.47,79.47,1
Urd,Black soils,30.25969736488654,0,6.14,28.04568065397041,1.8011830369833524,28.27,813.6,88.14,0
Moong,Red and Yellow soils,6.70159104623501,0,6.84,154.37849353994258,1.4738508434764648,21.91,937.16,64.33,0
summer paddy,Alluvial soils,62.00398399717235,0,6.68,38.761830651487706,4.14766925501463,24.3,847.47,73.24,0
Jwar,Laterite soils,52.03647167552329,1,6.36,64.66675150721977,1.1856502725788038,28.15,917.52,66.07,1
Groundnut,Alluvial soils,76.89512894880215,0,6.68,111.20094863538525,4.241037869145725,20.0,832.68,70.08,0
Moong,Alluvial soils,30.47426495779317,1,5.91,79.66928665808871,2.6924502123480902,22.6,834.21,77.06,1
Soybean,Black soils,76.5747447185727,0,5.99,55.80956789226062,1.6624085030446671,21.46,910.56,89.09,0
Kulthi,Alluvial soils,92.5492169547469,1,6.94,172.39818815807868,1.6613788159021248,27.72,885.62,86.47,1
Soybean,Alluvial soils,73.18122507589274,0,6.0,84.15235572039454,4.546057014434088,24.87,827.69,88.69,0
Tiwra,Red and Yellow soils,36.11241183442073,0,6.06,127.43746461709286,3.6934087696499662,29.43,896.6,60.29,0
Groundnut,Red and Yellow soils,38.75737864428302,0,6.76,87.85159170492055,4.987331613193882,30.0,866.18,60.0,0
Rice,Laterite soils,36.067847125393314,1,5.64,45.080516013725855,3.846756333323527,20.7,939.72,60.13,0
Mustard,Laterite soils,74.33462632790453,0,6.9,23.998040737995492,3.3383635311434943,29.33,848.31,77.38,0
Kulthi,Black soils,67.84108048066902,1,6.91,44.23042527392003,2.349613359680567,23.6,762.84,80.33,0
Moong,Laterite soils,75.26532755569725,1,5.89,43.65731320402202,3.3010974637817863,27.74,921.76,66.54,0
Wheat,Alluvial soils,86.54297981140141,0,6.94,108.46872549256152,3.65827855817515,20.59,791.43,64.91,0
Millets,Alluvial soils,11.562316984377864,1,6.12,36.32941582572472,4.6043699786807775,25.89,875.52,65.65,0
Gram,Laterite soils,94.10126247062009,0,5.91,72.58126430651672,2.1511369511760727,25.54,895.16,60.0,0
Maize,Alluvial soils,14.964041185953416,1,6.8,139.1026557896301,1.843602189402552,27.65,789.55,67.19,1
Gram,Alluvial soils,6.631856397258757,1,6.44,199.531133950268,4.800063599754694,21.88,853.71,88.37,0
Masoor,Red and Yellow soils,84.52316916652465,1,6.15,136.06206737070266,3.720799011587236,26.73,937.16,76.61,1
Rice,Laterite soils,25.09494464680028,1,6.42,157.04690334075116,1.926924601319298,23.05,841.41,88.06,1
Jwar,Red and Yellow soils,28.76255629578411,1,6.24,177.41725250309972,0.8627567390016935,25.04,921.33,73.1,1
Millets,Laterite soils,19.45015786212121,1,6.94,27.201414090139878,0.6815101265907944,22.4,802.52,78.09,0
Masoor,Alluvial soils,71.71208281936302,0,6.66,31.377403355249527,1.0655330314056928,25.76,839.26,66.8,0
Tiwra,Laterite soils,66.59744978514821,1,6.49,180.71957832423595,3.992147155611458,29.64,789.15,79.05,0
Moong,Alluvial soils,74.91849185092191,1,6.21,35.66011307470839,3.274662483685392,20.0,794.38,87.26,0
Soybean,Red and Yellow soils,79.46057483174057,0,6.47,150.462155599481,3.444350816677973,21.73,863.17,84.64,0
Tiwra,Laterite soils,87.1125768798161,0,5.52,155.6761395244254,3.972236580663137,28.96,946.01,66.98,0
Maize,Red and Yellow soils,92.61970763557478,1,6.54,58.18133438986627,3.1266305880832834,27.5,927.74,63.75,0
Mustard,Black soils,19.12922251866725,1,5.53,103.50209792378745,2.617585675899809,26.78,876.33,66.96,0
Niger,Alluvial soils,30.9149550672235,0,7.0,25.390180382606133,4.890082443067278,21.03,903.77,77.69,0
Soybean,Alluvial soils,45.929950244441066,1,6.5,146.06295145488895,4.868631700892124,28.4,892.76,76.99,0
Masoor,Alluvial soils,17.051062582241848,1,6.9,158.50864420956958,2.1741170604411213,23.38,872.82,77.71,1
Arhar,Alluvial soils,91.85485510003234,0,6.19,76.53287840752338,1.2994679672213083,29.07,832.63,80.15,0
Jwar,Laterite soils,20.52338382586908,0,6.8,39.04821267421946,2.0258284690301904,23.2,883.47,67.06,0
Masoor,Red and Yellow soils,79.30084242753477,1,6.91,11.043366165214929,1.7972285602299596,21.85,934.19,60.05,0
Gram,Black soils,18.54638357946299,1,5.66,34.31846563723244,1.5054079551932045,24.01,925.35,72.39,0
Pea,Alluvial soils,34.82813570853206,1,6.63,39.67680173556278,0.8048689074476658,27.4,851.13,70.57,0
Niger,Red and Yellow soils,30.05926746262701,0,5.59,171.41131547239257,3.621531844526511,30.0,938.31,65.98,0
Maize,Black soils,38.61061367320439,0,6.39,170.31722106664762,0.5080767595702489,24.75,882.62,66.04,0
Gram,Alluvial soils,16.672643607007103,0,6.2,103.22443146605498,0.846637066382314,20.0,861.95,60.0,0
Urd,Black soils,54.97589680292262,1,6.06,182.3901767961132,0.6312941161897548,24.22,912.67,85.77,0
Kulthi,Laterite soils,67.55487925578505,0,7.0,79.33838476518439,4.877362795825739,26.96,800.71,87.35,0
Niger,Laterite soils,4.079749834554197,0,5.63,99.53335179078957,3.6129767886177073,23.6,874.31,67.87,0
Niger,Black soils,2.645006445988896,0,5.74,149.7523142684901,3.7486793601665775,25.2,912.94,74.7,0
Wheat,Laterite soils,7.276797004040833,0,5.79,117.16853925930828,3.99316410162361,24.29,966.37,83.47,0
Urd,Black soils,54.97589680292262,1,6.16,182.3901767961132,0.6312941161897548,25.02,899.8,86.26,0
Millets,Alluvial soils,45.51927766356464,0,6.27,17.637805914713663,4.038528886844827,23.27,816.8,64.04,0
Soybean,Black soils,98.59433372410363,0,6.08,78.26901572028348,4.212803098596902,25.93,854.12,72.75,0
Masoor,Red and Yellow soils,15.573043648692993,0,5.5,40.394151236744186,2.3537196802479925,25.45,864.01,68.41,0
Maize,Alluvial soils,25.96962093356883,0,5.76,159.78724651759555,2.4066244155234733,21.09,918.43,69.07,0
Mustard,Laterite soils,74.33462632790453,0,6.83,23.998040737995492,3.3383635311434943,30.0,831.59,79.47,0
Kulthi,Laterite soils,97.05327118037404,1,7.0,33.70437264492988,4.118308574057645,26.46,886.71,74.24,0
Maize,Red and Yellow soils,75.04133314858224,0,5.75,126.6451520573656,2.7235491072147164,25.24,930.11,63.8,0
Pea,Red and Yellow soils,21.55979018755156,0,6.81,77.78609298703317,3.689048046868987,23.63,807.02,64.57,0
Wheat,Alluvial soils,86.71163811325147,1,6.05,54.94653337104506,3.359167289944513,29.14,835.92,76.88,1
Mustard,Laterite soils,95.8059931058451,0,5.66,103.02761838487882,4.034661034793127,20.29,988.17,61.77,0
Groundnut,Laterite soils,81.6554741475988,1,6.94,86.15027954705378,1.14379756440237,23.8,815.61,77.86,1
Gram,Red and Yellow soils,14.573215619358535,1,5.85,57.09839965697187,3.9514705976890343,28.36,938.99,82.74,0
Rice,Black soils,51.78490534951984,1,5.56,159.67777079366866,3.8935916410771423,21.16,875.67,77.82,1
Rice,Red and Yellow soils,7.996150840499768,0,6.89,73.07030318124619,1.7926143362906817,26.04,815.72,82.39,0
Niger,Laterite soils,14.75564765833209,1,5.88,43.53470873409088,3.958799053421168,29.48,943.43,81.31,0
Millets,Alluvial soils,95.28279889194648,1,6.18,29.144702967043564,4.024157339354911,22.4,806.75,68.88,0
Arhar,Laterite soils,74.64442798330771,1,5.96,155.32653226232352,1.9369977433354968,27.79,940.56,85.01,1
Gram,Alluvial soils,79.26862073639087,1,5.93,169.83024901214273,4.126874099803565,22.14,956.99,77.98,1
Tiwra,Laterite soils,44.157514598221695,0,6.34,20.786220688080256,4.760647059177217,21.67,795.89,74.57,0
Masoor,Alluvial soils,17.051062582241848,1,6.57,158.50864420956958,2.1741170604411213,23.49,913.13,77.25,1
Arhar,Laterite soils,96.60763642238672,0,6.74,133.99567920563555,1.2167870909791818,21.57,830.04,81.9,0
Kulthi,Alluvial soils,61.837349287810135,1,6.64,27.801636027771064,2.6701487722421016,26.1,776.75,78.28,0
Til,Laterite soils,60.02344822552675,0,6.45,196.68461063428768,1.6314438342398223,29.18,847.35,67.93,0
Groundnut,Red and Yellow soils,38.75737864428302,0,6.68,87.85159170492055,4.987331613193882,28.49,863.25,63.38,0
Maize,Red and Yellow soils,60.85170379581952,1,6.37,154.7840778557563,1.2002355013252552,23.64,942.27,74.08,1
Moong,Black soils,66.35159251639024,0,5.85,154.92011886243904,4.532794847215374,27.52,839.81,69.92,0
Pea,Red and Yellow soils,21.55979018755156,0,6.83,77.78609298703317,3.689048046868987,22.45,918.76,63.34,0
Kulthi,Red and Yellow soils,71.95464735059075,0,6.97,143.26123077544585,2.2065192855643185,23.66,833.49,79.49,0
Tiwra,Alluvial soils,42.73461385557504,1,6.54,46.60885970748865,2.3240919163041704,26.76,853.75,72.12,0
Groundnut,Red and Yellow soils,36.53238610880504,0,6.72,92.22094687585086,0.9655793146476612,25.16,854.85,72.15,0
Moong,Laterite soils,1.3350146708237651,0,6.22,27.21836674974315,4.5485522285277975,26.4,809.02,67.22,0
Millets,Laterite soils,48.74312011750155,0,6.28,120.33880048951929,2.4768589850115967,21.35,832.84,77.39,0
Rice,Laterite soils,83.8775957011866,1,5.5,34.37576356945297,2.294909994831729,27.77,926.83,71.54,0
Jwar,Alluvial soils,33.52139305008494,1,6.35,170.24519022942422,1.7358279923002595,25.73,850.09,63.87,1
Pea,Red and Yellow soils,43.446323388532846,0,7.0,141.32630646402174,3.2583353976805944,27.36,880.49,62.32,0
Arhar,Laterite soils,10.205047368034332,1,5.85,171.60702634754793,1.5679546063176029,27.93,875.71,73.92,0
Jwar,Laterite soils,83.11521733640478,1,5.96,135.05875811788147,2.826652317689744,26.08,911.87,60.58,1
Arhar,Laterite soils,84.46788570106386,1,6.01,192.94268675753716,2.7573837199416857,28.74,812.61,73.14,1
Gram,Black soils,60.6590114165344,0,5.6,89.25746879492321,4.041605590451173,25.12,955.99,82.77,0
Kulthi,Laterite soils,67.55487925578505,0,6.87,79.33838476518439,4.877362795825739,26.99,902.49,89.25,0
Pea,Laterite soils,23.44233244018282,0,6.21,87.75414749046334,4.298467138068505,22.56,912.65,86.03,0
Kulthi,Black soils,39.49071677717886,0,6.28,60.39751234176016,3.8970756841866954,27.04,914.21,65.5,0
Rice,Laterite soils,7.142480781761127,0,6.12,145.4650010321932,2.084973135653419,24.67,828.82,68.41,0
Tiwra,Red and Yellow soils,45.40305501460495,1,5.5,63.94801167122259,4.253171358306454,26.58,975.35,85.15,1
Groundnut,Laterite soils,81.6554741475988,1,6.97,86.15027954705378,1.14379756440237,25.58,812.13,76.52,1
Niger,Black soils,41.408301825253936,1,6.13,31.68152038748095,2.551580468611744,23.94,861.52,65.55,0
Til,Black soils,58.53364358235279,1,6.9,199.36210175604907,0.7934570356250641,30.0,851.84,76.36,1
Tiwra,Alluvial soils,28.87196897058254,0,6.95,17.161441426265586,4.476599320211214,30.0,842.13,67.37,0
Gram,Laterite soils,53.836448220478616,0,5.65,15.2236049976858,0.9405202056930708,23.64,971.07,64.06,0
Tiwra,Black soils,94.76385180041332,0,6.6,110.7678118617717,0.8166051320582242,26.57,791.93,84.6,0
Gram,Alluvial soils,92.8493387422751,1,6.75,64.25799140275164,4.914860850641632,29.73,790.03,75.07,1
Til,Alluvial soils,48.12232243119416,1,5.82,159.19400511003866,4.48088955820164,20.05,883.99,74.58,1
Maize,Red and Yellow soils,75.04133314858224,0,5.5,126.6451520573656,2.7235491072147164,25.02,866.58,62.71,0
Arhar,Black soils,7.8885965708143235,0,6.93,22.190126691675964,1.5355669671957597,23.68,768.56,85.15,0
Tiwra,Alluvial soils,28.87196897058254,0,6.65,17.161441426265586,4.476599320211214,30.0,818.64,66.13,0
summer paddy,Laterite soils,34.066071163832795,1,6.41,149.23083239700463,4.611200027303879,27.19,857.64,76.99,1
Tiwra,Black soils,63.70051960241635,1,6.47,78.64897896002441,4.51494091656409,23.12,882.71,87.0,0
Maize,Black soils,87.75885918969198,0,5.95,139.78469040599293,1.3665129133839682,26.12,856.99,89.08,0
Mustard,Alluvial soils,29.138359213116704,0,6.39,163.4305505984715,3.5913293882148416,28.76,876.63,63.84,0
Masoor,Red and Yellow soils,34.865602801136006,1,5.75,74.53290343716962,0.976484678989204,21.75,947.87,63.25,1
Groundnut,Red and Yellow soils,38.75737864428302,0,6.93,87.85159170492055,4.987331613193882,29.16,816.45,60.0,0
Tiwra,Red and Yellow soils,49.47275930960727,1,6.81,64.97986652212177,4.40748983958334,26.01,779.76,87.02,0
Arhar,Laterite soils,70.69460626460166,0,6.38,128.31657060515244,4.766392383485942,26.21,936.5,86.5,0
summer paddy,Laterite soils,68.33971322490649,1,6.66,21.80492518759846,3.622176401026044,21.08,890.44,76.35,0
Maize,Alluvial soils,25.96962093356883,0,5.55,159.78724651759555,2.4066244155234733,20.0,949.88,69.87,0
Mustard,Black soils,48.223606509415184,0,5.68,42.21612474828965,3.626063543977249,27.31,916.86,76.98,0
Arhar,Red and Yellow soils,89.63418660147754,0,5.96,197.40269607320457,2.917209527133356,24.14,825.04,75.11,0
Masoor,Alluvial soils,45.62108056768259,0,6.56,174.13879435365195,4.357303858339503,26.79,892.24,60.0,0
Groundnut,Alluvial soils,77.64734025846953,1,6.61,30.1290536211666,2.4437057909109408,23.28,827.73,66.24,0
Urd,Red and Yellow soils,80.12909695909734,0,7.0,70.99504826835619,4.201089365152599,28.79,880.52,82.55,0
Pea,Laterite soils,23.44233244018282,0,6.36,87.75414749046334,4.298467138068505,23.86,783.2,89.14,0
Maize,Alluvial soils,14.964041185953416,1,6.91,139.1026557896301,1.843602189402552,28.71,848.05,67.47,1
Pea,Alluvial soils,34.82813570853206,1,7.0,39.67680173556278,0.8048689074476658,28.01,891.73,76.09,0
Til,Alluvial soils,20.130363157001845,1,6.0,96.39301275682372,3.99987462399122,24.13,845.73,61.28,1
Groundnut,Black soils,13.083322941050284,0,6.07,85.59418473765709,3.41430524157662,24.0,935.08,64.91,0
Maize,Laterite soils,80.06913248485557,0,6.49,60.5239790933438,1.7659599285259715,28.88,897.2,72.47,0
Kulthi,Alluvial soils,92.5492169547469,1,6.79,172.39818815807868,1.6613788159021248,27.1,786.28,83.04,1
summer paddy,Alluvial soils,49.74984625046088,1,6.74,177.06316827987376,3.0524203994909347,20.91,921.59,78.63,1
Kulthi,Black soils,93.64418332139984,1,5.5,135.85787194702743,2.7374408939283854,30.0,947.08,90.0,1
Gram,Alluvial soils,79.26862073639087,1,5.81,169.83024901214273,4.126874099803565,20.0,863.02,82.07,1
Groundnut,Alluvial soils,76.89512894880215,0,6.77,111.20094863538525,4.241037869145725,21.32,908.45,74.22,0
Millets,Red and Yellow soils,17.122970872144943,1,5.99,60.7652239322664,2.3761285663683043,27.43,903.59,69.36,1
Masoor,Alluvial soils,45.62108056768259,0,6.67,174.13879435365195,4.357303858339503,24.39,804.09,60.0,0
Mustard,Black soils,49.5300825663572,0,5.62,153.43110336778798,4.824259422343958,26.44,832.57,85.36,0
Tiwra,Laterite soils,44.157514598221695,0,6.47,20.786220688080256,4.760647059177217,23.3,815.79,70.13,0
Moong,Alluvial soils,26.489067920660645,1,5.56,57.774369919506846,4.0238207365493945,24.37,971.21,85.32,1
Rice,Red and Yellow soils,62.88030372406628,0,6.33,69.50062910462015,4.898555948589926,23.46,937.4,70.68,0
Tiwra,Red and Yellow soils,36.11241183442073,0,6.15,127.43746461709286,3.6934087696499662,28.24,866.44,61.6,0
Millets,Alluvial soils,66.1773521263443,1,6.5,121.45483757861142,4.880676349583943,24.69,858.23,71.03,1
Tiwra,Alluvial soils,7.949464529363647,1,6.73,26.11128283567805,0.5044061015460503,20.0,828.64,83.08,0
Millets,Laterite soils,11.564782214969178,1,6.58,120.43280013719917,3.7676132617091977,25.13,853.22,60.38,1
Masoor,Red and Yellow soils,84.52316916652465,1,6.06,136.06206737070266,3.720799011587236,26.46,820.82,78.5,1
Pea,Red and Yellow soils,77.1904149781785,1,6.02,159.6942075375746,3.61915464017993,24.89,825.64,60.0,1
Moong,Laterite soils,4.258463097456195,0,5.54,181.9289995636216,3.8846723421151497,24.88,840.26,78.69,0
Niger,Alluvial soils,40.72168891707997,1,6.25,64.74785133657514,2.41594149570782,23.61,847.15,70.88,1
summer paddy,Alluvial soils,80.44770135267859,0,6.9,29.64755058306169,4.7260075846814615,22.51,776.66,86.55,0
Wheat,Black soils,27.701983404171347,1,7.0,165.79370043835235,0.8135175506595091,27.1,793.85,82.54,1
Moong,Alluvial soils,26.489067920660645,1,5.62,57.774369919506846,4.0238207365493945,22.47,866.0,88.34,1
Pea,Laterite soils,33.75432868239185,1,5.67,80.1683655296807,2.515180774620488,23.56,928.23,70.45,1
Maize,Alluvial soils,34.904783067347054,0,6.7,17.703829613210928,0.5905315307981513,27.61,863.47,90.0,0
summer paddy,Laterite soils,57.82058689786627,0,6.16,53.81319082011551,2.8357837897845606,22.32,853.88,77.77,0
Maize,Laterite soils,59.61861413363324,1,5.68,135.50678958732516,2.9379073788004195,24.92,875.44,80.49,1
Millets,Laterite soils,19.45015786212121,1,6.94,27.201414090139878,0.6815101265907944,21.26,882.14,81.9,0
Urd,Laterite soils,4.197889378619497,0,6.5,90.0138398925223,4.669929373092929,28.85,826.6,75.9,0
Groundnut,Alluvial soils,7.595586649378683,1,6.79,32.52112578042177,2.090866635406147,21.0,925.06,62.39,0
Kulthi,Black soils,19.94313150748539,1,6.87,97.58946583215312,2.988773303025213,23.05,866.68,80.59,1
Tiwra,Red and Yellow soils,49.47275930960727,1,6.8,64.97986652212177,4.40748983958334,26.72,901.06,89.36,0
Arhar,Alluvial soils,39.45787077617061,1,6.28,191.36893057921523,4.646728325885565,21.49,826.64,63.28,0
Mustard,Laterite soils,53.54515854139666,1,6.49,108.2514903397496,3.718948332542829,24.83,814.22,74.44,1
Masoor,Red and Yellow soils,84.52316916652465,1,6.29,136.06206737070266,3.720799011587236,27.21,864.67,80.17,1
Jwar,Alluvial soils,8.770750022223734,1,5.93,115.99582439793596,2.540243063469655,25.06,871.81,88.88,1
Rice,Alluvial soils,45.02207961303291,1,5.79,183.9060120825367,2.2666440011155182,26.78,831.93,89.37,1
Jwar,Alluvial soils,75.59152131396844,1,6.62,79.91476651727123,4.875495742078561,20.82,842.32,74.87,1
Millets,Alluvial soils,3.618996042561992,0,6.12,195.20677589698155,0.9929670665083924,26.67,899.88,84.21,0
Maize,Black soils,73.32267007953085,0,5.75,47.49317757286676,0.6835265598024884,25.83,969.31,67.73,0
Maize,Alluvial soils,25.96962093356883,0,5.5,159.78724651759555,2.4066244155234733,20.0,920.05,70.48,0
Millets,Alluvial soils,11.562316984377864,1,6.01,36.32941582572472,4.6043699786807775,23.95,965.02,65.91,0
Kulthi,Laterite soils,67.55487925578505,0,7.0,79.33838476518439,4.877362795825739,29.05,837.17,90.0,0
Urd,Black soils,54.97589680292262,1,6.19,182.3901767961132,0.6312941161897548,25.18,801.06,86.82,0
Tiwra,Black soils,51.6709483055929,0,6.99,135.42477390060515,3.1134728386348294,22.29,880.98,83.75,0
Kulthi,Red and Yellow soils,4.874093193902079,0,6.07,58.01984131719706,1.2796791167350348,21.34,862.64,81.88,0
Maize,Black soils,19.463557757075588,0,6.61,125.4704718867283,2.598418486481846,22.41,828.54,77.07,0
Moong,Laterite soils,75.26532755569725,1,5.84,43.65731320402202,3.3010974637817863,29.2,829.53,64.58,0
Urd,Laterite soils,4.197889378619497,0,6.88,90.0138398925223,4.669929373092929,30.0,793.9,78.65,0
summer paddy,Alluvial soils,7.078898910240252,1,5.61,133.05676737201873,2.8391106476553305,24.68,840.14,87.17,0
Kulthi,Laterite soils,6.566266666595126,1,6.63,182.44291675508293,2.3480193489739687,24.34,812.44,73.03,1
Moong,Laterite soils,4.258463097456195,0,5.5,181.9289995636216,3.8846723421151497,26.68,985.2,77.53,0
Soybean,Black soils,43.93909969768636,1,6.67,187.44094250103575,3.156684445310398,26.5,776.21,86.86,1
Mustard,Laterite soils,71.43977713087003,0,6.03,192.4061665391249,2.318230840930169,21.0,832.68,74.04,0
Pea,Red and Yellow soils,77.1904149781785,1,6.06,159.6942075375746,3.61915464017993,26.57,832.98,60.0,1
summer paddy,Alluvial soils,68.88862950071787,1,6.04,73.83428244149384,0.5966557233781861,26.15,937.11,78.67,1
Wheat,Black soils,27.701983404171347,1,7.0,165.79370043835235,0.8135175506595091,24.89,908.81,84.51,1
Millets,Alluvial soils,11.562316984377864,1,6.11,36.32941582572472,4.6043699786807775,25.46,818.47,71.4,0
summer paddy,Alluvial soils,7.078898910240252,1,5.57,133.05676737201873,2.8391106476553305,23.36,944.52,88.22,0
Masoor,Red and Yellow soils,90.46926764515013,1,6.37,39.5265414675269,4.552431153446992,24.75,868.48,78.97,0
Rice,Laterite soils,83.79467762655149,0,6.76,33.31006222633755,2.783971589852677,22.84,896.67,86.29,0
Gram,Alluvial soils,16.672643607007103,0,6.2,103.22443146605498,0.846637066382314,21.38,853.62,62.22,0
Til,Laterite soils,82.11526872345533,0,6.08,179.22366038694898,3.004640999287888,26.08,865.19,61.41,0
Pea,Alluvial soils,63.2123421474168,1,5.87,30.08992185887418,2.1099619017340947,27.89,883.61,63.72,0
Til,Laterite soils,82.11526872345533,0,5.95,179.22366038694898,3.004640999287888,26.04,857.35,61.36,0
Gram,Red and Yellow soils,19.447014158096326,0,7.0,144.3782799628782,2.1302329607260293,28.89,819.57,87.18,0
Arhar,Black soils,58.272667448535096,0,5.82,146.75311324207283,0.571651324312384,20.0,932.0,65.34,0
Millets,Alluvial soils,95.28279889194648,1,6.13,29.144702967043564,4.024157339354911,23.71,856.81,71.93,0
Kulthi,Black soils,23.189085786347796,0,5.9,189.8627111419892,2.7848888056767773,28.57,807.82,89.41,0
Til,Laterite soils,60.02344822552675,0,6.69,196.68461063428768,1.6314438342398223,28.29,855.47,66.6,0
Rice,Alluvial soils,36.01014845087093,0,5.86,95.5705372998716,0.9837850209673618,22.11,888.19,76.48,0
Rice,Red and Yellow soils,65.11829897838918,0,6.59,175.61385743537613,1.910934434431556,27.38,797.2,66.93,0
Rice,Laterite soils,7.142480781761127,0,5.9,145.4650010321932,2.084973135653419,22.64,941.25,68.13,0
Kulthi,Laterite soils,31.16493766854265,0,6.58,37.76578110224007,3.3810076514253757,23.06,858.86,65.8,0
Millets,Black soils,3.6021924614231,0,6.31,20.467091914049288,0.5161914575404415,25.42,865.02,79.7,0
Kulthi,Alluvial soils,67.60628023713699,0,5.59,34.05724834084618,3.7087473186135087,28.79,900.54,61.35,0
Tiwra,Alluvial soils,49.96403886906193,0,6.82,129.23233750459332,1.024483141899196,26.76,935.01,66.98,0
Masoor,Red and Yellow soils,90.46926764515013,1,6.3,39.5265414675269,4.552431153446992,26.57,795.86,76.62,0
Tiwra,Red and Yellow soils,45.40305501460495,1,5.6,63.94801167122259,4.253171358306454,27.59,937.86,79.66,1
Millets,Red and Yellow soils,70.98318926589636,1,6.91,74.80825570491946,3.7312992983988873,27.41,807.1,60.0,1
Pea,Red and Yellow soils,57.89621108388996,1,5.82,140.3534641806105,3.0806227397827857,27.49,923.64,87.78,1
summer paddy,Laterite soils,68.33971322490649,1,6.7,21.80492518759846,3.622176401026044,22.28,895.36,75.63,0
Urd,Alluvial soils,18.245949358971803,1,6.17,144.86143436361849,4.22251584341133,25.33,804.31,71.54,1
Gram,Laterite soils,25.539681660071125,1,6.71,24.59636681009846,2.769413193485069,20.72,821.12,75.56,0
Tiwra,Laterite soils,44.157514598221695,0,6.22,20.786220688080256,4.760647059177217,21.46,830.18,74.98,0
Gram,Laterite soils,94.10126247062009,0,5.5,72.58126430651672,2.1511369511760727,26.89,884.76,60.83,0
Tiwra,Black soils,51.6709483055929,0,7.0,135.42477390060515,3.1134728386348294,24.34,820.68,84.03,0
Urd,Laterite soils,4.197889378619497,0,6.92,90.0138398925223,4.669929373092929,29.94,788.89,76.91,0
Jwar,Black soils,58.43929542154972,1,6.02,16.566631578535365,3.473426184998023,22.72,946.97,70.6,0
Soybean,Red and Yellow soils,79.46057483174057,0,6.48,150.462155599481,3.444350816677973,21.41,876.19,85.25,0
Arhar,Laterite soils,96.60763642238672,0,6.45,133.99567920563555,1.2167870909791818,23.11,884.57,86.54,0
Jwar,Alluvial soils,75.59152131396844,1,6.67,79.91476651727123,4.875495742078561,21.51,780.59,77.91,1
Kulthi,Alluvial soils,54.81048353532652,1,6.13,24.193410570245213,4.594332152474536,25.61,966.63,62.74,0
Niger,Alluvial soils,30.9149550672235,0,6.7,25.390180382606133,4.890082443067278,21.6,926.02,82.24,0
Kulthi,Black soils,67.84108048066902,1,6.63,44.23042527392003,2.349613359680567,23.27,816.71,76.02,0
Wheat,Laterite soils,92.6074773325522,1,5.9,171.06465646258272,1.1677687279613973,23.66,880.84,74.4,1
Tiwra,Laterite soils,66.59744978514821,1,6.27,180.71957832423595,3.992147155611458,30.0,827.35,83.14,0
Pea,Red and Yellow soils,14.258821823399837,1,6.37,181.6323051076012,4.302368943900499,25.55,834.62,69.66,1
Maize,Laterite soils,32.09495506812422,0,6.46,71.06637841499042,4.98667080551723,24.06,864.07,73.39,0
Gram,Alluvial soils,96.9050114005799,0,6.78,122.13502087504426,2.056511701070491,20.91,785.65,88.82,0
Kulthi,Black soils,23.189085786347796,0,6.07,189.8627111419892,2.7848888056767773,30.0,807.61,85.05,0
Mustard,Red and Yellow soils,67.90567177519311,0,6.77,184.57009859164535,2.8827361969169605,23.88,767.69,85.84,0
Moong,Laterite soils,75.26532755569725,1,5.95,43.65731320402202,3.3010974637817863,27.65,910.87,63.64,0
Jwar,Black soils,85.02489644764282,0,6.07,141.69070379804322,2.338065364164532,26.03,838.77,62.68,0
Pea,Laterite soils,33.75432868239185,1,5.85,80.1683655296807,2.515180774620488,23.2,913.07,68.57,1
Tiwra,Alluvial soils,57.12809708824221,1,6.39,197.0604365484146,3.9823961897083984,23.51,908.01,64.4,1
Groundnut,Laterite soils,65.31840295659302,0,6.8,141.36645020981774,4.393638773635823,25.38,795.24,84.62,0
Til,Black soils,85.01927690614711,0,6.77,142.2143460301832,3.3364185717505808,21.47,893.43,73.83,0
Urd,Alluvial soils,91.70252765931488,0,6.6,15.605923247840275,3.5094411666075778,23.68,805.82,73.92,0
Moong,Black soils,68.47419592831014,1,6.28,62.139746561585554,1.7248326329770518,28.21,921.04,72.43,0
Masoor,Red and Yellow soils,90.46926764515013,1,6.23,39.5265414675269,4.552431153446992,25.0,914.29,73.07,0
Kulthi,Black soils,19.94313150748539,1,6.82,97.58946583215312,2.988773303025213,21.59,787.16,83.4,1
Tiwra,Laterite soils,99.79302285723834,1,6.1,28.356863022535748,2.7788430905388597,24.53,802.74,90.0,0
Jwar,Alluvial soils,25.85682337890519,1,5.68,102.61050271033608,4.377680196883321,25.83,942.63,83.68,0
Groundnut,Black soils,87.53054551977526,0,5.83,172.43490927868564,4.158548482629399,30.0,830.74,73.06,0
Soybean,Alluvial soils,1.0845160463029235,0,6.02,132.15140054930788,1.295639412046346,24.44,930.19,84.81,0
Wheat,Laterite soils,92.6074773325522,1,5.93,171.06465646258272,1.1677687279613973,22.84,957.09,76.99,1
Niger,Black soils,41.79287336304921,0,7.0,54.696853754845804,1.7969102556076575,23.67,848.06,68.11,0
Tiwra,Laterite soils,99.79302285723834,1,6.16,28.356863022535748,2.7788430905388597,24.18,842.63,87.11,0
Urd,Laterite soils,4.197889378619497,0,6.51,90.0138398925223,4.669929373092929,28.56,804.77,80.98,0
Wheat,Alluvial soils,86.54297981140141,0,6.91,108.46872549256152,3.65827855817515,22.67,801.94,66.83,0
Urd,Laterite soils,56.01656404336428,1,5.5,169.6786697669429,1.2509461554512062,27.52,905.55,78.43,1
summer paddy,Alluvial soils,62.00398399717235,0,6.73,38.761830651487706,4.14766925501463,24.96,901.05,79.52,0
Millets,Red and Yellow soils,60.97944387000568,0,6.49,183.50464510721,2.1363469721664288,27.78,800.47,70.13,0
Urd,Alluvial soils,18.245949358971803,1,6.47,144.86143436361849,4.22251584341133,27.82,920.27,66.72,1
Jwar,Alluvial soils,25.85682337890519,1,5.5,102.61050271033608,4.377680196883321,25.84,851.4,82.36,0
Soybean,Laterite soils,82.5219028825696,1,6.2,120.98570933252736,1.84204637395397,23.67,877.34,90.0,1
Gram,Alluvial soils,16.672643607007103,0,6.3,103.22443146605498,0.846637066382314,20.0,819.53,60.0,0
Pea,Black soils,52.66967119754954,1,5.85,193.05858625795943,1.4970629237169906,28.17,938.33,89.19,1
Niger,Red and Yellow soils,16.887171155387144,1,5.89,22.167450486029797,2.846606265660132,27.57,868.24,72.58,0
Maize,Laterite soils,80.06913248485557,0,6.33,60.5239790933438,1.7659599285259715,28.54,815.54,70.48,0
Gram,Alluvial soils,44.36061613463463,1,5.69,51.92836348552057,1.185780320544819,21.1,917.23,73.98,1
Soybean,Black soils,99.34559799516776,0,6.98,135.6931179241448,1.381824872493303,22.04,823.32,75.77,0
Jwar,Black soils,87.71268641532818,0,6.24,15.698221174437968,2.9018118843038945,23.67,856.15,87.47,0
Pea,Laterite soils,86.12529571965065,1,5.85,65.74792040384469,1.4305217882726928,23.82,823.66,88.32,1
summer paddy,Alluvial soils,49.74984625046088,1,6.86,177.06316827987376,3.0524203994909347,22.06,829.52,80.49,1
Masoor,Alluvial soils,88.17766186897569,0,5.86,13.862974164951854,3.4365674693025685,24.89,952.24,81.48,0
Masoor,Red and Yellow soils,42.05432526241285,0,6.78,90.60728467834542,3.089700259916918,25.75,861.58,67.22,0
Pea,Black soils,96.80767801393904,0,6.7,195.8016411514046,1.166165615757137,21.46,837.17,75.74,0
Millets,Alluvial soils,11.562316984377864,1,6.13,36.32941582572472,4.6043699786807775,24.41,903.15,66.82,0
Moong,Laterite soils,44.60788148262814,1,5.92,83.79284451275134,2.217174315777015,26.41,934.63,61.12,1
Jwar,Laterite soils,83.11521733640478,1,6.02,135.05875811788147,2.826652317689744,25.85,821.57,67.5,1
Pea,Red and Yellow soils,57.89621108388996,1,6.05,140.3534641806105,3.0806227397827857,28.13,900.67,88.21,1
Tiwra,Laterite soils,66.59744978514821,1,6.39,180.71957832423595,3.992147155611458,29.87,789.58,77.26,0
Soybean,Laterite soils,13.10812731307866,1,5.5,178.12965587280345,2.260207718353315,27.75,886.6,72.52,1
Maize,Black soils,87.75885918969198,0,5.52,139.78469040599293,1.3665129133839682,27.5,877.08,88.76,0
Soybean,Red and Yellow soils,79.46057483174057,0,6.3,150.462155599481,3.444350816677973,21.13,905.46,83.53,0
Gram,Black soils,7.538508193294686,1,6.55,22.895319575658647,0.7515476161379425,23.7,818.97,90.0,0
Jwar,Black soils,87.71268641532818,0,6.47,15.698221174437968,2.9018118843038945,24.3,879.46,85.62,0
Kulthi,Red and Yellow soils,4.874093193902079,0,6.02,58.01984131719706,1.2796791167350348,23.2,912.07,82.48,0
summer paddy,Alluvial soils,80.44770135267859,0,7.0,29.64755058306169,4.7260075846814615,22.36,872.04,82.62,0
summer paddy,Alluvial soils,7.078898910240252,1,5.7,133.05676737201873,2.8391106476553305,24.66,853.48,82.8,0
Urd,Black soils,30.25969736488654,0,5.99,28.04568065397041,1.8011830369833524,27.65,887.3,83.72,0
Masoor,Alluvial soils,71.71208281936302,0,6.76,31.377403355249527,1.0655330314056928,25.48,812.35,63.66,0
Maize,Black soils,19.410359181755048,0,5.67,167.23117270851932,4.392858700280796,26.02,839.76,60.0,0
Til,Laterite soils,89.66061130236088,0,5.58,138.96491601693197,2.999699639608014,25.68,914.02,86.69,0
Kulthi,Laterite soils,20.90726535219855,0,6.96,98.52331092318568,2.606152200854422,25.18,922.41,75.07,0
Millets,Laterite soils,11.564782214969178,1,6.72,120.43280013719917,3.7676132617091977,24.22,814.09,60.0,1
Jwar,Alluvial soils,25.85682337890519,1,5.52,102.61050271033608,4.377680196883321,25.2,877.23,83.87,0
summer paddy,Alluvial soils,68.88862950071787,1,6.22,73.83428244149384,0.5966557233781861,26.84,954.55,74.5,1
summer paddy,Alluvial soils,5.634581766188527,1,6.6,70.69578532542236,3.804381772475503,21.9,901.72,80.0,1
Masoor,Red and Yellow soils,63.29267823677274,1,5.86,149.29521124251127,1.6236523171898996,20.0,923.49,60.0,1
Pea,Black soils,96.80767801393904,0,6.29,195.8016411514046,1.166165615757137,22.58,869.48,80.93,0
summer paddy,Alluvial soils,92.14077589708448,0,5.54,37.26311684885115,2.4051624361938035,20.99,962.38,83.3,0
Tiwra,Alluvial soils,28.87196897058254,0,6.72,17.161441426265586,4.476599320211214,28.53,790.85,70.45,0
Mustard,Laterite soils,71.43977713087003,0,6.03,192.4061665391249,2.318230840930169,20.83,854.47,76.75,0
Til,Alluvial soils,48.12232243119416,1,5.8,159.19400511003866,4.48088955820164,20.0,880.82,77.1,1
Millets,Red and Yellow soils,17.122970872144943,1,5.87,60.7652239322664,2.3761285663683043,27.71,885.46,69.81,1
Jwar,Laterite soils,52.03647167552329,1,6.62,64.66675150721977,1.1856502725788038,28.9,810.78,67.94,1
Moong,Alluvial soils,72.89801626222972,0,6.01,147.08444454896002,1.630372576341142,30.0,912.4,67.23,0
Soybean,Black soils,99.34559799516776,0,7.0,135.6931179241448,1.381824872493303,21.53,883.21,74.83,0
Arhar,Alluvial soils,40.59763875962707,1,5.5,154.16751398387302,1.6967064291359415,25.52,959.28,74.52,1
summer paddy,Alluvial soils,62.00398399717235,0,6.87,38.761830651487706,4.14766925501463,24.23,897.26,75.34,0
Kulthi,Black soils,39.49071677717886,0,6.23,60.39751234176016,3.8970756841866954,28.15,950.75,69.66,0
Millets,Alluvial soils,66.1773521263443,1,6.12,121.45483757861142,4.880676349583943,24.29,923.75,66.16,1
Groundnut,Laterite soils,65.31840295659302,0,6.71,141.36645020981774,4.393638773635823,25.64,895.82,82.42,0
Moong,Alluvial soils,26.489067920660645,1,5.92,57.774369919506846,4.0238207365493945,24.33,813.57,84.36,1
Pea,Red and Yellow soils,45.88200025350533,0,6.57,166.4197314414131,0.7604645881312596,26.9,874.55,70.93,0
summer paddy,Alluvial soils,80.44770135267859,0,6.73,29.64755058306169,4.7260075846814615,21.42,920.53,82.39,0
Maize,Black soils,25.60173042272508,1,7.0,165.05125349950538,2.360850866018045,29.39,870.27,62.64,1
Jwar,Alluvial soils,3.1422931695712104,0,5.5,124.9568629244877,1.2982647039962512,26.96,973.96,81.09,0
Millets,Alluvial soils,45.51927766356464,0,5.78,17.637805914713663,4.038528886844827,23.51,938.54,65.19,0
Urd,Red and Yellow soils,21.596618772360653,1,6.91,136.9355851898517,2.343072110888093,21.41,872.48,90.0,1
Pea,Black soils,94.11254095151456,0,6.85,74.32011188400841,3.278071802192412,24.95,785.81,86.79,0
Pea,Red and Yellow soils,57.89621108388996,1,5.76,140.3534641806105,3.0806227397827857,28.09,871.52,83.78,1
Arhar,Laterite soils,96.60763642238672,0,6.33,133.99567920563555,1.2167870909791818,21.07,779.93,87.16,0
Millets,Black soils,6.907493912567169,0,6.54,84.40519823967013,2.862263975769026,28.53,793.68,86.43,0
Urd,Black soils,6.69515158775076,0,6.09,187.8070287106091,1.1930450406000916,23.5,831.51,68.89,0
Jwar,Alluvial soils,50.27501027132872,0,6.52,103.71091740391591,4.248261783890516,22.11,860.53,63.27,0
Masoor,Black soils,35.88229477097293,0,6.51,78.05785247904603,3.7076108701053294,25.21,924.4,63.81,0
Tiwra,Red and Yellow soils,97.38715723126916,1,6.16,137.4889698215875,2.0734056158904988,25.02,832.72,83.85,1
Urd,Black soils,30.25969736488654,0,5.8,28.04568065397041,1.8011830369833524,29.12,815.5,89.96,0
Moong,Black soils,75.01023382812153,1,6.95,27.654315800797047,2.046099335099027,27.65,792.96,63.04,0
summer paddy,Alluvial soils,7.078898910240252,1,5.7,133.05676737201873,2.8391106476553305,23.6,842.42,86.53,0
Maize,Red and Yellow soils,60.85170379581952,1,6.16,154.7840778557563,1.2002355013252552,23.48,888.92,74.51,1
Rice,Black soils,51.78490534951984,1,5.5,159.67777079366866,3.8935916410771423,21.29,971.03,72.54,1
Gram,Black soils,78.84309895532813,1,6.09,101.37659921705163,0.5595492491183836,20.16,833.15,80.51,0
Wheat,Alluvial soils,86.54297981140141,0,6.82,108.46872549256152,3.65827855817515,20.33,847.61,62.75,0
Mustard,Red and Yellow soils,63.63832068665308,0,6.84,88.53373490142508,1.9370490801246305,26.78,922.75,69.93,0
Pea,Laterite soils,37.95291147089761,1,6.81,155.92154634208538,1.0961422182962492,23.23,910.12,85.42,1
Millets,Black soils,85.5878730724342,1,6.1,61.37039983559247,3.7262686183632985,26.91,931.84,76.96,0
Jwar,Alluvial soils,50.27501027132872,0,6.74,103.71091740391591,4.248261783890516,24.12,799.23,65.27,0
Jwar,Laterite soils,83.27429064883648,1,5.7,66.97405545052723,4.904528295647274,26.44,853.14,63.31,1
Arhar,Alluvial soils,39.45787077617061,1,6.68,191.36893057921523,4.646728325885565,20.0,937.89,67.11,0
Jwar,Laterite soils,20.52338382586908,0,6.75,39.04821267421946,2.0258284690301904,24.12,851.74,73.17,0
Niger,Black soils,30.080933360930537,0,5.86,52.22680121536878,1.086363801815192,25.4,868.63,67.62,0
Soybean,Laterite soils,82.5219028825696,1,6.46,120.98570933252736,1.84204637395397,21.82,810.06,89.5,1
Masoor,Black soils,76.58104466203038,0,6.42,112.258823548082,0.8441663455221252,26.52,828.97,66.96,0
Mustard,Laterite soils,95.8059931058451,0,6.0,103.02761838487882,4.034661034793127,22.08,864.59,63.88,0
Kulthi,Alluvial soils,92.5492169547469,1,6.9,172.39818815807868,1.6613788159021248,29.12,791.2,89.57,1
summer paddy,Alluvial soils,5.634581766188527,1,6.18,70.69578532542236,3.804381772475503,22.62,883.01,78.63,1
Urd,Black soils,24.427711240308238,0,5.84,40.40200266895553,4.121770237149953,25.29,903.39,87.31,0
Tiwra,Black soils,14.00913180874091,1,5.77,192.864017307691,3.587869631963185,24.38,896.64,70.88,1
Tiwra,Red and Yellow soils,36.11241183442073,0,5.78,127.43746461709286,3.6934087696499662,28.52,975.67,67.05,0
Masoor,Red and Yellow soils,15.573043648692993,0,5.61,40.394151236744186,2.3537196802479925,24.91,949.07,73.49,0
Gram,Black soils,48.6773164556799,1,5.5,69.28313557959125,2.0201114088284804,22.41,933.59,78.09,1
Gram,Alluvial soils,11.03940647751555,0,6.86,53.34742166871745,2.74635152842651,26.6,928.59,69.69,0
Urd,Alluvial soils,3.862270503389171,0,6.7,55.87963143873647,4.218136005495886,21.06,876.36,86.61,0
Masoor,Red and Yellow soils,90.46926764515013,1,5.89,39.5265414675269,4.552431153446992,24.77,962.38,75.88,0
Jwar,Black soils,28.67326065577008,0,6.21,62.69765596562617,3.9383874571860433,21.08,903.93,76.16,0
Kulthi,Laterite soils,93.89813650383569,0,6.46,193.230305006838,2.25817436042408,29.58,862.35,64.09,0
Pea,Laterite soils,13.913505998801302,1,6.14,198.6012534110168,2.571015400924413,24.13,897.12,62.29,1
Jwar,Alluvial soils,3.1422931695712104,0,5.71,124.9568629244877,1.2982647039962512,29.07,842.08,74.96,0
Pea,Red and Yellow soils,43.446323388532846,0,6.69,141.32630646402174,3.2583353976805944,28.99,827.59,67.3,0
Wheat,Alluvial soils,67.4018482677936,0,5.85,27.39069849597884,4.906744463762068,20.0,879.54,62.54,0
Gram,Black soils,18.54638357946299,1,5.68,34.31846563723244,1.5054079551932045,25.91,853.32,71.48,0
Jwar,Red and Yellow soils,54.09861316205604,1,5.5,43.55196900142567,2.5235327567755976,27.68,840.54,71.91,0
Kulthi,Laterite soils,97.05327118037404,1,6.89,33.70437264492988,4.118308574057645,26.57,925.2,71.05,0
Tiwra,Laterite soils,44.157514598221695,0,6.1,20.786220688080256,4.760647059177217,23.84,830.03,70.56,0
Jwar,Black soils,85.02489644764282,0,5.94,141.69070379804322,2.338065364164532,24.6,922.2,63.77,0
Mustard,Laterite soils,61.737953589033744,0,5.61,65.69585886371809,1.5602596870875736,24.33,895.78,83.96,0
Kulthi,Laterite soils,93.89813650383569,0,6.8,193.230305006838,2.25817436042408,28.94,823.8,62.49,0
summer paddy,Alluvial soils,5.634581766188527,1,6.41,70.69578532542236,3.804381772475503,20.71,931.68,77.19,1
Kulthi,Black soils,67.84108048066902,1,6.79,44.23042527392003,2.349613359680567,23.24,838.88,80.75,0
Mustard,Laterite soils,95.8059931058451,0,5.84,103.02761838487882,4.034661034793127,20.0,884.89,60.0,0
Millets,Red and Yellow soils,68.53613344912503,1,6.84,145.54578088551114,2.7638146457013453,21.73,834.02,60.0,1
Kulthi,Alluvial soils,54.81048353532652,1,6.1,24.193410570245213,4.594332152474536,27.24,968.38,64.6,0
Gram,Alluvial soils,16.672643607007103,0,5.95,103.22443146605498,0.846637066382314,20.0,844.13,65.18,0
Til,Alluvial soils,48.12232243119416,1,5.63,159.19400511003866,4.48088955820164,20.02,853.02,76.75,1
Arhar,Alluvial soils,16.947340444794044,0,6.8,115.46353355361116,3.294811394244745,24.18,838.29,71.52,0
Groundnut,Alluvial soils,77.64734025846953,1,6.68,30.1290536211666,2.4437057909109408,22.18,828.87,66.08,0
Gram,Black soils,7.859205242978358,0,6.1,59.29153611037987,1.2925953541039088,22.7,961.73,70.96,0
Jwar,Alluvial soils,77.34890187462672,0,6.1,187.39893140589743,4.13407204546712,24.74,924.9,65.58,0
Moong,Red and Yellow soils,9.326065442028998,0,6.84,172.44853243892462,3.156078875040973,24.03,814.0,73.25,0
Kulthi,Black soils,39.49071677717886,0,6.37,60.39751234176016,3.8970756841866954,27.18,826.49,71.19,0
Moong,Laterite soils,44.60788148262814,1,5.66,83.79284451275134,2.217174315777015,23.9,897.35,64.65,1
Groundnut,Alluvial soils,51.66383286816028,0,6.48,98.78595372126168,1.518977035891242,20.14,797.68,67.7,0
Pea,Laterite soils,37.95291147089761,1,6.5,155.92154634208538,1.0961422182962492,22.05,800.1,85.73,1
Urd,Laterite soils,56.01656404336428,1,5.79,169.6786697669429,1.2509461554512062,28.62,970.54,74.37,1
Soybean,Red and Yellow soils,3.422005573134409,1,6.63,184.83881346960908,0.628547000211728,28.17,826.36,60.92,1
Jwar,Laterite soils,20.52338382586908,0,6.89,39.04821267421946,2.0258284690301904,23.53,905.24,73.85,0
Millets,Laterite soils,43.90448238355727,0,6.16,165.51927153855505,0.5251230931434431,22.34,951.8,66.95,0
Rice,Black soils,52.65669190477372,1,5.99,134.8384120738132,3.631008437924299,30.0,964.52,68.39,1
Rice,Red and Yellow soils,7.996150840499768,0,7.0,73.07030318124619,1.7926143362906817,26.73,829.96,82.14,0
Pea,Laterite soils,23.804071407579336,1,6.35,131.24557260272172,3.669244395754899,26.41,873.86,84.86,1
Til,Alluvial soils,48.12232243119416,1,6.05,159.19400511003866,4.48088955820164,21.5,969.12,70.71,1
Pea,Red and Yellow soils,21.55979018755156,0,6.85,77.78609298703317,3.689048046868987,22.69,896.39,62.37,0
Moong,Alluvial soils,26.489067920660645,1,5.95,57.774369919506846,4.0238207365493945,22.12,876.26,87.95,1
Groundnut,Laterite soils,47.3154015978025,0,5.81,163.00709664528063,2.6080442594736524,22.95,962.5,64.88,0
Masoor,Black soils,95.87154982405876,1,6.37,129.9810832257704,0.5034414484512415,21.66,924.39,60.0,1
Tiwra,Red and Yellow soils,49.47275930960727,1,6.72,64.97986652212177,4.40748983958334,25.34,911.65,90.0,0
Wheat,Alluvial soils,86.54297981140141,0,7.0,108.46872549256152,3.65827855817515,21.65,925.38,61.41,0
Gram,Black soils,18.54638357946299,1,5.86,34.31846563723244,1.5054079551932045,23.82,836.29,66.82,0
Groundnut,Red and Yellow soils,96.74499664722,1,6.02,178.92269764733769,2.42511046193267,28.49,943.04,78.61,1
Gram,Alluvial soils,79.26862073639087,1,5.78,169.83024901214273,4.126874099803565,22.17,899.42,77.61,1
Tiwra,Red and Yellow soils,97.38715723126916,1,6.43,137.4889698215875,2.0734056158904988,25.25,884.45,84.47,1
Gram,Black soils,48.6773164556799,1,5.69,69.28313557959125,2.0201114088284804,22.34,825.08,83.44,1
Mustard,Red and Yellow soils,47.35020570684794,1,7.0,14.979387934802954,2.7212244906205534,22.97,791.84,78.01,0
Millets,Laterite soils,43.23591197416306,1,7.0,119.119475832171,0.6911915449376529,27.28,910.0,68.44,1
Jwar,Alluvial soils,33.52139305008494,1,6.44,170.24519022942422,1.7358279923002595,25.43,829.76,60.99,1
summer paddy,Red and Yellow soils,39.66105407075501,0,6.3,35.35427059036928,1.3256422203939051,22.0,912.84,61.08,0
Rice,Alluvial soils,45.02207961303291,1,6.08,183.9060120825367,2.2666440011155182,26.57,847.53,87.12,1
Niger,Laterite soils,14.75564765833209,1,5.75,43.53470873409088,3.958799053421168,30.0,839.97,79.96,0
Pea,Alluvial soils,63.2123421474168,1,6.03,30.08992185887418,2.1099619017340947,28.64,973.7,64.82,0
Mustard,Black soils,8.188474407011933,1,6.72,47.59586392867045,2.8105878706836,20.68,927.23,61.05,0
Jwar,Alluvial soils,50.27501027132872,0,6.72,103.71091740391591,4.248261783890516,21.38,801.0,60.0,0
Urd,Laterite soils,56.01656404336428,1,5.76,169.6786697669429,1.2509461554512062,28.91,885.34,72.03,1
Mustard,Red and Yellow soils,47.35020570684794,1,6.74,14.979387934802954,2.7212244906205534,24.6,867.42,75.2,0
Masoor,Black soils,76.58104466203038,0,6.4,112.258823548082,0.8441663455221252,28.32,950.5,68.87,0
Wheat,Alluvial soils,19.530682289860536,0,6.1,40.60874305282016,2.7283560112256846,24.83,937.24,86.16,0
Pea,Alluvial soils,34.82813570853206,1,7.0,39.67680173556278,0.8048689074476658,28.48,912.96,77.35,0
Wheat,Red and Yellow soils,50.91070048310331,0,5.77,70.3847309463337,4.94260898334276,25.73,887.08,78.37,0
Kulthi,Black soils,39.49071677717886,0,6.06,60.39751234176016,3.8970756841866954,29.14,919.33,71.63,0
Urd,Black soils,30.25969736488654,0,5.66,28.04568065397041,1.8011830369833524,28.7,823.11,86.32,0
Pea,Black soils,60.61327630651897,1,6.25,71.88729840163472,3.3834428136844004,26.09,926.77,60.0,1
Tiwra,Red and Yellow soils,36.11241183442073,0,6.06,127.43746461709286,3.6934087696499662,30.0,918.41,66.8,0
Wheat,Laterite soils,92.6074773325522,1,5.61,171.06465646258272,1.1677687279613973,23.28,887.35,80.08,1
Jwar,Alluvial soils,89.71217350262663,0,6.7,25.10256180019756,4.094914179917966,23.98,914.89,64.91,0
Arhar,Laterite soils,96.60763642238672,0,6.46,133.99567920563555,1.2167870909791818,21.04,794.07,85.59,0
Arhar,Laterite soils,96.60763642238672,0,6.46,133.99567920563555,1.2167870909791818,21.12,819.17,85.18,0
Arhar,Laterite soils,84.46788570106386,1,6.01,192.94268675753716,2.7573837199416857,28.56,902.84,70.57,1
Rice,Red and Yellow soils,62.88030372406628,0,6.27,69.50062910462015,4.898555948589926,26.1,825.01,76.09,0
Moong,Red and Yellow soils,40.84306264961799,1,6.48,123.39168044535634,4.282926461335064,24.98,822.01,63.88,1
Moong,Alluvial soils,26.489067920660645,1,5.96,57.774369919506846,4.0238207365493945,22.47,944.91,83.51,1
summer paddy,Red and Yellow soils,39.66105407075501,0,6.73,35.35427059036928,1.3256422203939051,21.3,795.78,67.34,0
Mustard,Laterite soils,50.57716960311954,0,5.89,79.28921525200687,1.641631398260391,27.14,845.72,79.9,0
Tiwra,Laterite soils,46.4327359055748,0,6.38,65.38166189792891,1.8247075099447776,25.38,810.05,78.5,0
Til,Black soils,29.59626120983151,0,6.61,26.91842836664658,2.7167595174345838,28.71,772.68,90.0,0
summer paddy,Red and Yellow soils,73.54687524942415,0,5.81,142.93725689571534,4.918276974920083,25.73,885.06,67.48,0
Arhar,Alluvial soils,40.59763875962707,1,5.5,154.16751398387302,1.6967064291359415,27.66,879.31,72.79,1
summer paddy,Alluvial soils,92.14077589708448,0,5.64,37.26311684885115,2.4051624361938035,20.59,903.97,76.74,0
Moong,Laterite soils,44.60788148262814,1,5.98,83.79284451275134,2.217174315777015,24.4,913.13,66.58,1
Pea,Black soils,35.50207418332751,0,5.97,155.1924950643728,4.558757044762429,26.08,916.32,70.39,0
Gram,Alluvial soils,6.631856397258757,1,6.65,199.531133950268,4.800063599754694,21.83,825.34,83.78,0
Rice,Red and Yellow soils,7.996150840499768,0,6.87,73.07030318124619,1.7926143362906817,25.59,905.66,76.64,0
summer paddy,Alluvial soils,92.14077589708448,0,5.5,37.26311684885115,2.4051624361938035,21.17,960.57,81.9,0
Jwar,Black soils,43.34241591110462,0,6.34,55.8071284120974,4.114829632169133,20.96,894.3,83.75,0
Pea,Alluvial soils,16.94988061339748,1,6.66,184.5564527018232,4.554417666294789,25.02,813.46,67.55,1
Pea,Red and Yellow soils,14.258821823399837,1,6.42,181.6323051076012,4.302368943900499,25.35,893.55,66.29,1
Soybean,Laterite soils,71.15073745457829,1,5.92,34.43015994612051,2.8276033668845826,28.0,935.16,71.91,0
Jwar,Laterite soils,92.81866674409925,1,6.16,159.32913111736443,4.144766898974626,20.53,848.16,76.52,0
Maize,Red and Yellow soils,92.61970763557478,1,6.66,58.18133438986627,3.1266305880832834,27.07,818.76,63.38,0
Gram,Black soils,18.54638357946299,1,5.91,34.31846563723244,1.5054079551932045,23.49,954.14,67.44,0
Til,Red and Yellow soils,80.31440413281457,0,5.8,77.60609722671164,0.5869799739884878,28.39,966.72,64.07,0
Jwar,Laterite soils,83.27429064883648,1,5.78,66.97405545052723,4.904528295647274,25.25,933.93,62.03,1
Millets,Alluvial soils,11.562316984377864,1,6.01,36.32941582572472,4.6043699786807775,23.96,915.8,64.4,0
Urd,Laterite soils,59.08990961897472,0,6.02,192.0845844938899,2.9650442270922275,23.47,957.48,60.0,0
Gram,Black soils,78.84309895532813,1,6.17,101.37659921705163,0.5595492491183836,22.49,884.29,80.37,0
Kulthi,Red and Yellow soils,4.874093193902079,0,6.24,58.01984131719706,1.2796791167350348,21.93,933.92,85.11,0
Jwar,Black soils,6.792207993494205,1,5.72,141.9426703662678,3.0373075279627453,27.84,949.93,80.11,0
Wheat,Alluvial soils,67.4018482677936,0,6.12,27.39069849597884,4.906744463762068,20.68,849.22,62.89,0
Urd,Alluvial soils,61.5620526784047,1,5.81,104.44263990041502,2.5721342995786207,21.48,889.98,87.63,1
Kulthi,Red and Yellow soils,4.874093193902079,0,5.85,58.01984131719706,1.2796791167350348,22.11,826.08,82.51,0
Kulthi,Black soils,19.94313150748539,1,6.97,97.58946583215312,2.988773303025213,23.27,766.18,81.89,1
Maize,Red and Yellow soils,92.61970763557478,1,6.86,58.18133438986627,3.1266305880832834,27.27,863.02,64.93,0
Mustard,Laterite soils,95.8059931058451,0,5.65,103.02761838487882,4.034661034793127,22.35,974.07,60.0,0
Rice,Laterite soils,83.8775957011866,1,5.67,34.37576356945297,2.294909994831729,27.82,974.31,73.38,0
Millets,Black soils,85.5878730724342,1,5.98,61.37039983559247,3.7262686183632985,25.16,834.22,75.57,0
Mustard,Black soils,8.188474407011933,1,6.8,47.59586392867045,2.8105878706836,20.0,837.67,62.99,0
Moong,Black soils,70.46581678149187,0,5.61,21.66905565059997,4.032486033053475,20.19,913.69,85.44,0
Til,Red and Yellow soils,63.93819639548853,1,6.12,86.5501462725284,0.8314949690878561,26.73,820.85,65.49,1
Gram,Red and Yellow soils,82.07588905682253,0,6.54,18.009491866681152,3.233362891898263,21.65,800.95,78.84,0
Millets,Black soils,51.93747983054598,1,6.12,147.6076818611602,3.4815759318038104,23.29,939.24,89.84,1
Moong,Alluvial soils,30.47426495779317,1,5.79,79.66928665808871,2.6924502123480902,24.73,970.04,75.32,1
Jwar,Alluvial soils,77.34890187462672,0,5.95,187.39893140589743,4.13407204546712,23.26,878.7,61.54,0
Mustard,Laterite soils,71.43977713087003,0,5.88,192.4061665391249,2.318230840930169,21.01,838.78,80.22,0
Mustard,Black soils,48.223606509415184,0,5.65,42.21612474828965,3.626063543977249,26.87,928.22,74.82,0
Rice,Black soils,52.65669190477372,1,6.26,134.8384120738132,3.631008437924299,30.0,903.16,65.19,1
Mustard,Alluvial soils,91.82905732992558,1,6.47,53.74481212887618,1.5966321610404377,25.33,821.83,72.25,1
Masoor,Black soils,76.58104466203038,0,6.29,112.258823548082,0.8441663455221252,27.66,833.05,71.6,0
summer paddy,Alluvial soils,5.634581766188527,1,6.21,70.69578532542236,3.804381772475503,21.89,832.86,74.84,1
Maize,Red and Yellow soils,83.97676737225935,0,5.65,174.8228236194111,1.95984723189331,22.31,819.99,82.41,0
Jwar,Alluvial soils,87.5833721223469,0,6.28,73.36725049269779,3.5742192788952645,27.88,818.88,60.89,0
Millets,Alluvial soils,45.51927766356464,0,6.17,17.637805914713663,4.038528886844827,22.07,906.35,64.07,0
Arhar,Laterite soils,70.69460626460166,0,6.26,128.31657060515244,4.766392383485942,24.15,812.34,88.86,0
Millets,Alluvial soils,43.70916466330876,1,5.78,39.41587779577248,2.043259526678144,28.05,886.97,90.0,0
Millets,Laterite soils,11.564782214969178,1,6.75,120.43280013719917,3.7676132617091977,24.93,851.16,61.86,1
Arhar,Red and Yellow soils,89.63418660147754,0,5.83,197.40269607320457,2.917209527133356,23.09,929.35,80.69,0
Jwar,Alluvial soils,21.797420722217726,0,6.53,83.75345151111428,2.0437014769879367,25.6,782.26,86.86,0
Niger,Red and Yellow soils,4.301026088036883,0,6.71,145.61804214220632,2.0812368730220943,22.54,871.22,71.95,0
Wheat,Alluvial soils,86.71163811325147,1,6.2,54.94653337104506,3.359167289944513,29.52,921.4,77.29,1
Urd,Red and Yellow soils,21.596618772360653,1,6.7,136.9355851898517,2.343072110888093,20.19,862.78,87.2,1
Millets,Alluvial soils,3.618996042561992,0,6.46,195.20677589698155,0.9929670665083924,26.84,778.38,85.56,0
Maize,Red and Yellow soils,75.04133314858224,0,5.77,126.6451520573656,2.7235491072147164,24.33,897.48,66.24,0
Mustard,Laterite soils,95.8059931058451,0,5.79,103.02761838487882,4.034661034793127,20.96,909.42,60.0,0
Tiwra,Red and Yellow soils,45.40305501460495,1,5.52,63.94801167122259,4.253171358306454,26.53,882.39,84.45,1
Maize,Black soils,37.59082546376269,1,5.82,177.66269564708426,3.0725046924698143,23.77,861.45,81.82,0
Maize,Red and Yellow soils,92.61970763557478,1,7.0,58.18133438986627,3.1266305880832834,29.21,801.65,62.99,0
Millets,Alluvial soils,3.618996042561992,0,6.36,195.20677589698155,0.9929670665083924,26.58,788.78,85.15,0
Moong,Laterite soils,4.258463097456195,0,5.51,181.9289995636216,3.8846723421151497,25.31,912.0,76.77,0
Millets,Laterite soils,48.74312011750155,0,6.19,120.33880048951929,2.4768589850115967,20.0,897.9,76.76,0
Soybean,Alluvial soils,73.18122507589274,0,5.8,84.15235572039454,4.546057014434088,23.87,906.84,81.35,0
Gram,Black soils,78.84309895532813,1,6.06,101.37659921705163,0.5595492491183836,21.91,842.79,81.46,0
Soybean,Red and Yellow soils,64.9013741262986,0,5.66,175.0559582444221,3.45476106865228,23.84,964.84,70.96,0
Tiwra,Red and Yellow soils,45.40305501460495,1,5.5,63.94801167122259,4.253171358306454,26.74,949.82,82.26,1
Moong,Alluvial soils,30.47426495779317,1,5.58,79.66928665808871,2.6924502123480902,23.02,980.58,73.59,1
Maize,Black soils,38.61061367320439,0,6.27,170.31722106664762,0.5080767595702489,22.76,851.27,69.93,0
Jwar,Laterite soils,20.52338382586908,0,6.88,39.04821267421946,2.0258284690301904,22.06,870.68,67.76,0
Soybean,Laterite soils,82.5219028825696,1,6.23,120.98570933252736,1.84204637395397,23.52,874.06,86.67,1
Soybean,Laterite soils,50.60103662954688,0,5.87,171.12574873717588,2.589034966808882,20.0,909.91,72.5,0
Niger,Black soils,30.080933360930537,0,5.86,52.22680121536878,1.086363801815192,26.16,873.75,72.82,0
Gram,Red and Yellow soils,14.573215619358535,1,5.75,57.09839965697187,3.9514705976890343,27.77,868.64,87.8,0
Soybean,Red and Yellow soils,8.583758015057295,1,6.72,20.154563205107696,4.90903272481961,20.0,923.28,86.25,0
Wheat,Black soils,27.701983404171347,1,6.65,165.79370043835235,0.8135175506595091,26.19,905.89,83.7,1
Millets,Black soils,85.5878730724342,1,6.39,61.37039983559247,3.7262686183632985,26.4,894.71,75.81,0
Gram,Alluvial soils,92.8493387422751,1,6.64,64.25799140275164,4.914860850641632,28.87,895.72,74.88,1
Til,Laterite soils,89.66061130236088,0,5.5,138.96491601693197,2.999699639608014,26.63,965.28,90.0,0
Urd,Black soils,54.97589680292262,1,6.11,182.3901767961132,0.6312941161897548,25.19,902.18,85.97,0
Pea,Alluvial soils,17.17303816819014,0,5.83,163.3134475429299,2.644391106796571,27.54,889.39,65.03,0
Masoor,Red and Yellow soils,15.573043648692993,0,5.73,40.394151236744186,2.3537196802479925,25.52,981.98,70.73,0
Masoor,Alluvial soils,45.62108056768259,0,6.36,174.13879435365195,4.357303858339503,25.45,845.49,60.0,0
Pea,Black soils,94.11254095151456,0,6.91,74.32011188400841,3.278071802192412,23.38,760.59,84.88,0
Kulthi,Black soils,39.49071677717886,0,6.42,60.39751234176016,3.8970756841866954,29.5,838.99,70.22,0
Moong,Black soils,66.35159251639024,0,5.81,154.92011886243904,4.532794847215374,27.39,924.39,70.31,0
Pea,Laterite soils,13.913505998801302,1,5.97,198.6012534110168,2.571015400924413,26.41,973.93,63.17,1
summer paddy,Alluvial soils,62.00398399717235,0,6.68,38.761830651487706,4.14766925501463,23.67,816.32,73.71,0
Mustard,Laterite soils,71.43977713087003,0,5.66,192.4061665391249,2.318230840930169,20.0,963.44,72.97,0
Gram,Alluvial soils,79.26862073639087,1,5.66,169.83024901214273,4.126874099803565,21.66,871.52,83.67,1
Tiwra,Laterite soils,44.157514598221695,0,6.17,20.786220688080256,4.760647059177217,23.82,928.61,74.71,0
Moong,Alluvial soils,72.89801626222972,0,5.97,147.08444454896002,1.630372576341142,30.0,862.76,66.94,0
Til,Black soils,46.52242066000872,0,5.64,142.37837594275828,2.13191427436652,25.78,950.3,62.94,0
Maize,Alluvial soils,14.964041185953416,1,7.0,139.1026557896301,1.843602189402552,27.67,795.72,70.28,1
Tiwra,Laterite soils,88.94512805109724,0,5.65,56.3932872429863,2.278022077517278,20.0,869.8,82.18,0
Arhar,Alluvial soils,40.59763875962707,1,5.63,154.16751398387302,1.6967064291359415,25.55,983.37,71.72,1
summer paddy,Laterite soils,14.757076703479033,0,6.07,114.56572536211222,3.841667344001905,22.53,815.82,74.51,0
Jwar,Black soils,43.34241591110462,0,6.15,55.8071284120974,4.114829632169133,20.84,862.62,81.83,0
Masoor,Black soils,32.78096124453907,1,5.83,155.80477364636056,4.464364499262837,28.17,818.94,88.29,1
Millets,Alluvial soils,11.562316984377864,1,5.95,36.32941582572472,4.6043699786807775,24.17,971.21,65.1,0
Til,Laterite soils,89.66061130236088,0,5.65,138.96491601693197,2.999699639608014,27.32,822.0,87.8,0
Millets,Alluvial soils,11.562316984377864,1,5.91,36.32941582572472,4.6043699786807775,24.37,885.15,71.43,0
Tiwra,Alluvial soils,49.96403886906193,0,6.54,129.23233750459332,1.024483141899196,24.74,811.6,67.16,0
Urd,Alluvial soils,37.78258122050927,1,6.0,46.08242628582618,2.6125853106729853,27.7,883.95,69.89,0
Mustard,Black soils,19.12922251866725,1,5.79,103.50209792378745,2.617585675899809,26.36,958.23,71.57,0
Pea,Laterite soils,33.75432868239185,1,5.81,80.1683655296807,2.515180774620488,23.35,924.07,64.84,1
Millets,Alluvial soils,3.618996042561992,0,6.2,195.20677589698155,0.9929670665083924,28.67,925.46,89.03,0
Groundnut,Laterite soils,81.6554741475988,1,7.0,86.15027954705378,1.14379756440237,26.08,927.08,71.35,1
Soybean,Alluvial soils,45.929950244441066,1,6.44,146.06295145488895,4.868631700892124,27.63,868.68,77.44,0
Tiwra,Red and Yellow soils,97.38715723126916,1,6.46,137.4889698215875,2.0734056158904988,25.91,807.99,85.59,1
Soybean,Laterite soils,82.5219028825696,1,6.09,120.98570933252736,1.84204637395397,22.19,900.65,86.05,1
Jwar,Black soils,43.34241591110462,0,5.88,55.8071284120974,4.114829632169133,20.68,904.84,80.24,0
Gram,Laterite soils,94.10126247062009,0,5.52,72.58126430651672,2.1511369511760727,25.75,941.73,60.0,0
Groundnut,Black soils,13.083322941050284,0,6.02,85.59418473765709,3.41430524157662,25.06,949.47,65.02,0
Tiwra,Alluvial soils,28.87196897058254,0,6.61,17.161441426265586,4.476599320211214,28.69,820.51,68.87,0
Maize,Red and Yellow soils,73.05988458504615,0,7.0,100.07917652497429,3.303778717019921,20.0,872.99,66.86,0
Maize,Red and Yellow soils,69.73343459088427,0,5.97,159.39192951392974,3.210066085264966,27.13,839.37,71.73,0
Jwar,Black soils,43.34241591110462,0,5.97,55.8071284120974,4.114829632169133,21.75,904.81,80.03,0
Maize,Black soils,19.463557757075588,0,6.5,125.4704718867283,2.598418486481846,21.77,936.33,80.44,0
Pea,Alluvial soils,30.453837006264006,0,5.79,185.93651068955492,1.0198778892903464,29.26,854.16,72.1,0
Millets,Laterite soils,57.962788657384245,1,6.44,176.98515468543576,1.3308049793192296,30.0,869.06,75.13,1
Millets,Black soils,8.545620951059774,1,6.43,161.95956637121765,4.866411463972916,29.75,818.62,87.52,1
Gram,Alluvial soils,40.02287500376711,1,6.92,152.92792867079348,3.896782705565548,26.57,908.94,64.71,1
Niger,Laterite soils,14.75564765833209,1,5.82,43.53470873409088,3.958799053421168,30.0,934.51,83.26,0
Wheat,Laterite soils,7.276797004040833,0,5.88,117.16853925930828,3.99316410162361,26.55,862.43,88.47,0
Rice,Laterite soils,83.8775957011866,1,5.58,34.37576356945297,2.294909994831729,28.56,871.57,69.02,0
Maize,Alluvial soils,25.96962093356883,0,5.54,159.78724651759555,2.4066244155234733,20.0,880.11,70.75,0
Millets,Alluvial soils,3.618996042561992,0,6.47,195.20677589698155,0.9929670665083924,28.45,850.06,90.0,0
Niger,Black soils,30.080933360930537,0,5.94,52.22680121536878,1.086363801815192,25.53,887.37,71.41,0
Moong,Alluvial soils,40.61480583667867,1,5.59,166.39544242161517,4.281051864970563,28.73,957.96,60.0,1
Millets,Laterite soils,11.564782214969178,1,6.64,120.43280013719917,3.7676132617091977,26.08,832.51,62.72,1
Masoor,Red and Yellow soils,63.29267823677274,1,5.72,149.29521124251127,1.6236523171898996,21.31,946.71,60.0,1
Urd,Laterite soils,4.197889378619497,0,6.63,90.0138398925223,4.669929373092929,29.47,901.17,77.37,0
Wheat,Red and Yellow soils,50.91070048310331,0,5.83,70.3847309463337,4.94260898334276,26.1,899.57,85.13,0
Urd,Laterite soils,56.01656404336428,1,5.52,169.6786697669429,1.2509461554512062,27.62,941.88,75.37,1
Groundnut,Black soils,77.0287821542821,1,6.14,28.30353013570137,1.0980962288868708,30.0,909.82,79.66,0
Mustard,Laterite soils,2.422650386748149,1,5.74,50.003662732995785,1.3339062519960363,29.68,853.05,62.34,1
Tiwra,Black soils,63.70051960241635,1,6.6,78.64897896002441,4.51494091656409,20.58,914.05,90.0,0
Kulthi,Laterite soils,1.9575813458450015,0,6.33,135.07179394615684,2.663615249026792,22.55,935.1,79.18,0
Millets,Laterite soils,19.45015786212121,1,6.6,27.201414090139878,0.6815101265907944,23.85,809.28,82.29,0
Rice,Alluvial soils,54.82894674818631,0,6.23,199.60504257664195,1.60459882847338,22.41,952.54,64.67,0
Millets,Laterite soils,57.962788657384245,1,6.47,176.98515468543576,1.3308049793192296,30.0,870.26,79.79,1
summer paddy,Black soils,60.308079523188816,0,7.0,43.46443527108601,3.000106367186519,28.75,808.5,77.9,0
Urd,Black soils,30.25969736488654,0,5.8,28.04568065397041,1.8011830369833524,28.56,804.03,88.49,0
Jwar,Red and Yellow soils,81.05182096520964,1,5.5,198.10884266676885,4.3258916692421066,23.91,881.87,71.49,1
Maize,Red and Yellow soils,92.61970763557478,1,6.53,58.18133438986627,3.1266305880832834,29.13,868.71,63.01,0
Rice,Alluvial soils,54.82894674818631,0,6.53,199.60504257664195,1.60459882847338,20.53,894.0,69.38,0
Tiwra,Laterite soils,44.157514598221695,0,6.43,20.786220688080256,4.760647059177217,23.61,849.49,70.32,0
Arhar,Alluvial soils,39.45787077617061,1,6.32,191.36893057921523,4.646728325885565,20.0,894.65,62.49,0
summer paddy,Laterite soils,34.066071163832795,1,6.42,149.23083239700463,4.611200027303879,27.72,821.15,74.91,1
Jwar,Laterite soils,20.52338382586908,0,6.79,39.04821267421946,2.0258284690301904,24.32,794.64,68.21,0
Millets,Laterite soils,48.74312011750155,0,6.28,120.33880048951929,2.4768589850115967,20.0,818.45,78.36,0
Soybean,Alluvial soils,45.929950244441066,1,6.68,146.06295145488895,4.868631700892124,28.29,801.71,73.32,0
Soybean,Laterite soils,50.60103662954688,0,5.74,171.12574873717588,2.589034966808882,20.04,877.78,74.32,0
Arhar,Laterite soils,84.46788570106386,1,6.23,192.94268675753716,2.7573837199416857,26.26,883.73,70.13,1
Rice,Red and Yellow soils,94.9606118039142,0,5.86,54.1128672085785,1.619877527026648,20.87,944.11,62.14,0
Jwar,Alluvial soils,25.85682337890519,1,5.52,102.61050271033608,4.377680196883321,25.76,933.45,87.78,0
Soybean,Alluvial soils,45.929950244441066,1,6.62,146.06295145488895,4.868631700892124,26.35,842.5,72.87,0
Urd,Red and Yellow soils,45.498714553357374,0,6.72,78.41811791005178,2.4597531594443405,21.23,834.59,77.85,0
Groundnut,Laterite soils,81.6554741475988,1,6.8,86.15027954705378,1.14379756440237,26.37,781.72,70.87,1
Urd,Black soils,54.97589680292262,1,5.81,182.3901767961132,0.6312941161897548,23.13,906.43,85.47,0
Millets,Alluvial soils,45.51927766356464,0,5.91,17.637805914713663,4.038528886844827,21.75,888.54,64.77,0
Jwar,Red and Yellow soils,28.76255629578411,1,6.0,177.41725250309972,0.8627567390016935,26.67,828.41,74.36,1
Maize,Black soils,19.410359181755048,0,5.5,167.23117270851932,4.392858700280796,26.53,959.0,62.1,0
Kulthi,Black soils,39.49071677717886,0,6.1,60.39751234176016,3.8970756841866954,28.03,824.46,67.21,0
Pea,Alluvial soils,30.453837006264006,0,5.57,185.93651068955492,1.0198778892903464,28.83,825.96,76.35,0
Tiwra,Laterite soils,83.03751864098753,0,6.05,103.43937315702806,4.951128879703812,28.66,828.07,74.95,0
Urd,Laterite soils,3.1424283074838835,1,6.07,78.7181102480801,3.652081641177272,25.9,927.78,90.0,1
Pea,Alluvial soils,30.453837006264006,0,5.66,185.93651068955492,1.0198778892903464,30.0,867.74,77.78,0
Millets,Red and Yellow soils,17.122970872144943,1,6.21,60.7652239322664,2.3761285663683043,26.31,891.27,70.7,1
Til,Black soils,46.52242066000872,0,5.94,142.37837594275828,2.13191427436652,26.47,837.01,60.98,0
Tiwra,Laterite soils,44.157514598221695,0,6.13,20.786220688080256,4.760647059177217,23.8,952.09,74.84,0
Jwar,Laterite soils,20.52338382586908,0,7.0,39.04821267421946,2.0258284690301904,22.91,857.89,67.36,0
Tiwra,Laterite soils,87.1125768798161,0,5.5,155.6761395244254,3.972236580663137,29.24,947.69,71.77,0
Moong,Black soils,66.35159251639024,0,5.86,154.92011886243904,4.532794847215374,26.67,845.31,63.49,0
Til,Red and Yellow soils,83.59129485493202,0,6.43,36.09993908037054,0.925693566787786,22.58,808.87,68.44,0
Soybean,Black soils,76.5747447185727,0,6.3,55.80956789226062,1.6624085030446671,20.12,806.32,88.73,0
summer paddy,Red and Yellow soils,73.54687524942415,0,5.73,142.93725689571534,4.918276974920083,24.82,838.66,69.96,0
Jwar,Alluvial soils,89.71217350262663,0,6.54,25.10256180019756,4.094914179917966,24.5,909.63,69.27,0
Millets,Laterite soils,19.45015786212121,1,6.66,27.201414090139878,0.6815101265907944,23.42,807.54,82.43,0
Rice,Laterite soils,25.09494464680028,1,6.14,157.04690334075116,1.926924601319298,22.66,845.98,90.0,1
Millets,Alluvial soils,43.70916466330876,1,5.99,39.41587779577248,2.043259526678144,25.33,864.89,90.0,0
Masoor,Black soils,57.674849565932185,0,6.16,50.45115979273248,1.5982455206728323,22.96,932.71,66.21,0
Maize,Red and Yellow soils,75.04133314858224,0,5.6,126.6451520573656,2.7235491072147164,26.21,963.04,65.92,0
Jwar,Black soils,43.34241591110462,0,6.1,55.8071284120974,4.114829632169133,20.0,950.73,85.56,0
Groundnut,Red and Yellow soils,96.74499664722,1,5.81,178.92269764733769,2.42511046193267,28.76,812.85,78.81,1
Mustard,Laterite soils,2.422650386748149,1,5.9,50.003662732995785,1.3339062519960363,29.57,953.02,67.59,1
Moong,Black soils,68.47419592831014,1,6.1,62.139746561585554,1.7248326329770518,27.55,913.71,74.32,0
Maize,Red and Yellow soils,75.04133314858224,0,5.73,126.6451520573656,2.7235491072147164,27.02,956.47,62.13,0
summer paddy,Red and Yellow soils,39.66105407075501,0,6.63,35.35427059036928,1.3256422203939051,22.65,941.13,67.49,0
Gram,Alluvial soils,92.8493387422751,1,6.61,64.25799140275164,4.914860850641632,28.56,853.27,77.8,1
Millets,Alluvial soils,11.562316984377864,1,6.16,36.32941582572472,4.6043699786807775,23.88,823.5,68.32,0
Jwar,Laterite soils,20.52338382586908,0,7.0,39.04821267421946,2.0258284690301904,24.91,793.37,72.69,0
Mustard,Alluvial soils,5.985936900346184,1,5.7,55.23498004685733,0.9143669321101572,23.01,917.68,67.6,1
Niger,Alluvial soils,30.9149550672235,0,7.0,25.390180382606133,4.890082443067278,21.45,786.97,77.07,0
Gram,Alluvial soils,96.9050114005799,0,6.49,122.13502087504426,2.056511701070491,21.77,827.47,88.54,0
Kulthi,Black soils,67.84108048066902,1,6.75,44.23042527392003,2.349613359680567,23.07,880.5,77.69,0
Gram,Alluvial soils,11.03940647751555,0,6.86,53.34742166871745,2.74635152842651,25.95,921.65,73.29,0
Moong,Black soils,66.35159251639024,0,5.77,154.92011886243904,4.532794847215374,27.84,918.37,67.72,0
Gram,Alluvial soils,40.02287500376711,1,6.55,152.92792867079348,3.896782705565548,24.27,884.55,61.7,1
summer paddy,Red and Yellow soils,73.54687524942415,0,5.79,142.93725689571534,4.918276974920083,25.2,846.73,71.76,0
Groundnut,Red and Yellow soils,38.75737864428302,0,6.87,87.85159170492055,4.987331613193882,28.88,805.64,63.08,0
summer paddy,Alluvial soils,7.078898910240252,1,5.64,133.05676737201873,2.8391106476553305,22.78,831.59,82.39,0
Urd,Alluvial soils,61.5620526784047,1,5.73,104.44263990041502,2.5721342995786207,20.75,829.28,90.0,1
Jwar,Alluvial soils,75.59152131396844,1,6.63,79.91476651727123,4.875495742078561,20.52,882.79,78.68,1
Rice,Laterite soils,36.067847125393314,1,5.81,45.080516013725855,3.846756333323527,21.31,831.63,61.5,0
Groundnut,Laterite soils,47.3154015978025,0,5.84,163.00709664528063,2.6080442594736524,22.52,978.26,60.0,0
Urd,Red and Yellow soils,22.62538625387936,1,5.83,187.4545404933927,3.635494046187656,22.04,865.38,79.78,0
Niger,Red and Yellow soils,4.301026088036883,0,6.6,145.61804214220632,2.0812368730220943,22.61,890.08,73.63,0
Mustard,Laterite soils,74.33462632790453,0,6.93,23.998040737995492,3.3383635311434943,28.24,916.47,73.47,0
Moong,Laterite soils,1.3350146708237651,0,5.85,27.21836674974315,4.5485522285277975,26.37,966.7,69.41,0
Urd,Laterite soils,56.01656404336428,1,5.5,169.6786697669429,1.2509461554512062,28.16,970.03,72.33,1
Kulthi,Black soils,93.64418332139984,1,5.58,135.85787194702743,2.7374408939283854,29.65,913.56,89.49,1
Tiwra,Red and Yellow soils,36.11241183442073,0,5.78,127.43746461709286,3.6934087696499662,29.67,924.07,67.85,0
Tiwra,Red and Yellow soils,97.38715723126916,1,6.26,137.4889698215875,2.0734056158904988,24.8,828.75,90.0,1
Soybean,Laterite soils,50.60103662954688,0,5.64,171.12574873717588,2.589034966808882,20.0,914.67,72.95,0
Masoor,Alluvial soils,45.92043415033586,0,6.87,175.13241790304798,3.316894792035183,27.54,823.02,87.17,0
Niger,Laterite soils,58.342897767539576,0,6.3,30.396351069572987,0.6188329381507388,24.24,852.01,82.88,0
Arhar,Red and Yellow soils,86.86720496550913,0,6.21,40.99567176940299,0.9693659789832094,23.68,895.36,88.62,0
Rice,Red and Yellow soils,7.996150840499768,0,6.91,73.07030318124619,1.7926143362906817,25.51,917.62,77.83,0
Niger,Black soils,41.408301825253936,1,6.5,31.68152038748095,2.551580468611744,24.14,811.59,65.22,0
Gram,Red and Yellow soils,34.74768672244927,1,6.67,33.58119022402276,1.9181663035284728,28.6,807.1,65.72,0
Moong,Alluvial soils,72.89801626222972,0,6.19,147.08444454896002,1.630372576341142,29.18,919.35,64.88,0
Niger,Black soils,2.645006445988896,0,5.87,149.7523142684901,3.7486793601665775,27.43,844.35,70.61,0
Pea,Red and Yellow soils,62.89562385255008,1,6.31,137.36228110423383,3.989132493505775,26.35,931.45,81.97,0
Arhar,Red and Yellow soils,86.86720496550913,0,5.9,40.99567176940299,0.9693659789832094,24.96,928.44,84.73,0
Moong,Black soils,70.46581678149187,0,5.68,21.66905565059997,4.032486033053475,20.26,869.38,78.44,0
Masoor,Red and Yellow soils,79.30084242753477,1,6.62,11.043366165214929,1.7972285602299596,23.12,869.6,61.14,0
Pea,Laterite soils,13.913505998801302,1,6.04,198.6012534110168,2.571015400924413,25.23,837.78,66.35,1
Kulthi,Alluvial soils,17.77720417995551,1,7.0,186.6233951811228,2.9967585527538096,21.97,914.67,68.24,1
Kulthi,Red and Yellow soils,71.95464735059075,0,6.88,143.26123077544585,2.2065192855643185,24.28,923.94,79.8,0
Til,Red and Yellow soils,80.31440413281457,0,6.12,77.60609722671164,0.5869799739884878,26.45,861.72,68.09,0
summer paddy,Laterite soils,68.33971322490649,1,6.78,21.80492518759846,3.622176401026044,21.27,811.43,75.16,0
Pea,Black soils,60.61327630651897,1,6.42,71.88729840163472,3.3834428136844004,25.09,935.24,64.07,1
Masoor,Alluvial soils,45.62108056768259,0,6.66,174.13879435365195,4.357303858339503,26.45,902.27,60.0,0
Soybean,Laterite soils,71.15073745457829,1,5.54,34.43015994612051,2.8276033668845826,28.02,877.26,67.21,0
Niger,Black soils,56.17716140693022,1,6.56,42.88801275230651,2.992074792161899,26.5,853.15,70.26,0
Wheat,Red and Yellow soils,50.91070048310331,0,6.21,70.3847309463337,4.94260898334276,26.26,825.56,81.13,0
Rice,Black soils,5.27909199036012,1,6.85,172.95426825777906,0.8633173028000611,20.8,805.73,61.84,1
Moong,Alluvial soils,42.49140354238396,0,6.14,56.1970084461051,2.8797560145626053,25.31,844.42,73.99,0
Soybean,Black soils,76.5747447185727,0,6.17,55.80956789226062,1.6624085030446671,21.54,812.54,85.5,0
Gram,Alluvial soils,16.672643607007103,0,6.01,103.22443146605498,0.846637066382314,20.0,833.11,64.39,0
Moong,Alluvial soils,74.91849185092191,1,6.5,35.66011307470839,3.274662483685392,21.62,787.11,84.54,0
summer paddy,Alluvial soils,5.634581766188527,1,6.46,70.69578532542236,3.804381772475503,21.42,793.16,75.05,1
Gram,Alluvial soils,92.8493387422751,1,6.41,64.25799140275164,4.914860850641632,27.42,937.7,74.15,1
Mustard,Black soils,48.223606509415184,0,5.6,42.21612474828965,3.626063543977249,25.48,910.85,72.37,0
Moong,Red and Yellow soils,40.84306264961799,1,6.51,123.39168044535634,4.282926461335064,25.67,811.68,64.26,1
Jwar,Alluvial soils,21.797420722217726,0,6.82,83.75345151111428,2.0437014769879367,25.29,769.54,89.61,0
Urd,Black soils,6.69515158775076,0,6.56,187.8070287106091,1.1930450406000916,22.47,804.46,73.16,0
Mustard,Laterite soils,74.33462632790453,0,6.76,23.998040737995492,3.3383635311434943,28.65,875.37,74.51,0
Kulthi,Laterite soils,20.90726535219855,0,7.0,98.52331092318568,2.606152200854422,25.02,831.65,73.01,0
Gram,Red and Yellow soils,63.32634654351951,1,5.77,83.0836277339837,1.436439024649144,26.5,832.92,88.81,1
Soybean,Red and Yellow soils,79.46057483174057,0,6.71,150.462155599481,3.444350816677973,21.23,864.23,85.67,0
Groundnut,Red and Yellow soils,44.10436539094836,0,5.85,191.6079760172045,1.0565774612663703,22.42,936.43,74.03,0
Jwar,Red and Yellow soils,28.76255629578411,1,6.06,177.41725250309972,0.8627567390016935,24.97,951.89,71.35,1
Millets,Black soils,51.93747983054598,1,6.02,147.6076818611602,3.4815759318038104,20.93,947.65,86.4,1
Urd,Laterite soils,3.1424283074838835,1,6.02,78.7181102480801,3.652081641177272,26.6,900.42,86.85,1
Tiwra,Laterite soils,88.94512805109724,0,5.7,56.3932872429863,2.278022077517278,21.36,880.67,87.91,0
Maize,Alluvial soils,84.40064941289427,0,6.97,117.3407974676231,2.5830017311527627,27.93,813.4,90.0,0
Urd,Red and Yellow soils,21.596618772360653,1,7.0,136.9355851898517,2.343072110888093,21.0,891.1,87.63,1
Tiwra,Laterite soils,44.157514598221695,0,6.53,20.786220688080256,4.760647059177217,21.95,821.2,69.4,0
Kulthi,Laterite soils,97.05327118037404,1,6.83,33.70437264492988,4.118308574057645,24.11,880.61,76.59,0
Pea,Red and Yellow soils,21.55979018755156,0,6.69,77.78609298703317,3.689048046868987,22.0,866.57,65.16,0
Masoor,Red and Yellow soils,90.46926764515013,1,6.15,39.5265414675269,4.552431153446992,27.26,933.69,73.89,0
Maize,Red and Yellow soils,60.85170379581952,1,6.31,154.7840778557563,1.2002355013252552,23.09,919.34,70.79,1
Urd,Black soils,24.427711240308238,0,6.16,40.40200266895553,4.121770237149953,23.86,848.05,84.5,0
Millets,Black soils,85.5878730724342,1,6.14,61.37039983559247,3.7262686183632985,25.87,906.49,76.79,0
Rice,Alluvial soils,45.02207961303291,1,6.05,183.9060120825367,2.2666440011155182,26.88,941.02,86.61,1
Maize,Black soils,73.32267007953085,0,5.97,47.49317757286676,0.6835265598024884,25.14,845.43,68.36,0
Millets,Black soils,3.6021924614231,0,5.99,20.467091914049288,0.5161914575404415,26.11,952.17,78.71,0
Wheat,Red and Yellow soils,45.9958564972776,0,6.35,199.4706146791189,3.097939236387041,28.81,931.95,65.13,0
Til,Red and Yellow soils,63.93819639548853,1,6.09,86.5501462725284,0.8314949690878561,26.3,925.0,67.24,1
Mustard,Black soils,19.12922251866725,1,5.54,103.50209792378745,2.617585675899809,28.95,887.19,70.26,0
Millets,Laterite soils,48.74312011750155,0,6.06,120.33880048951929,2.4768589850115967,20.0,809.29,76.89,0
Jwar,Alluvial soils,33.52139305008494,1,6.45,170.24519022942422,1.7358279923002595,25.92,889.59,64.41,1
Soybean,Black soils,98.59433372410363,0,5.95,78.26901572028348,4.212803098596902,24.96,896.93,67.36,0
Kulthi,Black soils,39.49071677717886,0,6.09,60.39751234176016,3.8970756841866954,28.28,829.57,67.44,0
Rice,Laterite soils,6.748270550218036,0,6.16,153.16939920228737,1.174174578363922,24.73,899.52,65.69,0
Mustard,Black soils,48.223606509415184,0,5.5,42.21612474828965,3.626063543977249,26.02,922.27,79.03,0
Niger,Red and Yellow soils,16.887171155387144,1,6.03,22.167450486029797,2.846606265660132,26.77,913.91,76.61,0
Moong,Alluvial soils,30.47426495779317,1,5.95,79.66928665808871,2.6924502123480902,22.99,895.02,80.13,1
Tiwra,Alluvial soils,42.73461385557504,1,6.51,46.60885970748865,2.3240919163041704,28.36,938.2,73.74,0
Pea,Laterite soils,86.12529571965065,1,5.97,65.74792040384469,1.4305217882726928,24.8,869.24,90.0,1
Til,Red and Yellow soils,63.93819639548853,1,6.18,86.5501462725284,0.8314949690878561,28.9,907.33,66.76,1
Urd,Alluvial soils,61.5620526784047,1,5.98,104.44263990041502,2.5721342995786207,22.61,858.12,89.69,1
Mustard,Laterite soils,71.43977713087003,0,5.81,192.4061665391249,2.318230840930169,21.65,974.64,73.71,0
Arhar,Black soils,7.8885965708143235,0,6.62,22.190126691675964,1.5355669671957597,24.86,770.94,85.23,0
Til,Laterite soils,89.66061130236088,0,5.76,138.96491601693197,2.999699639608014,26.61,802.22,90.0,0
Tiwra,Red and Yellow soils,45.40305501460495,1,5.66,63.94801167122259,4.253171358306454,26.71,873.15,85.02,1
Arhar,Laterite soils,96.60763642238672,0,6.6,133.99567920563555,1.2167870909791818,22.49,773.68,84.45,0
Groundnut,Alluvial soils,77.64734025846953,1,6.63,30.1290536211666,2.4437057909109408,23.93,855.06,62.76,0
Rice,Alluvial soils,36.01014845087093,0,6.09,95.5705372998716,0.9837850209673618,20.85,860.51,80.85,0
Arhar,Alluvial soils,91.85485510003234,0,6.24,76.53287840752338,1.2994679672213083,28.42,793.42,85.47,0
Niger,Black soils,41.79287336304921,0,7.0,54.696853754845804,1.7969102556076575,25.35,929.86,66.84,0
Pea,Red and Yellow soils,62.89562385255008,1,5.86,137.36228110423383,3.989132493505775,24.52,934.19,85.65,0
Mustard,Laterite soils,74.33462632790453,0,7.0,23.998040737995492,3.3383635311434943,29.48,766.66,74.42,0
Niger,Black soils,56.17716140693022,1,6.79,42.88801275230651,2.992074792161899,26.65,849.68,67.54,0
Masoor,Alluvial soils,45.92043415033586,0,6.59,175.13241790304798,3.316894792035183,27.02,853.16,85.85,0
Gram,Red and Yellow soils,82.07588905682253,0,6.58,18.009491866681152,3.233362891898263,20.0,815.62,80.79,0
Tiwra,Alluvial soils,28.87196897058254,0,6.77,17.161441426265586,4.476599320211214,30.0,786.42,67.43,0
Kulthi,Alluvial soils,54.81048353532652,1,5.79,24.193410570245213,4.594332152474536,25.93,908.82,61.05,0
Arhar,Alluvial soils,93.266516769375,0,5.96,151.91084094712255,4.153019042714469,26.67,912.64,78.25,0
Arhar,Red and Yellow soils,89.63418660147754,0,5.99,197.40269607320457,2.917209527133356,25.27,896.75,77.01,0
Soybean,Black soils,98.59433372410363,0,5.9,78.26901572028348,4.212803098596902,24.97,935.66,67.11,0
Urd,Alluvial soils,3.862270503389171,0,6.98,55.87963143873647,4.218136005495886,20.76,904.57,83.85,0
Urd,Black soils,30.25969736488654,0,6.11,28.04568065397041,1.8011830369833524,29.33,833.14,85.64,0
Groundnut,Red and Yellow soils,44.10436539094836,0,5.58,191.6079760172045,1.0565774612663703,21.56,889.19,71.47,0
summer paddy,Laterite soils,97.19340985732984,0,6.81,109.52068301196128,2.3271442877923745,29.18,833.15,73.6,0
Masoor,Black soils,95.87154982405876,1,6.44,129.9810832257704,0.5034414484512415,21.74,873.69,64.31,1
Soybean,Laterite soils,82.5219028825696,1,6.47,120.98570933252736,1.84204637395397,21.59,866.92,85.97,1
Moong,Red and Yellow soils,9.326065442028998,0,6.82,172.44853243892462,3.156078875040973,22.31,838.49,74.11,0
Gram,Red and Yellow soils,63.32634654351951,1,5.56,83.0836277339837,1.436439024649144,27.75,876.41,82.51,1
Moong,Red and Yellow soils,40.84306264961799,1,6.63,123.39168044535634,4.282926461335064,23.65,867.71,66.64,1
Pea,Red and Yellow soils,62.89562385255008,1,6.21,137.36228110423383,3.989132493505775,24.73,928.27,81.25,0
Rice,Alluvial soils,36.01014845087093,0,5.93,95.5705372998716,0.9837850209673618,22.39,949.63,75.57,0
Urd,Black soils,24.427711240308238,0,5.94,40.40200266895553,4.121770237149953,24.28,859.48,85.82,0
Mustard,Laterite soils,3.375598634207229,0,6.69,155.35234889949072,4.286214413194463,25.42,934.19,69.11,0
Masoor,Red and Yellow soils,84.52316916652465,1,6.34,136.06206737070266,3.720799011587236,26.71,905.39,77.06,1
Jwar,Red and Yellow soils,69.32300344575232,0,7.0,63.73200903681688,0.6010337902162692,27.52,835.28,85.06,0
Pea,Red and Yellow soils,43.446323388532846,0,6.99,141.32630646402174,3.2583353976805944,29.52,821.4,63.33,0
Groundnut,Laterite soils,34.78961480849945,1,6.37,100.82047107807897,4.765268097487416,24.31,886.23,84.02,1
Arhar,Red and Yellow soils,86.86720496550913,0,5.99,40.99567176940299,0.9693659789832094,22.59,926.08,81.27,0
Arhar,Black soils,7.8885965708143235,0,6.96,22.190126691675964,1.5355669671957597,24.28,816.94,85.61,0
Mustard,Laterite soils,2.422650386748149,1,5.91,50.003662732995785,1.3339062519960363,29.54,918.5,65.5,1
Tiwra,Red and Yellow soils,12.71408322731068,0,6.03,16.77495232897338,2.110155905799066,20.83,830.47,88.73,0
Millets,Laterite soils,69.8935704948745,0,6.31,32.32819760191878,3.248766454068652,27.38,837.73,79.93,0
Pea,Laterite soils,37.95291147089761,1,6.76,155.92154634208538,1.0961422182962492,24.03,807.62,79.05,1
Gram,Red and Yellow soils,82.24193371365227,1,6.12,186.49446950562293,3.4182091680119338,20.13,923.32,63.9,1
Tiwra,Laterite soils,44.157514598221695,0,6.15,20.786220688080256,4.760647059177217,23.3,851.78,73.89,0
Masoor,Red and Yellow soils,84.52316916652465,1,6.19,136.06206737070266,3.720799011587236,25.88,823.65,75.97,1
Gram,Alluvial soils,96.98944330900548,0,6.5,18.44939670465994,1.562279272549458,23.49,853.3,77.31,0
Gram,Alluvial soils,16.672643607007103,0,6.19,103.22443146605498,0.846637066382314,20.0,967.18,61.38,0
Millets,Red and Yellow soils,70.98318926589636,1,6.72,74.80825570491946,3.7312992983988873,27.84,801.6,64.83,1
Millets,Laterite soils,40.123933186942935,1,5.74,78.28259692949361,2.6365415718597265,25.29,923.13,72.59,1
Arhar,Alluvial soils,91.85485510003234,0,6.05,76.53287840752338,1.2994679672213083,30.0,870.45,81.65,0
Kulthi,Laterite soils,20.90726535219855,0,6.89,98.52331092318568,2.606152200854422,23.99,881.08,74.0,0
Urd,Alluvial soils,91.70252765931488,0,6.73,15.605923247840275,3.5094411666075778,24.28,932.14,75.28,0
Groundnut,Red and Yellow soils,38.75737864428302,0,6.53,87.85159170492055,4.987331613193882,28.35,886.84,62.33,0
Masoor,Black soils,56.607644110296,0,6.44,14.313069493331705,2.07281804952572,26.5,921.74,68.76,0
Wheat,Laterite soils,7.276797004040833,0,6.23,117.16853925930828,3.99316410162361,26.44,938.09,84.71,0
Pea,Red and Yellow soils,21.55979018755156,0,6.86,77.78609298703317,3.689048046868987,24.16,828.54,64.56,0
Til,Alluvial soils,95.1984444835079,0,6.27,142.64313814170387,3.0749607676792494,29.01,792.92,84.49,0
Moong,Laterite soils,15.751845797753464,1,6.48,116.91939141246866,1.6379793852651496,20.57,902.25,65.56,1
summer paddy,Red and Yellow soils,23.656969306526207,1,6.72,160.81222387384514,2.887401159556615,28.1,867.01,60.0,1
Kulthi,Black soils,64.62899831981025,0,6.51,83.52491651545493,1.5690018255421825,22.94,803.8,66.02,0
Mustard,Black soils,48.223606509415184,0,5.78,42.21612474828965,3.626063543977249,26.94,877.33,78.83,0
Gram,Alluvial soils,96.9050114005799,0,6.52,122.13502087504426,2.056511701070491,20.4,850.18,90.0,0
Gram,Laterite soils,53.836448220478616,0,5.99,15.2236049976858,0.9405202056930708,22.86,958.84,63.18,0
Groundnut,Laterite soils,47.3154015978025,0,6.07,163.00709664528063,2.6080442594736524,20.67,923.39,60.0,0
Maize,Red and Yellow soils,92.61970763557478,1,6.9,58.18133438986627,3.1266305880832834,28.79,878.79,63.65,0
Pea,Red and Yellow soils,32.745807896062146,1,5.74,26.481396356110054,4.152733501535543,24.55,810.39,90.0,0
Niger,Red and Yellow soils,16.887171155387144,1,5.98,22.167450486029797,2.846606265660132,25.34,964.24,77.74,0
Arhar,Black soils,7.8885965708143235,0,6.83,22.190126691675964,1.5355669671957597,25.71,844.95,86.84,0
Arhar,Laterite soils,10.205047368034332,1,5.94,171.60702634754793,1.5679546063176029,28.57,879.25,71.82,0
Urd,Red and Yellow soils,21.596618772360653,1,6.74,136.9355851898517,2.343072110888093,20.5,783.46,90.0,1
Rice,Red and Yellow soils,62.88030372406628,0,5.99,69.50062910462015,4.898555948589926,25.42,915.13,73.69,0
Niger,Laterite soils,58.342897767539576,0,5.93,30.396351069572987,0.6188329381507388,23.97,912.88,86.3,0
Millets,Red and Yellow soils,17.122970872144943,1,5.94,60.7652239322664,2.3761285663683043,27.94,972.2,69.93,1
Tiwra,Alluvial soils,42.73461385557504,1,6.84,46.60885970748865,2.3240919163041704,29.11,792.23,77.65,0
Tiwra,Red and Yellow soils,36.11241183442073,0,5.93,127.43746461709286,3.6934087696499662,27.94,924.03,62.69,0
Gram,Red and Yellow soils,14.573215619358535,1,5.53,57.09839965697187,3.9514705976890343,28.12,885.69,83.05,0
Arhar,Alluvial soils,57.32803334236286,1,6.85,178.80845618528306,2.3443978045744327,27.46,785.85,80.2,1
Gram,Alluvial soils,96.98944330900548,0,6.79,18.44939670465994,1.562279272549458,21.56,850.76,78.3,0
Millets,Alluvial soils,66.1773521263443,1,6.31,121.45483757861142,4.880676349583943,22.94,836.57,66.53,1
Mustard,Laterite soils,71.43977713087003,0,5.78,192.4061665391249,2.318230840930169,21.29,891.49,79.76,0
Niger,Red and Yellow soils,4.301026088036883,0,6.82,145.61804214220632,2.0812368730220943,22.59,819.67,73.87,0
Masoor,Red and Yellow soils,42.05432526241285,0,6.79,90.60728467834542,3.089700259916918,24.48,864.84,68.05,0
Rice,Laterite soils,7.142480781761127,0,6.23,145.4650010321932,2.084973135653419,24.39,889.77,71.39,0
summer paddy,Alluvial soils,68.88862950071787,1,5.9,73.83428244149384,0.5966557233781861,26.86,838.73,79.76,1
Til,Laterite soils,89.66061130236088,0,5.83,138.96491601693197,2.999699639608014,27.19,902.96,90.0,0
Masoor,Red and Yellow soils,90.46926764515013,1,6.21,39.5265414675269,4.552431153446992,26.78,936.15,79.63,0
summer paddy,Laterite soils,99.68532353972208,1,6.51,36.79724244169026,0.5887722514342346,28.85,920.91,64.75,0
Moong,Red and Yellow soils,9.326065442028998,0,6.98,172.44853243892462,3.156078875040973,23.25,889.39,69.22,0
Millets,Laterite soils,40.123933186942935,1,5.62,78.28259692949361,2.6365415718597265,23.2,884.48,72.71,1
Millets,Black soils,51.93747983054598,1,5.81,147.6076818611602,3.4815759318038104,23.15,928.15,89.62,1
Groundnut,Red and Yellow soils,36.53238610880504,0,6.81,92.22094687585086,0.9655793146476612,22.85,830.36,76.91,0
Soybean,Alluvial soils,45.929950244441066,1,6.61,146.06295145488895,4.868631700892124,27.06,910.17,77.37,0
Masoor,Red and Yellow soils,34.865602801136006,1,5.61,74.53290343716962,0.976484678989204,21.8,877.69,66.17,1
Groundnut,Red and Yellow soils,96.74499664722,1,6.15,178.92269764733769,2.42511046193267,27.48,927.72,83.75,1
Millets,Alluvial soils,66.1773521263443,1,6.49,121.45483757861142,4.880676349583943,25.47,905.87,66.5,1
Kulthi,Black soils,5.487798902751413,0,5.83,116.7863204842874,2.954194231161236,25.05,830.07,63.72,0
Soybean,Alluvial soils,1.0845160463029235,0,6.15,132.15140054930788,1.295639412046346,22.95,831.9,85.34,0
Rice,Black soils,51.78490534951984,1,5.5,159.67777079366866,3.8935916410771423,21.4,850.44,72.64,1
Arhar,Alluvial soils,40.59763875962707,1,5.64,154.16751398387302,1.6967064291359415,26.6,828.69,72.47,1
Tiwra,Red and Yellow soils,45.40305501460495,1,5.68,63.94801167122259,4.253171358306454,26.42,944.04,81.64,1
Millets,Laterite soils,11.564782214969178,1,6.46,120.43280013719917,3.7676132617091977,24.3,860.13,60.03,1
Tiwra,Black soils,94.76385180041332,0,6.77,110.7678118617717,0.8166051320582242,28.86,840.7,86.84,0
summer paddy,Laterite soils,14.757076703479033,0,6.2,114.56572536211222,3.841667344001905,22.42,799.16,76.04,0
Urd,Alluvial soils,3.862270503389171,0,7.0,55.87963143873647,4.218136005495886,20.31,867.8,88.62,0
Millets,Laterite soils,43.23591197416306,1,6.76,119.119475832171,0.6911915449376529,26.93,920.34,69.94,1
Rice,Black soils,52.65669190477372,1,6.15,134.8384120738132,3.631008437924299,30.0,926.62,61.64,1
Pea,Red and Yellow soils,32.745807896062146,1,5.97,26.481396356110054,4.152733501535543,24.0,809.42,89.58,0
Rice,Black soils,5.27909199036012,1,6.74,172.95426825777906,0.8633173028000611,20.0,935.45,63.43,1
Tiwra,Black soils,51.6709483055929,0,7.0,135.42477390060515,3.1134728386348294,23.27,898.07,87.7,0
Urd,Alluvial soils,91.70252765931488,0,6.81,15.605923247840275,3.5094411666075778,22.39,887.22,71.15,0
Soybean,Black soils,99.34559799516776,0,7.0,135.6931179241448,1.381824872493303,22.73,891.29,70.9,0
Moong,Alluvial soils,74.91849185092191,1,6.33,35.66011307470839,3.274662483685392,21.77,867.47,90.0,0
Gram,Black soils,7.859205242978358,0,6.09,59.29153611037987,1.2925953541039088,22.5,954.82,67.65,0
Til,Red and Yellow soils,83.59129485493202,0,6.48,36.09993908037054,0.925693566787786,21.64,824.03,67.47,0
Pea,Black soils,52.66967119754954,1,5.83,193.05858625795943,1.4970629237169906,27.8,944.0,90.0,1
Moong,Black soils,68.47419592831014,1,6.26,62.139746561585554,1.7248326329770518,27.19,798.97,74.58,0
Til,Alluvial soils,20.130363157001845,1,5.95,96.39301275682372,3.99987462399122,25.64,890.39,66.31,1
summer paddy,Laterite soils,99.68532353972208,1,6.43,36.79724244169026,0.5887722514342346,29.68,865.32,65.41,0
Til,Black soils,46.52242066000872,0,5.83,142.37837594275828,2.13191427436652,24.89,978.39,60.39,0
Masoor,Black soils,32.78096124453907,1,5.59,155.80477364636056,4.464364499262837,28.39,846.57,88.82,1
Maize,Black soils,19.463557757075588,0,6.83,125.4704718867283,2.598418486481846,21.52,895.92,80.59,0
Arhar,Laterite soils,70.69460626460166,0,6.55,128.31657060515244,4.766392383485942,24.61,803.35,89.83,0
Jwar,Red and Yellow soils,54.09861316205604,1,5.5,43.55196900142567,2.5235327567755976,28.38,914.43,69.92,0
Pea,Red and Yellow soils,62.89562385255008,1,6.05,137.36228110423383,3.989132493505775,25.88,803.67,83.31,0
Til,Laterite soils,79.9474430875547,1,5.56,173.28889307383915,3.202864513601942,21.52,978.21,60.15,1
Rice,Laterite soils,25.09494464680028,1,6.09,157.04690334075116,1.926924601319298,20.99,903.05,90.0,1
Maize,Black soils,37.59082546376269,1,5.84,177.66269564708426,3.0725046924698143,21.6,853.13,75.42,0
Soybean,Laterite soils,82.5219028825696,1,6.48,120.98570933252736,1.84204637395397,21.83,798.89,90.0,1
Kulthi,Alluvial soils,17.77720417995551,1,6.81,186.6233951811228,2.9967585527538096,20.93,937.88,64.31,1
Soybean,Red and Yellow soils,64.9013741262986,0,5.8,175.0559582444221,3.45476106865228,21.78,944.05,73.51,0
Wheat,Laterite soils,92.6074773325522,1,5.99,171.06465646258272,1.1677687279613973,25.32,820.39,76.68,1
Moong,Laterite soils,75.26532755569725,1,6.09,43.65731320402202,3.3010974637817863,27.94,973.74,60.01,0
Til,Red and Yellow soils,83.59129485493202,0,6.71,36.09993908037054,0.925693566787786,23.77,867.28,65.12,0
Rice,Laterite soils,25.09494464680028,1,6.14,157.04690334075116,1.926924601319298,22.87,897.19,88.95,1
Pea,Black soils,96.80767801393904,0,6.32,195.8016411514046,1.166165615757137,23.3,824.84,77.73,0
Til,Laterite soils,79.80767833149267,1,5.96,195.1869784074493,4.9333156627866845,24.39,825.43,79.6,0
Jwar,Alluvial soils,25.85682337890519,1,5.5,102.61050271033608,4.377680196883321,24.82,825.96,86.59,0
Tiwra,Black soils,51.6709483055929,0,7.0,135.42477390060515,3.1134728386348294,21.94,868.28,84.83,0
Arhar,Red and Yellow soils,89.63418660147754,0,5.8,197.40269607320457,2.917209527133356,25.24,953.52,80.23,0
Urd,Red and Yellow soils,21.596618772360653,1,6.93,136.9355851898517,2.343072110888093,20.01,891.74,89.32,1
Urd,Laterite soils,66.47259153046967,1,6.38,141.76502902740526,2.4215107907859093,29.01,913.44,70.12,1
Tiwra,Alluvial soils,28.87196897058254,0,6.87,17.161441426265586,4.476599320211214,28.98,914.22,65.91,0
summer paddy,Laterite soils,14.757076703479033,0,6.45,114.56572536211222,3.841667344001905,23.16,799.29,74.2,0
Groundnut,Laterite soils,81.6554741475988,1,6.94,86.15027954705378,1.14379756440237,25.09,791.06,76.26,1
Pea,Laterite soils,33.75432868239185,1,6.0,80.1683655296807,2.515180774620488,23.39,864.66,64.69,1
Mustard,Black soils,8.188474407011933,1,6.68,47.59586392867045,2.8105878706836,20.0,878.59,64.53,0
Til,Black soils,29.59626120983151,0,6.34,26.91842836664658,2.7167595174345838,28.38,786.51,90.0,0
Wheat,Red and Yellow soils,44.32758410771781,0,6.94,147.39729054115696,3.125924867676585,24.11,928.66,60.0,0
Kulthi,Laterite soils,67.55487925578505,0,6.81,79.33838476518439,4.877362795825739,26.87,789.06,90.0,0
Til,Red and Yellow soils,80.31440413281457,0,6.12,77.60609722671164,0.5869799739884878,28.81,859.11,65.34,0
summer paddy,Red and Yellow soils,23.656969306526207,1,6.72,160.81222387384514,2.887401159556615,30.0,860.02,61.19,1
Pea,Black soils,94.11254095151456,0,6.82,74.32011188400841,3.278071802192412,24.94,777.56,87.15,0
Jwar,Alluvial soils,75.59152131396844,1,6.8,79.91476651727123,4.875495742078561,20.19,776.16,73.26,1
Maize,Black soils,19.410359181755048,0,5.5,167.23117270851932,4.392858700280796,28.07,865.31,65.05,0
Rice,Alluvial soils,55.7182474465031,0,6.15,34.65834578689061,2.032096363927362,30.0,929.42,62.64,0
Urd,Red and Yellow soils,80.12909695909734,0,7.0,70.99504826835619,4.201089365152599,29.63,887.3,83.17,0
Moong,Red and Yellow soils,6.70159104623501,0,6.61,154.37849353994258,1.4738508434764648,21.52,803.47,62.8,0
Groundnut,Red and Yellow soils,44.10436539094836,0,5.65,191.6079760172045,1.0565774612663703,21.36,943.37,74.16,0
Pea,Black soils,35.50207418332751,0,5.8,155.1924950643728,4.558757044762429,28.42,859.07,76.0,0
Urd,Alluvial soils,37.78258122050927,1,5.53,46.08242628582618,2.6125853106729853,28.11,854.96,69.79,0
Gram,Alluvial soils,96.9050114005799,0,6.75,122.13502087504426,2.056511701070491,22.9,802.17,89.33,0
Wheat,Black soils,27.701983404171347,1,7.0,165.79370043835235,0.8135175506595091,25.46,803.48,85.68,1
summer paddy,Alluvial soils,62.00398399717235,0,6.97,38.761830651487706,4.14766925501463,24.7,836.39,75.07,0
Kulthi,Laterite soils,1.9575813458450015,0,6.16,135.07179394615684,2.663615249026792,23.09,819.72,79.63,0
Soybean,Red and Yellow soils,3.422005573134409,1,6.54,184.83881346960908,0.628547000211728,29.25,859.05,63.61,1
Jwar,Red and Yellow soils,69.32300344575232,0,6.92,63.73200903681688,0.6010337902162692,27.96,908.28,84.58,0
Groundnut,Red and Yellow soils,44.10436539094836,0,5.71,191.6079760172045,1.0565774612663703,21.32,928.22,75.06,0
Soybean,Laterite soils,71.15073745457829,1,5.66,34.43015994612051,2.8276033668845826,27.04,916.79,70.37,0
Tiwra,Red and Yellow soils,49.47275930960727,1,6.97,64.97986652212177,4.40748983958334,26.63,899.91,87.67,0
Jwar,Alluvial soils,8.770750022223734,1,5.63,115.99582439793596,2.540243063469655,23.75,952.56,84.46,1
summer paddy,Alluvial soils,49.74984625046088,1,6.92,177.06316827987376,3.0524203994909347,22.38,853.1,80.56,1
Til,Red and Yellow soils,83.59129485493202,0,6.47,36.09993908037054,0.925693566787786,23.38,843.11,65.31,0
Arhar,Red and Yellow soils,89.63418660147754,0,5.99,197.40269607320457,2.917209527133356,24.55,857.75,78.81,0
Arhar,Red and Yellow soils,86.86720496550913,0,6.04,40.99567176940299,0.9693659789832094,24.5,923.01,87.92,0
Jwar,Alluvial soils,8.770750022223734,1,5.74,115.99582439793596,2.540243063469655,23.03,953.16,90.0,1
summer paddy,Red and Yellow soils,1.3568197489404303,1,6.04,169.14624833347128,4.405057679473639,29.08,919.57,83.96,0
Soybean,Alluvial soils,45.929950244441066,1,6.31,146.06295145488895,4.868631700892124,27.95,912.97,72.03,0
Urd,Black soils,6.69515158775076,0,6.25,187.8070287106091,1.1930450406000916,22.94,926.68,73.53,0
Urd,Alluvial soils,3.862270503389171,0,7.0,55.87963143873647,4.218136005495886,20.0,796.84,84.64,0
Rice,Laterite soils,25.09494464680028,1,6.4,157.04690334075116,1.926924601319298,21.24,845.93,90.0,1
Wheat,Laterite soils,7.276797004040833,0,5.89,117.16853925930828,3.99316410162361,24.73,933.78,84.25,0
Mustard,Laterite soils,3.375598634207229,0,7.0,155.35234889949072,4.286214413194463,24.37,873.26,70.76,0
Pea,Black soils,94.11254095151456,0,7.0,74.32011188400841,3.278071802192412,25.66,883.01,85.07,0
Gram,Alluvial soils,6.631856397258757,1,6.72,199.531133950268,4.800063599754694,22.01,847.61,86.4,0
Niger,Black soils,2.645006445988896,0,6.01,149.7523142684901,3.7486793601665775,27.24,833.0,71.58,0
Tiwra,Alluvial soils,28.87196897058254,0,7.0,17.161441426265586,4.476599320211214,29.06,804.05,68.75,0
Maize,Black soils,25.60173042272508,1,6.76,165.05125349950538,2.360850866018045,29.84,864.13,69.42,1
Soybean,Red and Yellow soils,3.422005573134409,1,6.7,184.83881346960908,0.628547000211728,29.01,840.12,60.85,1
Maize,Black soils,25.60173042272508,1,6.8,165.05125349950538,2.360850866018045,28.19,812.27,64.01,1
Moong,Laterite soils,44.60788148262814,1,5.74,83.79284451275134,2.217174315777015,26.35,961.69,63.94,1
Soybean,Laterite soils,13.10812731307866,1,5.86,178.12965587280345,2.260207718353315,30.0,954.99,75.98,1
Rice,Alluvial soils,45.02207961303291,1,6.09,183.9060120825367,2.2666440011155182,26.09,907.9,87.6,1
Maize,Alluvial soils,34.904783067347054,0,6.91,17.703829613210928,0.5905315307981513,27.45,760.19,86.06,0
Tiwra,Laterite soils,44.157514598221695,0,6.5,20.786220688080256,4.760647059177217,23.94,876.28,72.75,0
Groundnut,Laterite soils,65.31840295659302,0,7.0,141.36645020981774,4.393638773635823,25.92,806.23,81.62,0
Soybean,Laterite soils,82.5219028825696,1,6.22,120.98570933252736,1.84204637395397,24.11,941.86,86.07,1
Jwar,Black soils,43.34241591110462,0,6.24,55.8071284120974,4.114829632169133,22.23,793.68,82.89,0
Masoor,Alluvial soils,45.92043415033586,0,6.74,175.13241790304798,3.316894792035183,27.09,801.51,84.11,0
Pea,Alluvial soils,63.2123421474168,1,6.18,30.08992185887418,2.1099619017340947,29.09,944.02,61.63,0
Rice,Laterite soils,83.79467762655149,0,6.49,33.31006222633755,2.783971589852677,20.57,911.06,89.48,0
Maize,Black soils,87.75885918969198,0,5.84,139.78469040599293,1.3665129133839682,25.02,934.63,84.13,0
Moong,Alluvial soils,40.61480583667867,1,5.57,166.39544242161517,4.281051864970563,27.24,891.57,60.0,1
summer paddy,Alluvial soils,80.44770135267859,0,6.85,29.64755058306169,4.7260075846814615,21.02,860.19,83.21,0
Soybean,Alluvial soils,73.18122507589274,0,5.59,84.15235572039454,4.546057014434088,23.33,927.41,84.17,0
Urd,Red and Yellow soils,80.12909695909734,0,7.0,70.99504826835619,4.201089365152599,29.63,857.01,81.58,0
Tiwra,Red and Yellow soils,36.11241183442073,0,5.95,127.43746461709286,3.6934087696499662,28.98,956.53,61.99,0
Niger,Black soils,41.79287336304921,0,7.0,54.696853754845804,1.7969102556076575,23.51,927.0,68.11,0
Jwar,Black soils,85.02489644764282,0,5.89,141.69070379804322,2.338065364164532,25.69,951.14,65.19,0
Tiwra,Black soils,97.158326515426,0,5.55,132.63690929018293,0.9977835566720724,21.16,913.43,72.52,0
Til,Black soils,29.59626120983151,0,6.65,26.91842836664658,2.7167595174345838,27.77,866.23,88.35,0
Gram,Alluvial soils,92.8493387422751,1,6.49,64.25799140275164,4.914860850641632,29.57,902.98,78.71,1
Kulthi,Laterite soils,67.55487925578505,0,6.86,79.33838476518439,4.877362795825739,26.88,803.48,88.99,0
Jwar,Black soils,58.43929542154972,1,5.64,16.566631578535365,3.473426184998023,23.37,992.1,66.36,0
Moong,Laterite soils,4.258463097456195,0,5.85,181.9289995636216,3.8846723421151497,26.13,865.09,80.24,0
Gram,Red and Yellow soils,34.74768672244927,1,6.77,33.58119022402276,1.9181663035284728,30.0,918.02,64.92,0
Niger,Laterite soils,14.75564765833209,1,5.65,43.53470873409088,3.958799053421168,28.54,948.89,85.36,0
Pea,Black soils,96.80767801393904,0,6.3,195.8016411514046,1.166165615757137,22.78,884.01,80.89,0
Jwar,Alluvial soils,89.71217350262663,0,6.67,25.10256180019756,4.094914179917966,23.77,814.06,67.49,0
Pea,Alluvial soils,63.2123421474168,1,5.99,30.08992185887418,2.1099619017340947,27.78,966.82,68.22,0
Soybean,Alluvial soils,45.929950244441066,1,6.49,146.06295145488895,4.868631700892124,28.38,892.12,74.25,0
Maize,Red and Yellow soils,60.85170379581952,1,6.11,154.7840778557563,1.2002355013252552,22.9,867.59,74.21,1
Gram,Red and Yellow soils,14.573215619358535,1,5.78,57.09839965697187,3.9514705976890343,27.91,901.75,85.32,0
Groundnut,Alluvial soils,77.64734025846953,1,6.97,30.1290536211666,2.4437057909109408,23.86,828.24,66.66,0
Jwar,Black soils,28.67326065577008,0,5.97,62.69765596562617,3.9383874571860433,22.59,839.96,82.02,0
Masoor,Red and Yellow soils,34.865602801136006,1,5.59,74.53290343716962,0.976484678989204,20.63,962.51,65.35,1
Jwar,Red and Yellow soils,69.32300344575232,0,7.0,63.73200903681688,0.6010337902162692,27.82,861.45,82.75,0
Millets,Black soils,51.93747983054598,1,5.85,147.6076818611602,3.4815759318038104,23.48,933.45,88.15,1
Til,Laterite soils,89.66061130236088,0,5.51,138.96491601693197,2.999699639608014,27.54,839.82,90.0,0
Urd,Laterite soils,56.01656404336428,1,5.67,169.6786697669429,1.2509461554512062,29.18,832.06,70.96,1
Til,Red and Yellow soils,80.31440413281457,0,6.2,77.60609722671164,0.5869799739884878,26.59,941.13,62.88,0
Gram,Alluvial soils,44.36061613463463,1,5.57,51.92836348552057,1.185780320544819,22.62,966.85,69.5,1
summer paddy,Alluvial soils,5.634581766188527,1,6.26,70.69578532542236,3.804381772475503,21.38,865.28,79.83,1
Rice,Black soils,51.78490534951984,1,5.5,159.67777079366866,3.8935916410771423,20.33,884.23,78.27,1
Maize,Black soils,19.463557757075588,0,6.63,125.4704718867283,2.598418486481846,21.58,869.52,76.29,0
Mustard,Red and Yellow soils,47.35020570684794,1,6.67,14.979387934802954,2.7212244906205534,24.17,859.46,72.15,0
Soybean,Black soils,99.34559799516776,0,6.9,135.6931179241448,1.381824872493303,23.62,885.69,71.26,0
Maize,Red and Yellow soils,69.73343459088427,0,5.62,159.39192951392974,3.210066085264966,27.06,970.64,77.11,0
Jwar,Alluvial soils,25.85682337890519,1,5.52,102.61050271033608,4.377680196883321,26.41,869.41,89.06,0
Tiwra,Red and Yellow soils,27.092825029366224,1,5.76,153.70269592651675,1.2125187749279782,26.77,915.46,60.0,1
Urd,Laterite soils,56.01656404336428,1,5.6,169.6786697669429,1.2509461554512062,29.12,958.45,77.98,1
Millets,Black soils,46.115623150526005,1,6.79,177.58949627751142,1.0156582803711816,28.96,931.04,72.35,1
Til,Laterite soils,72.63236990744744,0,6.0,91.21425103639508,0.6719788045907025,26.7,939.8,65.95,0
Arhar,Alluvial soils,84.94829653763078,0,6.79,148.30405234987228,2.085751113035552,24.27,901.04,74.65,0
Millets,Black soils,51.93747983054598,1,6.08,147.6076818611602,3.4815759318038104,22.4,916.43,86.48,1
Arhar,Alluvial soils,84.94829653763078,0,6.44,148.30405234987228,2.085751113035552,24.84,827.38,78.79,0
Tiwra,Alluvial soils,49.96403886906193,0,6.43,129.23233750459332,1.024483141899196,25.0,873.17,68.83,0
Tiwra,Red and Yellow soils,45.40305501460495,1,5.5,63.94801167122259,4.253171358306454,28.71,916.81,83.95,1
Moong,Black soils,66.35159251639024,0,5.74,154.92011886243904,4.532794847215374,25.45,948.33,70.25,0
Moong,Red and Yellow soils,40.84306264961799,1,6.29,123.39168044535634,4.282926461335064,24.23,923.81,62.66,1
summer paddy,Laterite soils,14.757076703479033,0,6.22,114.56572536211222,3.841667344001905,22.04,885.96,76.85,0
Kulthi,Laterite soils,67.55487925578505,0,6.94,79.33838476518439,4.877362795825739,28.96,833.0,85.31,0
Mustard,Alluvial soils,5.985936900346184,1,5.89,55.23498004685733,0.9143669321101572,24.02,974.6,69.34,1
Moong,Laterite soils,66.7431644007017,1,6.18,36.37326995857885,1.941595947520944,23.85,846.49,75.75,0
Mustard,Laterite soils,3.375598634207229,0,6.74,155.35234889949072,4.286214413194463,25.26,816.85,71.54,0
Rice,Alluvial soils,45.02207961303291,1,5.85,183.9060120825367,2.2666440011155182,26.89,864.5,90.0,1
Millets,Red and Yellow soils,70.98318926589636,1,6.76,74.80825570491946,3.7312992983988873,27.07,864.52,60.01,1
Til,Alluvial soils,74.9101007065359,0,6.19,139.00895124661432,4.160729142666699,24.51,834.8,85.22,0
Masoor,Red and Yellow soils,15.573043648692993,0,5.55,40.394151236744186,2.3537196802479925,26.63,949.71,71.66,0
Arhar,Black soils,7.8885965708143235,0,6.74,22.190126691675964,1.5355669671957597,24.12,909.63,80.76,0
Wheat,Alluvial soils,67.4018482677936,0,6.24,27.39069849597884,4.906744463762068,20.0,890.91,62.03,0
Tiwra,Alluvial soils,57.12809708824221,1,6.51,197.0604365484146,3.9823961897083984,24.34,918.84,69.7,1
Urd,Alluvial soils,61.5620526784047,1,5.82,104.44263990041502,2.5721342995786207,20.68,909.06,88.47,1
Kulthi,Red and Yellow soils,4.874093193902079,0,5.95,58.01984131719706,1.2796791167350348,23.24,822.11,86.95,0
Maize,Black soils,19.463557757075588,0,6.75,125.4704718867283,2.598418486481846,24.32,769.74,81.56,0
Maize,Red and Yellow soils,69.73343459088427,0,5.66,159.39192951392974,3.210066085264966,25.36,843.04,75.73,0
Wheat,Black soils,27.701983404171347,1,7.0,165.79370043835235,0.8135175506595091,25.25,813.95,86.68,1
Millets,Laterite soils,40.123933186942935,1,5.76,78.28259692949361,2.6365415718597265,23.26,869.16,68.37,1
Jwar,Red and Yellow soils,54.09861316205604,1,5.57,43.55196900142567,2.5235327567755976,28.64,937.31,72.07,0
Groundnut,Red and Yellow soils,96.74499664722,1,5.85,178.92269764733769,2.42511046193267,27.64,906.69,81.44,1
Groundnut,Laterite soils,73.65874563961616,0,6.07,22.36466943541153,2.773808931043931,24.11,955.63,60.0,0
Mustard,Black soils,48.223606509415184,0,5.73,42.21612474828965,3.626063543977249,26.27,926.86,75.85,0
Jwar,Red and Yellow soils,28.76255629578411,1,5.88,177.41725250309972,0.8627567390016935,24.99,954.81,73.42,1
summer paddy,Alluvial soils,92.14077589708448,0,5.65,37.26311684885115,2.4051624361938035,21.25,927.21,82.47,0
Moong,Red and Yellow soils,6.70159104623501,0,6.52,154.37849353994258,1.4738508434764648,20.18,906.8,60.0,0
Jwar,Black soils,87.71268641532818,0,6.17,15.698221174437968,2.9018118843038945,22.86,845.73,89.68,0
summer paddy,Laterite soils,97.19340985732984,0,7.0,109.52068301196128,2.3271442877923745,30.0,917.15,72.29,0
Urd,Alluvial soils,37.78258122050927,1,5.83,46.08242628582618,2.6125853106729853,28.64,824.46,73.7,0
Gram,Red and Yellow soils,14.573215619358535,1,5.87,57.09839965697187,3.9514705976890343,26.77,902.86,86.04,0
Niger,Red and Yellow soils,30.05926746262701,0,5.64,171.41131547239257,3.621531844526511,28.74,909.08,63.13,0
Rice,Laterite soils,7.142480781761127,0,5.82,145.4650010321932,2.084973135653419,25.04,920.87,67.07,0
Tiwra,Alluvial soils,28.87196897058254,0,6.9,17.161441426265586,4.476599320211214,28.11,873.17,70.41,0
Pea,Red and Yellow soils,43.446323388532846,0,6.79,141.32630646402174,3.2583353976805944,28.82,888.29,65.42,0
Gram,Black soils,33.36100018676664,1,6.12,77.38147579324998,4.486073743546642,27.05,881.47,63.82,1
Kulthi,Black soils,23.189085786347796,0,6.14,189.8627111419892,2.7848888056767773,28.83,841.39,86.52,0
Kulthi,Black soils,5.487798902751413,0,5.95,116.7863204842874,2.954194231161236,24.73,971.73,63.12,0
Til,Alluvial soils,48.12232243119416,1,5.99,159.19400511003866,4.48088955820164,20.0,860.11,73.27,1
Jwar,Laterite soils,85.67941919967865,1,5.88,155.92944761114924,4.804050202111057,30.0,844.13,65.89,1
Kulthi,Laterite soils,31.16493766854265,0,6.73,37.76578110224007,3.3810076514253757,22.87,928.46,67.74,0
Masoor,Black soils,95.87154982405876,1,6.64,129.9810832257704,0.5034414484512415,20.32,868.64,60.0,1
Gram,Alluvial soils,6.631856397258757,1,6.67,199.531133950268,4.800063599754694,22.37,821.73,83.16,0
Mustard,Laterite soils,95.8059931058451,0,5.78,103.02761838487882,4.034661034793127,20.05,839.05,61.5,0
Urd,Black soils,54.97589680292262,1,5.94,182.3901767961132,0.6312941161897548,25.33,859.73,81.48,0
Urd,Alluvial soils,91.70252765931488,0,6.66,15.605923247840275,3.5094411666075778,23.56,786.65,75.84,0
summer paddy,Laterite soils,80.66896941192711,0,6.47,54.11712191845815,3.2515109543711493,27.72,852.45,60.0,0
Pea,Laterite soils,33.75432868239185,1,5.91,80.1683655296807,2.515180774620488,22.67,875.24,66.27,1
Groundnut,Laterite soils,73.65874563961616,0,6.12,22.36466943541153,2.773808931043931,26.2,948.31,60.1,0
Tiwra,Laterite soils,66.59744978514821,1,6.31,180.71957832423595,3.992147155611458,29.54,862.61,77.03,0
summer paddy,Laterite soils,57.82058689786627,0,6.2,53.81319082011551,2.8357837897845606,21.72,800.96,76.05,0
Kulthi,Alluvial soils,54.81048353532652,1,6.05,24.193410570245213,4.594332152474536,26.38,943.59,63.63,0
Niger,Black soils,41.408301825253936,1,6.33,31.68152038748095,2.551580468611744,21.89,857.9,67.84,0
Maize,Laterite soils,80.06913248485557,0,6.27,60.5239790933438,1.7659599285259715,27.82,831.54,71.72,0
summer paddy,Laterite soils,99.68532353972208,1,6.46,36.79724244169026,0.5887722514342346,29.8,867.81,67.36,0
Rice,Laterite soils,36.067847125393314,1,5.9,45.080516013725855,3.846756333323527,20.47,910.68,61.6,0
Maize,Alluvial soils,84.40064941289427,0,6.83,117.3407974676231,2.5830017311527627,28.74,764.28,89.95,0
Arhar,Laterite soils,10.205047368034332,1,6.29,171.60702634754793,1.5679546063176029,28.05,818.86,71.65,0
Til,Alluvial soils,20.130363157001845,1,6.07,96.39301275682372,3.99987462399122,24.35,899.88,64.96,1
Niger,Black soils,41.408301825253936,1,6.05,31.68152038748095,2.551580468611744,23.51,967.98,65.07,0
Rice,Laterite soils,83.8775957011866,1,5.83,34.37576356945297,2.294909994831729,28.82,836.57,69.21,0
Gram,Laterite soils,94.10126247062009,0,5.75,72.58126430651672,2.1511369511760727,26.63,927.84,60.0,0
Moong,Alluvial soils,40.61480583667867,1,5.98,166.39544242161517,4.281051864970563,29.0,979.76,60.0,1
Gram,Black soils,7.538508193294686,1,6.87,22.895319575658647,0.7515476161379425,24.03,804.43,90.0,0
Mustard,Alluvial soils,12.351657408054075,1,5.99,74.45869273649792,2.028361205368407,21.43,838.22,77.47,1
Maize,Laterite soils,59.61861413363324,1,5.6,135.50678958732516,2.9379073788004195,23.68,945.06,84.29,1
Kulthi,Alluvial soils,61.837349287810135,1,7.0,27.801636027771064,2.6701487722421016,26.12,820.6,79.94,0
Rice,Laterite soils,83.8775957011866,1,5.5,34.37576356945297,2.294909994831729,29.59,873.75,67.79,0
Maize,Black soils,87.75885918969198,0,5.8,139.78469040599293,1.3665129133839682,27.01,956.37,89.64,0
Til,Black soils,85.01927690614711,0,6.53,142.2143460301832,3.3364185717505808,20.66,933.99,74.56,0
Gram,Alluvial soils,16.672643607007103,0,6.27,103.22443146605498,0.846637066382314,20.59,925.55,63.15,0
Millets,Alluvial soils,3.618996042561992,0,6.39,195.20677589698155,0.9929670665083924,27.92,898.26,84.96,0
Masoor,Red and Yellow soils,79.30084242753477,1,6.92,11.043366165214929,1.7972285602299596,23.4,834.98,63.65,0
Moong,Black soils,68.47419592831014,1,5.86,62.139746561585554,1.7248326329770518,28.52,921.19,75.82,0
Tiwra,Red and Yellow soils,16.381665237746383,1,6.14,84.8078611948209,1.039182547558261,25.73,810.17,81.51,0
Mustard,Black soils,49.5300825663572,0,5.5,153.43110336778798,4.824259422343958,26.39,855.53,90.0,0
summer paddy,Laterite soils,99.68532353972208,1,6.28,36.79724244169026,0.5887722514342346,29.38,935.79,64.75,0
Soybean,Alluvial soils,1.0845160463029235,0,5.81,132.15140054930788,1.295639412046346,25.36,831.48,88.33,0
Gram,Laterite soils,25.539681660071125,1,7.0,24.59636681009846,2.769413193485069,22.33,855.7,79.52,0
Kulthi,Alluvial soils,17.77720417995551,1,6.75,186.6233951811228,2.9967585527538096,21.02,812.27,61.57,1
Pea,Black soils,60.61327630651897,1,5.94,71.88729840163472,3.3834428136844004,27.2,847.16,60.26,1
Gram,Black soils,78.84309895532813,1,6.33,101.37659921705163,0.5595492491183836,21.05,892.36,81.81,0
Maize,Alluvial soils,14.964041185953416,1,6.89,139.1026557896301,1.843602189402552,27.96,805.29,73.29,1
Pea,Black soils,52.66967119754954,1,5.8,193.05858625795943,1.4970629237169906,28.15,876.04,87.75,1
Pea,Alluvial soils,17.17303816819014,0,5.75,163.3134475429299,2.644391106796571,28.08,946.57,69.4,0
Millets,Red and Yellow soils,17.122970872144943,1,6.31,60.7652239322664,2.3761285663683043,26.99,831.99,67.92,1
Groundnut,Black soils,13.083322941050284,0,5.85,85.59418473765709,3.41430524157662,24.96,827.93,66.9,0
Rice,Red and Yellow soils,94.9606118039142,0,5.52,54.1128672085785,1.619877527026648,20.98,844.48,60.5,0
Moong,Alluvial soils,74.91849185092191,1,6.52,35.66011307470839,3.274662483685392,20.0,808.17,87.59,0
summer paddy,Red and Yellow soils,39.66105407075501,0,6.43,35.35427059036928,1.3256422203939051,21.11,839.48,64.07,0
Gram,Black soils,43.903327920986655,1,6.63,153.1401018257682,2.190934023980345,26.5,853.15,84.19,1
Soybean,Black soils,80.18699184832587,1,6.01,66.79895680678409,2.870925046781913,29.98,904.34,81.56,1
Moong,Alluvial soils,30.47426495779317,1,5.75,79.66928665808871,2.6924502123480902,22.44,945.31,78.27,1
Jwar,Laterite soils,20.52338382586908,0,7.0,39.04821267421946,2.0258284690301904,24.14,806.24,73.82,0
Jwar,Alluvial soils,87.5833721223469,0,6.5,73.36725049269779,3.5742192788952645,30.0,862.55,60.45,0
Masoor,Alluvial soils,71.71208281936302,0,6.58,31.377403355249527,1.0655330314056928,26.53,832.67,68.17,0
Masoor,Black soils,32.78096124453907,1,6.0,155.80477364636056,4.464364499262837,29.79,844.96,88.78,1
Urd,Black soils,30.25969736488654,0,5.76,28.04568065397041,1.8011830369833524,29.49,859.59,86.3,0
summer paddy,Alluvial soils,92.14077589708448,0,5.67,37.26311684885115,2.4051624361938035,20.66,861.99,81.43,0
Rice,Alluvial soils,49.78214071680444,0,6.88,54.89730595991944,1.04622923932641,21.2,826.27,77.3,0
Groundnut,Alluvial soils,7.595586649378683,1,6.8,32.52112578042177,2.090866635406147,20.8,893.39,64.58,0
summer paddy,Black soils,60.308079523188816,0,6.9,43.46443527108601,3.000106367186519,28.35,805.99,77.87,0
Moong,Laterite soils,1.3350146708237651,0,6.06,27.21836674974315,4.5485522285277975,28.36,861.71,66.83,0
Gram,Alluvial soils,6.631856397258757,1,6.37,199.531133950268,4.800063599754694,22.98,929.16,82.88,0
Rice,Red and Yellow soils,7.996150840499768,0,6.84,73.07030318124619,1.7926143362906817,24.82,890.5,76.76,0
Niger,Laterite soils,4.079749834554197,0,5.5,99.53335179078957,3.6129767886177073,23.64,832.98,71.53,0
Groundnut,Red and Yellow soils,36.53238610880504,0,6.67,92.22094687585086,0.9655793146476612,25.42,792.6,74.11,0
Gram,Red and Yellow soils,82.07588905682253,0,6.74,18.009491866681152,3.233362891898263,20.0,774.03,78.41,0
Pea,Red and Yellow soils,57.89621108388996,1,5.85,140.3534641806105,3.0806227397827857,26.15,924.21,82.49,1
Masoor,Black soils,56.607644110296,0,6.22,14.313069493331705,2.07281804952572,27.71,854.08,66.89,0
Gram,Alluvial soils,96.98944330900548,0,6.62,18.44939670465994,1.562279272549458,22.64,900.42,71.95,0
Jwar,Red and Yellow soils,28.76255629578411,1,6.21,177.41725250309972,0.8627567390016935,26.36,912.18,69.1,1
Moong,Red and Yellow soils,40.84306264961799,1,6.43,123.39168044535634,4.282926461335064,23.95,929.62,63.62,1
Kulthi,Laterite soils,93.89813650383569,0,6.65,193.230305006838,2.25817436042408,29.26,802.67,64.11,0
Arhar,Laterite soils,74.64442798330771,1,6.11,155.32653226232352,1.9369977433354968,28.65,950.9,82.95,1
Jwar,Alluvial soils,75.59152131396844,1,6.79,79.91476651727123,4.875495742078561,20.0,880.53,76.78,1
Tiwra,Red and Yellow soils,16.381665237746383,1,5.87,84.8078611948209,1.039182547558261,26.15,900.95,74.75,0
Rice,Black soils,5.27909199036012,1,6.6,172.95426825777906,0.8633173028000611,20.0,921.08,62.86,1
Maize,Black soils,19.463557757075588,0,6.83,125.4704718867283,2.598418486481846,23.16,834.28,78.3,0
Tiwra,Laterite soils,87.1125768798161,0,5.5,155.6761395244254,3.972236580663137,28.48,918.97,64.99,0
Urd,Black soils,6.69515158775076,0,6.16,187.8070287106091,1.1930450406000916,24.13,837.88,70.35,0
Kulthi,Black soils,5.487798902751413,0,6.01,116.7863204842874,2.954194231161236,23.76,966.12,67.32,0
Maize,Black soils,25.60173042272508,1,6.9,165.05125349950538,2.360850866018045,29.29,810.74,68.79,1
summer paddy,Alluvial soils,92.14077589708448,0,5.54,37.26311684885115,2.4051624361938035,21.59,962.58,80.7,0
Millets,Laterite soils,43.23591197416306,1,7.0,119.119475832171,0.6911915449376529,27.45,861.51,70.77,1
Mustard,Black soils,49.5300825663572,0,5.78,153.43110336778798,4.824259422343958,25.44,946.51,89.04,0
Niger,Black soils,37.31419938079141,1,6.78,132.93729695324475,2.649581196463151,24.27,805.92,84.28,1
Soybean,Alluvial soils,73.18122507589274,0,5.7,84.15235572039454,4.546057014434088,23.61,836.98,86.36,0
Gram,Alluvial soils,6.631856397258757,1,6.63,199.531133950268,4.800063599754694,21.29,786.77,88.25,0
Niger,Black soils,41.79287336304921,0,7.0,54.696853754845804,1.7969102556076575,22.45,915.1,67.73,0
Masoor,Black soils,32.78096124453907,1,5.7,155.80477364636056,4.464364499262837,30.0,908.87,87.78,1
Maize,Alluvial soils,84.40064941289427,0,6.97,117.3407974676231,2.5830017311527627,29.55,902.83,88.21,0
Tiwra,Red and Yellow soils,12.71408322731068,0,6.04,16.77495232897338,2.110155905799066,20.8,890.91,85.26,0
Mustard,Red and Yellow soils,47.35020570684794,1,6.58,14.979387934802954,2.7212244906205534,22.88,877.74,79.75,0
Til,Red and Yellow soils,83.59129485493202,0,6.71,36.09993908037054,0.925693566787786,22.81,815.54,63.29,0
Rice,Laterite soils,25.09494464680028,1,6.23,157.04690334075116,1.926924601319298,21.9,787.09,90.0,1
Tiwra,Red and Yellow soils,27.092825029366224,1,5.68,153.70269592651675,1.2125187749279782,27.33,868.41,60.0,1
summer paddy,Black soils,99.14865361366142,0,6.24,134.30705078512983,1.949386589804747,23.07,870.98,62.25,0
Moong,Black soils,68.47419592831014,1,6.02,62.139746561585554,1.7248326329770518,28.45,818.64,73.41,0
Millets,Red and Yellow soils,70.98318926589636,1,6.98,74.80825570491946,3.7312992983988873,27.17,836.72,60.32,1
Maize,Red and Yellow soils,92.61970763557478,1,6.84,58.18133438986627,3.1266305880832834,29.95,847.71,66.02,0
Tiwra,Black soils,97.158326515426,0,5.5,132.63690929018293,0.9977835566720724,22.88,894.2,76.79,0
Arhar,Black soils,58.272667448535096,0,5.58,146.75311324207283,0.571651324312384,20.0,875.06,65.95,0
Til,Alluvial soils,95.1984444835079,0,5.97,142.64313814170387,3.0749607676792494,28.55,890.86,87.45,0
Jwar,Laterite soils,83.11521733640478,1,6.06,135.05875811788147,2.826652317689744,25.22,934.99,63.99,1
Wheat,Red and Yellow soils,45.9958564972776,0,6.07,199.4706146791189,3.097939236387041,28.69,944.84,62.84,0
Urd,Laterite soils,59.08990961897472,0,5.97,192.0845844938899,2.9650442270922275,24.36,905.4,66.21,0
Moong,Red and Yellow soils,6.70159104623501,0,6.7,154.37849353994258,1.4738508434764648,20.0,845.9,62.6,0
Niger,Laterite soils,4.079749834554197,0,5.5,99.53335179078957,3.6129767886177073,24.2,958.29,69.98,0
Urd,Laterite soils,56.01656404336428,1,5.78,169.6786697669429,1.2509461554512062,29.13,902.11,71.1,1
Groundnut,Alluvial soils,36.793994091155895,0,6.0,191.11670343048607,4.024925591961438,26.2,916.86,86.9,0
Masoor,Red and Yellow soils,84.52316916652465,1,6.0,136.06206737070266,3.720799011587236,25.18,909.27,80.8,1
Millets,Red and Yellow soils,17.122970872144943,1,5.9,60.7652239322664,2.3761285663683043,25.58,925.33,69.43,1
Arhar,Alluvial soils,91.85485510003234,0,6.03,76.53287840752338,1.2994679672213083,29.68,919.35,84.16,0
Jwar,Laterite soils,20.52338382586908,0,6.98,39.04821267421946,2.0258284690301904,24.33,880.18,68.28,0
Tiwra,Alluvial soils,7.949464529363647,1,7.0,26.11128283567805,0.5044061015460503,20.3,898.14,82.37,0
Kulthi,Laterite soils,93.89813650383569,0,6.44,193.230305006838,2.25817436042408,28.9,819.3,64.49,0
Tiwra,Red and Yellow soils,16.381665237746383,1,6.03,84.8078611948209,1.039182547558261,27.39,839.62,76.34,0
Wheat,Red and Yellow soils,45.9958564972776,0,5.96,199.4706146791189,3.097939236387041,29.25,899.75,60.0,0
Soybean,Black soils,43.93909969768636,1,6.95,187.44094250103575,3.156684445310398,26.06,839.93,83.72,1
summer paddy,Laterite soils,99.68532353972208,1,6.39,36.79724244169026,0.5887722514342346,29.6,879.69,67.6,0
summer paddy,Alluvial soils,62.00398399717235,0,6.92,38.761830651487706,4.14766925501463,24.43,768.05,78.11,0
summer paddy,Red and Yellow soils,73.54687524942415,0,5.82,142.93725689571534,4.918276974920083,25.79,944.27,70.73,0
Gram,Red and Yellow soils,63.32634654351951,1,5.61,83.0836277339837,1.436439024649144,28.64,947.79,81.68,1
summer paddy,Alluvial soils,5.634581766188527,1,6.43,70.69578532542236,3.804381772475503,20.56,853.89,75.11,1
Gram,Black soils,7.859205242978358,0,6.19,59.29153611037987,1.2925953541039088,23.48,895.9,71.61,0
Moong,Laterite soils,1.3350146708237651,0,6.18,27.21836674974315,4.5485522285277975,29.2,818.95,69.29,0
Kulthi,Black soils,5.487798902751413,0,5.66,116.7863204842874,2.954194231161236,22.88,912.99,63.74,0
Millets,Black soils,51.93747983054598,1,5.92,147.6076818611602,3.4815759318038104,21.72,807.58,84.88,1
Wheat,Red and Yellow soils,44.32758410771781,0,6.81,147.39729054115696,3.125924867676585,24.55,829.69,64.75,0
Maize,Alluvial soils,34.904783067347054,0,7.0,17.703829613210928,0.5905315307981513,28.45,754.43,89.72,0
Til,Alluvial soils,85.22978983877745,1,5.78,14.770261505983694,1.7336147501948824,24.6,985.15,61.54,0
Pea,Laterite soils,86.12529571965065,1,6.04,65.74792040384469,1.4305217882726928,24.08,831.65,83.83,1
Til,Laterite soils,79.80767833149267,1,6.09,195.1869784074493,4.9333156627866845,22.09,893.27,77.6,0
Mustard,Laterite soils,74.33462632790453,0,7.0,23.998040737995492,3.3383635311434943,28.72,863.07,72.88,0
Jwar,Red and Yellow soils,14.921019331346107,0,5.83,199.58265014089395,3.3401633423800927,23.96,807.6,82.04,0
summer paddy,Black soils,60.308079523188816,0,6.97,43.46443527108601,3.000106367186519,26.77,799.95,78.27,0
Moong,Alluvial soils,40.61480583667867,1,5.94,166.39544242161517,4.281051864970563,28.38,860.91,63.06,1
Jwar,Red and Yellow soils,81.05182096520964,1,5.59,198.10884266676885,4.3258916692421066,23.02,859.36,66.76,1
Til,Black soils,29.59626120983151,0,6.52,26.91842836664658,2.7167595174345838,28.29,881.93,87.82,0
Rice,Black soils,5.27909199036012,1,6.72,172.95426825777906,0.8633173028000611,20.0,935.36,63.55,1
Maize,Red and Yellow soils,75.04133314858224,0,5.85,126.6451520573656,2.7235491072147164,26.5,910.3,66.29,0
Til,Laterite soils,89.66061130236088,0,5.54,138.96491601693197,2.999699639608014,25.68,897.4,88.14,0
Pea,Laterite soils,23.44233244018282,0,6.04,87.75414749046334,4.298467138068505,22.71,846.77,85.09,0
Masoor,Black soils,95.87154982405876,1,6.35,129.9810832257704,0.5034414484512415,21.72,949.39,60.0,1
Urd,Laterite soils,66.47259153046967,1,6.3,141.76502902740526,2.4215107907859093,30.0,860.83,64.49,1
Gram,Alluvial soils,40.02287500376711,1,7.0,152.92792867079348,3.896782705565548,24.49,848.13,60.49,1
Maize,Black soils,37.59082546376269,1,5.78,177.66269564708426,3.0725046924698143,21.82,912.27,77.22,0
Jwar,Alluvial soils,33.52139305008494,1,6.07,170.24519022942422,1.7358279923002595,25.56,962.15,61.48,1
Jwar,Black soils,87.71268641532818,0,6.12,15.698221174437968,2.9018118843038945,22.52,821.81,87.46,0
Groundnut,Red and Yellow soils,36.53238610880504,0,7.0,92.22094687585086,0.9655793146476612,24.47,844.83,74.85,0
Jwar,Laterite soils,51.52716525625736,0,5.6,117.26931971045472,4.763386070226863,24.61,956.17,60.0,0
Tiwra,Black soils,14.00913180874091,1,5.65,192.864017307691,3.587869631963185,24.78,940.4,70.69,1
Niger,Alluvial soils,40.72168891707997,1,6.31,64.74785133657514,2.41594149570782,23.66,912.83,77.31,1
Kulthi,Laterite soils,97.05327118037404,1,6.73,33.70437264492988,4.118308574057645,24.42,840.5,72.9,0
Niger,Red and Yellow soils,16.887171155387144,1,5.85,22.167450486029797,2.846606265660132,25.59,869.07,71.84,0
Groundnut,Laterite soils,73.65874563961616,0,5.85,22.36466943541153,2.773808931043931,25.22,945.8,62.77,0
Rice,Red and Yellow soils,62.88030372406628,0,6.12,69.50062910462015,4.898555948589926,24.77,873.8,75.15,0
Maize,Laterite soils,80.06913248485557,0,6.2,60.5239790933438,1.7659599285259715,26.68,915.06,66.79,0
Gram,Black soils,78.84309895532813,1,6.3,101.37659921705163,0.5595492491183836,22.63,930.6,79.47,0
Urd,Laterite soils,4.197889378619497,0,6.87,90.0138398925223,4.669929373092929,28.34,772.23,78.79,0
Urd,Laterite soils,3.1424283074838835,1,5.86,78.7181102480801,3.652081641177272,26.29,839.85,90.0,1
Urd,Alluvial soils,37.78258122050927,1,5.59,46.08242628582618,2.6125853106729853,27.65,977.24,69.36,0
Kulthi,Black soils,18.967225361011167,0,7.0,10.664611709977248,0.7513002185498734,22.43,843.48,63.98,0
Pea,Black soils,96.80767801393904,0,6.68,195.8016411514046,1.166165615757137,21.58,800.09,83.14,0
Kulthi,Black soils,18.967225361011167,0,6.89,10.664611709977248,0.7513002185498734,20.26,871.26,64.75,0
Urd,Laterite soils,59.08990961897472,0,5.98,192.0845844938899,2.9650442270922275,23.75,868.68,60.92,0
Masoor,Alluvial soils,17.051062582241848,1,6.86,158.50864420956958,2.1741170604411213,23.45,917.82,77.22,1
Kulthi,Black soils,93.64418332139984,1,5.5,135.85787194702743,2.7374408939283854,29.35,883.57,86.87,1
summer paddy,Red and Yellow soils,1.3568197489404303,1,6.06,169.14624833347128,4.405057679473639,29.95,882.32,79.04,0
Gram,Laterite soils,53.836448220478616,0,6.06,15.2236049976858,0.9405202056930708,23.24,937.68,60.56,0
Pea,Black soils,52.66967119754954,1,5.99,193.05858625795943,1.4970629237169906,26.21,850.21,83.77,1
Arhar,Laterite soils,84.46788570106386,1,6.02,192.94268675753716,2.7573837199416857,26.02,944.18,75.17,1
Arhar,Laterite soils,70.69460626460166,0,6.49,128.31657060515244,4.766392383485942,25.59,777.29,88.68,0
Masoor,Black soils,32.78096124453907,1,6.07,155.80477364636056,4.464364499262837,30.0,821.53,89.98,1
Niger,Laterite soils,14.75564765833209,1,5.56,43.53470873409088,3.958799053421168,28.54,950.63,80.59,0
Moong,Black soils,70.46581678149187,0,5.5,21.66905565059997,4.032486033053475,20.33,878.64,82.36,0
Wheat,Red and Yellow soils,58.75812809075228,0,5.96,61.15233492569079,2.7512492589727047,21.25,874.04,64.97,0
Jwar,Red and Yellow soils,81.05182096520964,1,5.67,198.10884266676885,4.3258916692421066,24.89,984.95,66.93,1
Tiwra,Laterite soils,83.03751864098753,0,6.06,103.43937315702806,4.951128879703812,28.86,846.79,75.03,0
summer paddy,Laterite soils,34.066071163832795,1,6.25,149.23083239700463,4.611200027303879,27.89,920.26,74.35,1
summer paddy,Laterite soils,80.66896941192711,0,6.61,54.11712191845815,3.2515109543711493,27.27,955.71,61.4,0
Wheat,Black soils,27.701983404171347,1,7.0,165.79370043835235,0.8135175506595091,26.2,868.83,84.83,1
Pea,Laterite soils,13.913505998801302,1,5.87,198.6012534110168,2.571015400924413,25.31,876.08,66.57,1
Soybean,Black soils,99.34559799516776,0,7.0,135.6931179241448,1.381824872493303,22.16,860.86,77.48,0
Urd,Black soils,6.69515158775076,0,6.31,187.8070287106091,1.1930450406000916,23.33,915.55,69.17,0
Wheat,Alluvial soils,67.4018482677936,0,5.87,27.39069849597884,4.906744463762068,22.04,892.2,65.21,0
Gram,Laterite soils,25.539681660071125,1,6.57,24.59636681009846,2.769413193485069,21.34,881.28,77.36,0
Kulthi,Alluvial soils,92.5492169547469,1,7.0,172.39818815807868,1.6613788159021248,28.26,901.78,90.0,1
Jwar,Laterite soils,51.52716525625736,0,5.54,117.26931971045472,4.763386070226863,27.17,877.29,62.46,0
Mustard,Alluvial soils,2.3002039972834387,0,6.87,145.61959193869544,2.519545815592032,25.91,884.79,71.61,0
Tiwra,Laterite soils,60.57467976893646,1,6.06,164.37331614576615,2.163674478018338,24.7,844.19,72.21,0
Groundnut,Black soils,13.083322941050284,0,5.87,85.59418473765709,3.41430524157662,25.29,921.78,65.03,0
Maize,Red and Yellow soils,75.04133314858224,0,5.91,126.6451520573656,2.7235491072147164,25.97,902.21,60.59,0
Groundnut,Alluvial soils,51.66383286816028,0,6.38,98.78595372126168,1.518977035891242,20.28,820.06,68.77,0
Kulthi,Alluvial soils,17.77720417995551,1,6.64,186.6233951811228,2.9967585527538096,20.53,887.52,64.48,1
Kulthi,Laterite soils,67.55487925578505,0,6.66,79.33838476518439,4.877362795825739,27.04,797.8,85.08,0
Moong,Alluvial soils,72.89801626222972,0,6.07,147.08444454896002,1.630372576341142,28.13,835.68,68.78,0
Jwar,Alluvial soils,8.770750022223734,1,5.77,115.99582439793596,2.540243063469655,24.44,853.7,89.19,1
summer paddy,Laterite soils,90.855464380136,0,5.61,88.93461010502237,2.2896711723008787,24.89,970.34,79.14,0
Mustard,Alluvial soils,5.985936900346184,1,5.55,55.23498004685733,0.9143669321101572,22.85,930.24,67.09,1
Masoor,Red and Yellow soils,15.573043648692993,0,5.71,40.394151236744186,2.3537196802479925,27.24,922.33,69.96,0
summer paddy,Laterite soils,57.82058689786627,0,6.12,53.81319082011551,2.8357837897845606,21.31,861.89,74.44,0
Tiwra,Laterite soils,99.79302285723834,1,6.32,28.356863022535748,2.7788430905388597,24.96,844.0,90.0,0
Masoor,Red and Yellow soils,42.05432526241285,0,7.0,90.60728467834542,3.089700259916918,23.77,804.03,63.9,0
Jwar,Black soils,6.792207993494205,1,5.85,141.9426703662678,3.0373075279627453,27.08,912.95,81.89,0
Gram,Laterite soils,25.539681660071125,1,6.69,24.59636681009846,2.769413193485069,20.0,776.82,79.03,0
Kulthi,Laterite soils,6.566266666595126,1,6.55,182.44291675508293,2.3480193489739687,22.6,869.06,73.74,1
Jwar,Red and Yellow soils,54.09861316205604,1,5.5,43.55196900142567,2.5235327567755976,27.65,841.99,69.43,0
Tiwra,Alluvial soils,42.73461385557504,1,6.81,46.60885970748865,2.3240919163041704,29.61,831.5,74.3,0
Kulthi,Black soils,19.94313150748539,1,6.9,97.58946583215312,2.988773303025213,23.39,901.56,87.43,1
Niger,Black soils,41.79287336304921,0,6.85,54.696853754845804,1.7969102556076575,24.57,917.77,67.12,0
Maize,Red and Yellow soils,75.04133314858224,0,5.85,126.6451520573656,2.7235491072147164,24.3,936.69,60.0,0
Til,Alluvial soils,25.073589779047172,0,6.92,173.56684832753513,0.5153972218655465,25.47,902.51,66.79,0
Tiwra,Laterite soils,77.41000299816143,0,5.79,102.68567704073148,4.5790889615245725,20.34,892.23,60.0,0
Rice,Alluvial soils,49.78214071680444,0,6.44,54.89730595991944,1.04622923932641,22.83,805.35,77.52,0
Groundnut,Red and Yellow soils,38.75737864428302,0,6.92,87.85159170492055,4.987331613193882,29.27,890.73,63.01,0
Niger,Red and Yellow soils,30.05926746262701,0,5.52,171.41131547239257,3.621531844526511,28.78,963.88,65.51,0
Urd,Alluvial soils,61.5620526784047,1,6.14,104.44263990041502,2.5721342995786207,22.95,923.42,86.5,1
Til,Alluvial soils,20.130363157001845,1,5.98,96.39301275682372,3.99987462399122,24.13,823.71,64.79,1
Maize,Red and Yellow soils,69.73343459088427,0,5.55,159.39192951392974,3.210066085264966,24.94,943.97,77.5,0
Arhar,Laterite soils,74.64442798330771,1,6.08,155.32653226232352,1.9369977433354968,29.05,941.26,82.6,1
Kulthi,Laterite soils,6.566266666595126,1,6.77,182.44291675508293,2.3480193489739687,24.96,894.85,73.5,1
Millets,Laterite soils,43.90448238355727,0,6.15,165.51927153855505,0.5251230931434431,20.45,962.58,68.42,0
Mustard,Laterite soils,50.57716960311954,0,5.88,79.28921525200687,1.641631398260391,27.25,831.3,79.83,0
Arhar,Red and Yellow soils,89.63418660147754,0,5.78,197.40269607320457,2.917209527133356,22.84,913.2,75.5,0
Niger,Red and Yellow soils,16.887171155387144,1,5.96,22.167450486029797,2.846606265660132,27.47,898.08,73.84,0
Groundnut,Red and Yellow soils,44.10436539094836,0,5.85,191.6079760172045,1.0565774612663703,21.8,927.57,73.65,0
Arhar,Laterite soils,74.64442798330771,1,6.22,155.32653226232352,1.9369977433354968,29.44,856.56,83.26,1
Arhar,Alluvial soils,57.32803334236286,1,7.0,178.80845618528306,2.3443978045744327,27.94,807.42,86.13,1
Jwar,Black soils,65.54709453271963,1,5.98,14.774203291276631,4.843878235764788,25.47,830.78,81.92,0
Til,Laterite soils,79.9474430875547,1,6.01,173.28889307383915,3.202864513601942,22.53,937.93,63.34,1
Maize,Laterite soils,32.09495506812422,0,6.89,71.06637841499042,4.98667080551723,24.34,866.29,73.64,0
Moong,Laterite soils,75.26532755569725,1,5.85,43.65731320402202,3.3010974637817863,28.89,901.75,65.31,0
Millets,Red and Yellow soils,68.53613344912503,1,6.87,145.54578088551114,2.7638146457013453,21.66,924.35,64.45,1
Soybean,Laterite soils,13.10812731307866,1,5.59,178.12965587280345,2.260207718353315,27.99,876.05,75.44,1
Urd,Black soils,24.427711240308238,0,5.91,40.40200266895553,4.121770237149953,23.41,816.13,89.27,0
Rice,Alluvial soils,36.01014845087093,0,5.96,95.5705372998716,0.9837850209673618,20.66,963.21,79.42,0
Gram,Alluvial soils,44.36061613463463,1,5.5,51.92836348552057,1.185780320544819,21.71,859.73,70.71,1
summer paddy,Black soils,99.14865361366142,0,6.18,134.30705078512983,1.949386589804747,24.83,946.1,62.51,0
Masoor,Black soils,57.674849565932185,0,6.6,50.45115979273248,1.5982455206728323,24.75,834.06,62.64,0
Til,Alluvial soils,48.12232243119416,1,5.69,159.19400511003866,4.48088955820164,20.0,960.87,72.88,1
Mustard,Laterite soils,2.422650386748149,1,5.58,50.003662732995785,1.3339062519960363,27.39,895.06,62.19,1
Tiwra,Alluvial soils,7.949464529363647,1,6.93,26.11128283567805,0.5044061015460503,21.95,863.99,80.82,0
Tiwra,Black soils,14.00913180874091,1,5.58,192.864017307691,3.587869631963185,23.76,926.34,76.59,1
Kulthi,Laterite soils,20.90726535219855,0,6.77,98.52331092318568,2.606152200854422,23.37,895.48,74.36,0
Kulthi,Black soils,23.189085786347796,0,6.05,189.8627111419892,2.7848888056767773,29.0,811.33,87.91,0
Maize,Black soils,73.32267007953085,0,5.93,47.49317757286676,0.6835265598024884,25.89,826.74,67.49,0
Til,Black soils,29.59626120983151,0,6.39,26.91842836664658,2.7167595174345838,27.9,884.03,90.0,0
Moong,Alluvial soils,72.89801626222972,0,5.83,147.08444454896002,1.630372576341142,28.52,982.63,64.88,0
Jwar,Alluvial soils,8.770750022223734,1,5.98,115.99582439793596,2.540243063469655,22.54,872.55,87.51,1
Mustard,Red and Yellow soils,67.90567177519311,0,7.0,184.57009859164535,2.8827361969169605,22.59,823.19,85.87,0
Urd,Black soils,24.427711240308238,0,6.23,40.40200266895553,4.121770237149953,23.24,806.03,86.78,0
Mustard,Alluvial soils,2.3002039972834387,0,6.54,145.61959193869544,2.519545815592032,25.05,935.24,71.99,0
summer paddy,Laterite soils,97.19340985732984,0,6.96,109.52068301196128,2.3271442877923745,30.0,909.16,69.82,0
Moong,Alluvial soils,26.489067920660645,1,5.66,57.774369919506846,4.0238207365493945,21.63,838.53,81.71,1
Millets,Alluvial soils,45.51927766356464,0,5.79,17.637805914713663,4.038528886844827,22.81,956.75,61.93,0
Til,Red and Yellow soils,83.59129485493202,0,6.32,36.09993908037054,0.925693566787786,22.76,868.22,64.78,0
Til,Laterite soils,82.11526872345533,0,5.87,179.22366038694898,3.004640999287888,24.12,839.2,66.14,0
Niger,Alluvial soils,40.72168891707997,1,6.51,64.74785133657514,2.41594149570782,23.54,822.67,76.47,1
Kulthi,Black soils,64.62899831981025,0,6.81,83.52491651545493,1.5690018255421825,23.32,881.95,64.03,0
Soybean,Alluvial soils,45.929950244441066,1,6.74,146.06295145488895,4.868631700892124,26.73,798.74,73.27,0
summer paddy,Black soils,60.308079523188816,0,6.86,43.46443527108601,3.000106367186519,28.96,857.42,83.77,0
Groundnut,Red and Yellow soils,44.10436539094836,0,5.87,191.6079760172045,1.0565774612663703,23.83,977.01,68.0,0
Millets,Alluvial soils,66.1773521263443,1,6.44,121.45483757861142,4.880676349583943,25.49,933.97,64.31,1
Kulthi,Alluvial soils,95.13326238868204,1,6.64,125.509145492839,4.864218401260991,24.71,933.57,62.52,1
Groundnut,Black soils,13.083322941050284,0,6.1,85.59418473765709,3.41430524157662,24.02,968.17,60.67,0
Maize,Black soils,65.32355202698167,0,5.83,153.432927891906,1.8221311119500412,21.72,870.23,76.03,0
Tiwra,Laterite soils,46.4327359055748,0,6.15,65.38166189792891,1.8247075099447776,26.08,814.02,78.08,0
Tiwra,Red and Yellow soils,27.092825029366224,1,5.87,153.70269592651675,1.2125187749279782,27.54,856.99,65.48,1
Millets,Black soils,6.907493912567169,0,6.75,84.40519823967013,2.862263975769026,28.51,834.11,81.84,0
Rice,Alluvial soils,36.01014845087093,0,5.78,95.5705372998716,0.9837850209673618,21.23,926.16,75.74,0
Arhar,Alluvial soils,57.32803334236286,1,6.97,178.80845618528306,2.3443978045744327,29.31,871.67,86.1,1
Til,Laterite soils,82.11526872345533,0,5.94,179.22366038694898,3.004640999287888,25.62,834.88,64.37,0
Niger,Alluvial soils,40.72168891707997,1,6.05,64.74785133657514,2.41594149570782,23.57,825.22,74.94,1
Arhar,Red and Yellow soils,89.63418660147754,0,5.97,197.40269607320457,2.917209527133356,25.33,850.69,74.4,0
Masoor,Black soils,32.78096124453907,1,5.73,155.80477364636056,4.464364499262837,29.77,928.62,85.73,1
Masoor,Alluvial soils,88.17766186897569,0,5.85,13.862974164951854,3.4365674693025685,26.01,947.9,81.93,0
Groundnut,Alluvial soils,7.595586649378683,1,7.0,32.52112578042177,2.090866635406147,23.04,934.19,60.0,0
Gram,Red and Yellow soils,63.32634654351951,1,5.89,83.0836277339837,1.436439024649144,26.01,926.25,82.25,1
Jwar,Alluvial soils,75.59152131396844,1,6.53,79.91476651727123,4.875495742078561,21.69,937.03,76.59,1
Arhar,Alluvial soils,39.45787077617061,1,6.24,191.36893057921523,4.646728325885565,20.88,852.05,65.71,0
Rice,Black soils,51.78490534951984,1,5.5,159.67777079366866,3.8935916410771423,21.54,873.75,77.51,1
Millets,Laterite soils,48.74312011750155,0,6.18,120.33880048951929,2.4768589850115967,20.0,814.9,77.35,0
Jwar,Laterite soils,52.03647167552329,1,6.49,64.66675150721977,1.1856502725788038,29.89,956.69,62.23,1
Arhar,Laterite soils,70.69460626460166,0,6.24,128.31657060515244,4.766392383485942,25.04,906.8,90.0,0
Arhar,Laterite soils,10.205047368034332,1,6.29,171.60702634754793,1.5679546063176029,29.24,901.29,72.35,0
Gram,Red and Yellow soils,82.07588905682253,0,6.86,18.009491866681152,3.233362891898263,20.01,819.9,83.31,0
Maize,Red and Yellow soils,92.61970763557478,1,6.97,58.18133438986627,3.1266305880832834,29.73,796.4,62.41,0
Arhar,Black soils,7.8885965708143235,0,7.0,22.190126691675964,1.5355669671957597,24.42,824.03,83.67,0
Kulthi,Alluvial soils,17.77720417995551,1,7.0,186.6233951811228,2.9967585527538096,20.95,812.33,63.81,1
Tiwra,Laterite soils,41.61828535466275,1,6.22,25.379723997991185,4.950763297623329,24.39,879.57,64.4,0
Soybean,Alluvial soils,1.0845160463029235,0,5.93,132.15140054930788,1.295639412046346,24.97,810.39,88.78,0
Niger,Black soils,41.408301825253936,1,6.5,31.68152038748095,2.551580468611744,23.65,882.2,66.72,0
Jwar,Black soils,13.99127022595174,1,6.29,96.4732462540386,1.8688803337971989,22.29,871.05,76.72,1
Mustard,Black soils,48.223606509415184,0,5.73,42.21612474828965,3.626063543977249,27.09,871.1,72.68,0
Wheat,Red and Yellow soils,58.75812809075228,0,6.06,61.15233492569079,2.7512492589727047,20.69,940.98,69.7,0
Jwar,Laterite soils,85.67941919967865,1,5.63,155.92944761114924,4.804050202111057,28.33,863.81,62.83,1
Kulthi,Black soils,18.967225361011167,0,6.98,10.664611709977248,0.7513002185498734,21.88,869.89,60.14,0
Maize,Red and Yellow soils,73.05988458504615,0,7.0,100.07917652497429,3.303778717019921,20.0,773.7,67.22,0
Mustard,Laterite soils,53.54515854139666,1,6.74,108.2514903397496,3.718948332542829,25.75,789.04,68.75,1
Soybean,Red and Yellow soils,8.583758015057295,1,6.6,20.154563205107696,4.90903272481961,20.0,840.79,89.64,0
Tiwra,Red and Yellow soils,49.47275930960727,1,6.99,64.97986652212177,4.40748983958334,25.98,814.37,84.53,0
Arhar,Laterite soils,96.60763642238672,0,6.54,133.99567920563555,1.2167870909791818,21.22,871.09,80.35,0
Moong,Laterite soils,75.26532755569725,1,5.78,43.65731320402202,3.3010974637817863,29.75,982.43,65.08,0
Mustard,Laterite soils,71.43977713087003,0,5.81,192.4061665391249,2.318230840930169,20.0,869.22,74.15,0
Arhar,Alluvial soils,57.32803334236286,1,6.93,178.80845618528306,2.3443978045744327,28.92,811.46,87.07,1
Kulthi,Laterite soils,31.16493766854265,0,6.8,37.76578110224007,3.3810076514253757,21.65,804.17,71.32,0
Jwar,Red and Yellow soils,54.09861316205604,1,5.54,43.55196900142567,2.5235327567755976,27.66,913.92,75.69,0
Til,Alluvial soils,20.130363157001845,1,6.0,96.39301275682372,3.99987462399122,26.11,936.59,68.43,1
Moong,Alluvial soils,72.89801626222972,0,6.11,147.08444454896002,1.630372576341142,28.49,958.44,61.51,0
Tiwra,Red and Yellow soils,27.092825029366224,1,6.02,153.70269592651675,1.2125187749279782,28.33,820.25,63.41,1
Moong,Red and Yellow soils,40.84306264961799,1,6.51,123.39168044535634,4.282926461335064,24.7,842.12,65.3,1
Jwar,Black soils,87.71268641532818,0,6.35,15.698221174437968,2.9018118843038945,24.32,889.69,88.05,0
Urd,Alluvial soils,37.78258122050927,1,5.54,46.08242628582618,2.6125853106729853,26.84,984.63,67.29,0
Kulthi,Alluvial soils,95.13326238868204,1,6.51,125.509145492839,4.864218401260991,26.1,921.77,61.49,1
Tiwra,Laterite soils,44.157514598221695,0,6.4,20.786220688080256,4.760647059177217,23.21,800.55,70.36,0
summer paddy,Laterite soils,97.19340985732984,0,6.92,109.52068301196128,2.3271442877923745,28.34,836.27,67.78,0
Rice,Red and Yellow soils,62.88030372406628,0,6.22,69.50062910462015,4.898555948589926,25.22,925.87,77.07,0
Til,Black soils,58.53364358235279,1,6.7,199.36210175604907,0.7934570356250641,30.0,898.87,75.88,1
Moong,Black soils,66.35159251639024,0,5.64,154.92011886243904,4.532794847215374,25.37,881.05,65.71,0
Urd,Red and Yellow soils,80.12909695909734,0,6.85,70.99504826835619,4.201089365152599,29.7,901.35,81.03,0
Til,Alluvial soils,85.22978983877745,1,5.69,14.770261505983694,1.7336147501948824,25.86,965.93,60.7,0
summer paddy,Laterite soils,14.757076703479033,0,6.28,114.56572536211222,3.841667344001905,22.45,944.52,76.92,0
Til,Black soils,29.59626120983151,0,6.58,26.91842836664658,2.7167595174345838,27.83,898.21,90.0,0
Til,Black soils,29.59626120983151,0,6.56,26.91842836664658,2.7167595174345838,28.69,856.48,85.31,0
Tiwra,Laterite soils,66.59744978514821,1,6.46,180.71957832423595,3.992147155611458,30.0,915.26,81.71,0
Rice,Alluvial soils,49.78214071680444,0,6.42,54.89730595991944,1.04622923932641,20.46,938.78,73.45,0
Masoor,Alluvial soils,88.17766186897569,0,5.54,13.862974164951854,3.4365674693025685,24.94,947.9,76.4,0
summer paddy,Laterite soils,68.33971322490649,1,7.0,21.80492518759846,3.622176401026044,22.38,794.43,72.75,0
Kulthi,Red and Yellow soils,4.874093193902079,0,5.99,58.01984131719706,1.2796791167350348,21.87,925.04,88.38,0
Jwar,Alluvial soils,89.71217350262663,0,6.48,25.10256180019756,4.094914179917966,22.09,863.55,64.52,0
Tiwra,Laterite soils,46.4327359055748,0,6.31,65.38166189792891,1.8247075099447776,23.98,895.3,74.88,0
Tiwra,Laterite soils,44.157514598221695,0,6.07,20.786220688080256,4.760647059177217,23.58,834.83,72.66,0
Rice,Laterite soils,83.8775957011866,1,5.53,34.37576356945297,2.294909994831729,27.45,963.31,66.38,0
summer paddy,Red and Yellow soils,23.656969306526207,1,6.95,160.81222387384514,2.887401159556615,29.73,794.53,60.0,1
Til,Black soils,58.53364358235279,1,6.86,199.36210175604907,0.7934570356250641,30.0,821.2,80.82,1
Groundnut,Laterite soils,34.78961480849945,1,6.23,100.82047107807897,4.765268097487416,24.92,891.31,82.66,1
Maize,Black soils,25.60173042272508,1,6.98,165.05125349950538,2.360850866018045,28.62,878.0,67.86,1
Moong,Black soils,75.01023382812153,1,7.0,27.654315800797047,2.046099335099027,29.72,872.29,62.76,0
Masoor,Red and Yellow soils,63.29267823677274,1,5.5,149.29521124251127,1.6236523171898996,21.84,875.89,62.16,1
Moong,Alluvial soils,42.49140354238396,0,6.03,56.1970084461051,2.8797560145626053,24.38,864.36,75.46,0
Mustard,Black soils,8.188474407011933,1,7.0,47.59586392867045,2.8105878706836,20.32,832.16,65.06,0
Soybean,Black soils,98.59433372410363,0,5.89,78.26901572028348,4.212803098596902,24.48,883.08,74.23,0
Til,Red and Yellow soils,80.31440413281457,0,6.2,77.60609722671164,0.5869799739884878,27.77,901.53,68.83,0
Tiwra,Black soils,51.6709483055929,0,7.0,135.42477390060515,3.1134728386348294,22.91,883.21,84.39,0
Groundnut,Red and Yellow soils,96.74499664722,1,5.81,178.92269764733769,2.42511046193267,27.1,810.66,80.39,1
Pea,Red and Yellow soils,77.1904149781785,1,6.23,159.6942075375746,3.61915464017993,24.06,930.88,61.87,1
Soybean,Black soils,43.93909969768636,1,6.9,187.44094250103575,3.156684445310398,28.41,908.08,87.8,1
Millets,Laterite soils,43.90448238355727,0,6.23,165.51927153855505,0.5251230931434431,21.85,944.25,68.16,0
Til,Laterite soils,79.9474430875547,1,5.64,173.28889307383915,3.202864513601942,21.95,936.42,64.71,1
Jwar,Red and Yellow soils,14.921019331346107,0,6.01,199.58265014089395,3.3401633423800927,22.86,911.62,86.78,0
Urd,Red and Yellow soils,21.596618772360653,1,6.95,136.9355851898517,2.343072110888093,21.3,878.83,90.0,1
Moong,Red and Yellow soils,6.70159104623501,0,6.84,154.37849353994258,1.4738508434764648,21.49,945.94,61.81,0
Rice,Alluvial soils,36.01014845087093,0,5.73,95.5705372998716,0.9837850209673618,21.92,969.63,73.93,0
Pea,Black soils,60.61327630651897,1,6.21,71.88729840163472,3.3834428136844004,26.34,894.99,62.8,1
Gram,Alluvial soils,40.02287500376711,1,6.82,152.92792867079348,3.896782705565548,24.83,793.74,62.92,1
Rice,Laterite soils,6.748270550218036,0,5.9,153.16939920228737,1.174174578363922,23.88,834.7,60.94,0
summer paddy,Alluvial soils,68.88862950071787,1,6.11,73.83428244149384,0.5966557233781861,27.82,814.99,80.74,1
summer paddy,Red and Yellow soils,39.66105407075501,0,6.41,35.35427059036928,1.3256422203939051,21.41,814.12,60.33,0
summer paddy,Alluvial soils,62.00398399717235,0,6.97,38.761830651487706,4.14766925501463,22.49,919.74,79.96,0
Pea,Red and Yellow soils,14.258821823399837,1,6.65,181.6323051076012,4.302368943900499,26.84,823.59,67.83,1
Tiwra,Alluvial soils,57.12809708824221,1,6.53,197.0604365484146,3.9823961897083984,22.82,936.34,65.34,1
Rice,Laterite soils,36.067847125393314,1,5.67,45.080516013725855,3.846756333323527,20.16,994.1,60.0,0
Tiwra,Laterite soils,83.03751864098753,0,6.01,103.43937315702806,4.951128879703812,29.85,862.58,72.65,0
Soybean,Black soils,98.59433372410363,0,5.76,78.26901572028348,4.212803098596902,25.53,964.16,69.86,0
Groundnut,Red and Yellow soils,36.53238610880504,0,7.0,92.22094687585086,0.9655793146476612,24.99,891.57,74.22,0
Mustard,Alluvial soils,12.351657408054075,1,5.84,74.45869273649792,2.028361205368407,22.21,928.09,81.01,1
Til,Alluvial soils,95.1984444835079,0,5.91,142.64313814170387,3.0749607676792494,26.34,892.96,90.0,0
Moong,Alluvial soils,42.49140354238396,0,6.03,56.1970084461051,2.8797560145626053,25.96,935.17,75.97,0
Wheat,Alluvial soils,91.05415430835896,0,6.82,160.42512776637145,0.6999369117890404,20.37,901.01,88.96,0
Masoor,Alluvial soils,88.17766186897569,0,5.75,13.862974164951854,3.4365674693025685,26.32,869.32,75.66,0
Til,Red and Yellow soils,85.94972915026943,1,5.7,124.22027903539907,4.9855581453472375,20.15,973.81,80.07,1
Tiwra,Black soils,94.76385180041332,0,6.44,110.7678118617717,0.8166051320582242,26.25,845.75,84.91,0
Til,Alluvial soils,48.12232243119416,1,5.85,159.19400511003866,4.48088955820164,20.0,936.28,76.79,1
Millets,Black soils,15.194191435755716,1,6.02,139.19187074455024,2.3495259339216563,30.0,944.45,76.74,1
Arhar,Alluvial soils,16.947340444794044,0,6.7,115.46353355361116,3.294811394244745,24.13,828.9,76.76,0
Pea,Red and Yellow soils,45.88200025350533,0,6.82,166.4197314414131,0.7604645881312596,25.91,926.42,69.0,0
Jwar,Black soils,87.71268641532818,0,6.24,15.698221174437968,2.9018118843038945,23.06,902.11,88.28,0
Gram,Alluvial soils,96.98944330900548,0,6.77,18.44939670465994,1.562279272549458,23.59,852.69,76.68,0
Urd,Red and Yellow soils,22.62538625387936,1,6.2,187.4545404933927,3.635494046187656,20.98,902.61,83.42,0
summer paddy,Alluvial soils,7.078898910240252,1,5.53,133.05676737201873,2.8391106476553305,24.43,890.12,85.85,0
Rice,Red and Yellow soils,94.9606118039142,0,5.85,54.1128672085785,1.619877527026648,22.83,959.11,62.01,0
summer paddy,Black soils,99.14865361366142,0,6.13,134.30705078512983,1.949386589804747,22.33,886.49,60.0,0
Millets,Alluvial soils,43.70916466330876,1,5.87,39.41587779577248,2.043259526678144,25.96,899.78,87.63,0
Moong,Laterite soils,75.26532755569725,1,5.98,43.65731320402202,3.3010974637817863,28.08,827.32,64.02,0
Maize,Laterite soils,80.06913248485557,0,6.34,60.5239790933438,1.7659599285259715,27.97,877.8,68.39,0
Pea,Laterite soils,13.913505998801302,1,5.96,198.6012534110168,2.571015400924413,25.41,861.51,67.08,1
Kulthi,Black soils,67.84108048066902,1,6.6,44.23042527392003,2.349613359680567,21.49,867.7,82.54,0
Gram,Black soils,18.54638357946299,1,5.84,34.31846563723244,1.5054079551932045,25.16,848.23,73.26,0
summer paddy,Red and Yellow soils,39.66105407075501,0,6.51,35.35427059036928,1.3256422203939051,21.12,948.64,63.24,0
Urd,Alluvial soils,37.78258122050927,1,5.82,46.08242628582618,2.6125853106729853,28.92,951.58,74.84,0
Millets,Laterite soils,40.123933186942935,1,5.98,78.28259692949361,2.6365415718597265,24.5,929.33,71.21,1
Masoor,Red and Yellow soils,90.46926764515013,1,5.91,39.5265414675269,4.552431153446992,25.34,817.47,76.13,0
Urd,Red and Yellow soils,21.596618772360653,1,7.0,136.9355851898517,2.343072110888093,21.96,816.01,90.0,1
Niger,Laterite soils,4.079749834554197,0,5.5,99.53335179078957,3.6129767886177073,26.03,993.35,68.96,0
Groundnut,Laterite soils,65.31840295659302,0,7.0,141.36645020981774,4.393638773635823,26.31,754.41,84.88,0
Millets,Laterite soils,57.962788657384245,1,6.36,176.98515468543576,1.3308049793192296,30.0,936.2,80.95,1
Tiwra,Alluvial soils,49.96403886906193,0,6.52,129.23233750459332,1.024483141899196,24.37,820.27,68.15,0
Soybean,Laterite soils,71.15073745457829,1,5.87,34.43015994612051,2.8276033668845826,28.03,864.23,72.06,0
Jwar,Laterite soils,85.67941919967865,1,5.71,155.92944761114924,4.804050202111057,28.36,968.17,62.98,1
Arhar,Black soils,7.8885965708143235,0,6.93,22.190126691675964,1.5355669671957597,24.57,902.55,80.57,0
Til,Black soils,85.01927690614711,0,6.63,142.2143460301832,3.3364185717505808,21.88,842.8,73.65,0
Masoor,Alluvial soils,71.71208281936302,0,7.0,31.377403355249527,1.0655330314056928,26.13,826.29,64.41,0
Pea,Black soils,60.61327630651897,1,6.19,71.88729840163472,3.3834428136844004,27.21,933.59,64.92,1
Jwar,Alluvial soils,89.71217350262663,0,6.36,25.10256180019756,4.094914179917966,23.14,822.57,66.17,0
Jwar,Alluvial soils,89.71217350262663,0,6.42,25.10256180019756,4.094914179917966,22.63,825.39,72.36,0
Jwar,Red and Yellow soils,28.76255629578411,1,6.07,177.41725250309972,0.8627567390016935,24.71,828.61,71.25,1
Mustard,Laterite soils,53.54515854139666,1,6.61,108.2514903397496,3.718948332542829,25.22,916.3,74.58,1
Masoor,Red and Yellow soils,42.05432526241285,0,6.72,90.60728467834542,3.089700259916918,25.7,865.09,69.11,0
Pea,Alluvial soils,16.94988061339748,1,6.7,184.5564527018232,4.554417666294789,25.96,923.99,68.48,1
Millets,Black soils,8.545620951059774,1,6.43,161.95956637121765,4.866411463972916,30.0,834.39,83.72,1
Rice,Alluvial soils,49.78214071680444,0,6.9,54.89730595991944,1.04622923932641,21.75,825.49,75.95,0
Arhar,Red and Yellow soils,89.63418660147754,0,5.98,197.40269607320457,2.917209527133356,23.58,868.62,76.59,0
Soybean,Laterite soils,71.15073745457829,1,5.54,34.43015994612051,2.8276033668845826,27.67,844.34,71.48,0
Niger,Black soils,41.408301825253936,1,6.44,31.68152038748095,2.551580468611744,22.57,820.9,63.87,0
Masoor,Black soils,56.607644110296,0,6.16,14.313069493331705,2.07281804952572,28.0,906.24,69.06,0
summer paddy,Red and Yellow soils,23.656969306526207,1,6.68,160.81222387384514,2.887401159556615,29.97,922.33,60.57,1
Tiwra,Laterite soils,83.03751864098753,0,5.67,103.43937315702806,4.951128879703812,29.49,859.95,76.74,0
Masoor,Red and Yellow soils,63.29267823677274,1,5.5,149.29521124251127,1.6236523171898996,22.14,862.23,60.0,1
Groundnut,Laterite soils,65.31840295659302,0,6.82,141.36645020981774,4.393638773635823,27.16,916.83,84.02,0
Niger,Alluvial soils,30.9149550672235,0,6.94,25.390180382606133,4.890082443067278,21.43,880.37,79.83,0
Niger,Laterite soils,14.75564765833209,1,5.8,43.53470873409088,3.958799053421168,30.0,874.43,81.08,0
Rice,Black soils,5.27909199036012,1,6.96,172.95426825777906,0.8633173028000611,20.02,791.23,64.6,1
Mustard,Black soils,49.5300825663572,0,5.58,153.43110336778798,4.824259422343958,27.2,932.83,87.13,0
Tiwra,Alluvial soils,94.65421714056572,0,5.5,98.95128901135244,3.864899065380877,20.01,911.68,90.0,0
Rice,Alluvial soils,54.82894674818631,0,6.17,199.60504257664195,1.60459882847338,21.07,881.64,64.6,0
Masoor,Red and Yellow soils,34.865602801136006,1,5.61,74.53290343716962,0.976484678989204,20.0,962.44,67.52,1
Mustard,Red and Yellow soils,67.90567177519311,0,6.96,184.57009859164535,2.8827361969169605,24.6,864.87,84.67,0
Urd,Black soils,54.97589680292262,1,5.78,182.3901767961132,0.6312941161897548,25.21,917.29,84.96,0
Soybean,Black soils,98.59433372410363,0,5.8,78.26901572028348,4.212803098596902,24.79,940.54,73.65,0
Millets,Laterite soils,11.564782214969178,1,6.34,120.43280013719917,3.7676132617091977,24.55,933.88,60.0,1
Moong,Black soils,70.46581678149187,0,5.78,21.66905565059997,4.032486033053475,20.0,868.95,85.5,0
Jwar,Alluvial soils,87.5833721223469,0,6.27,73.36725049269779,3.5742192788952645,28.71,892.84,61.93,0
Jwar,Black soils,28.67326065577008,0,6.28,62.69765596562617,3.9383874571860433,23.01,838.28,80.69,0
Gram,Alluvial soils,16.672643607007103,0,6.1,103.22443146605498,0.846637066382314,20.02,955.47,60.91,0
Gram,Red and Yellow soils,82.07588905682253,0,6.89,18.009491866681152,3.233362891898263,20.11,849.41,82.25,0
Mustard,Laterite soils,95.8059931058451,0,5.71,103.02761838487882,4.034661034793127,22.6,911.25,60.0,0
Tiwra,Laterite soils,41.61828535466275,1,6.5,25.379723997991185,4.950763297623329,24.48,835.62,62.75,0
Millets,Alluvial soils,43.70916466330876,1,6.04,39.41587779577248,2.043259526678144,26.63,947.14,89.82,0
Kulthi,Alluvial soils,92.5492169547469,1,6.74,172.39818815807868,1.6613788159021248,26.65,914.89,85.11,1
Tiwra,Laterite soils,66.59744978514821,1,6.27,180.71957832423595,3.992147155611458,28.71,907.72,80.36,0
Gram,Alluvial soils,16.672643607007103,0,6.19,103.22443146605498,0.846637066382314,20.84,952.54,66.29,0
Masoor,Red and Yellow soils,84.52316916652465,1,6.27,136.06206737070266,3.720799011587236,24.49,808.54,76.43,1
summer paddy,Laterite soils,90.855464380136,0,5.5,88.93461010502237,2.2896711723008787,23.8,943.1,84.24,0
Niger,Red and Yellow soils,54.18360976009397,1,6.91,118.99187835760888,4.683784908669928,23.32,841.54,75.76,1
Maize,Red and Yellow soils,73.05988458504615,0,7.0,100.07917652497429,3.303778717019921,20.0,820.69,65.26,0
summer paddy,Red and Yellow soils,39.66105407075501,0,6.62,35.35427059036928,1.3256422203939051,23.87,919.2,66.0,0
Pea,Black soils,60.61327630651897,1,5.96,71.88729840163472,3.3834428136844004,25.45,934.55,61.46,1
Tiwra,Alluvial soils,28.87196897058254,0,6.69,17.161441426265586,4.476599320211214,29.92,869.56,67.62,0
Groundnut,Black soils,77.0287821542821,1,6.19,28.30353013570137,1.0980962288868708,28.88,926.01,80.73,0
Urd,Laterite soils,59.08990961897472,0,5.92,192.0845844938899,2.9650442270922275,22.17,897.22,64.69,0
Mustard,Black soils,49.5300825663572,0,5.81,153.43110336778798,4.824259422343958,25.9,837.69,86.35,0
Soybean,Laterite soils,71.15073745457829,1,5.66,34.43015994612051,2.8276033668845826,28.71,935.2,72.75,0
Millets,Alluvial soils,11.562316984377864,1,6.11,36.32941582572472,4.6043699786807775,25.08,912.76,64.82,0
Urd,Alluvial soils,18.245949358971803,1,6.25,144.86143436361849,4.22251584341133,26.74,830.41,70.99,1
Millets,Black soils,85.5878730724342,1,6.14,61.37039983559247,3.7262686183632985,27.0,882.7,77.52,0
Tiwra,Laterite soils,83.03751864098753,0,6.05,103.43937315702806,4.951128879703812,28.34,900.29,71.28,0
Pea,Alluvial soils,30.453837006264006,0,5.53,185.93651068955492,1.0198778892903464,30.0,935.99,79.49,0
Niger,Red and Yellow soils,16.887171155387144,1,6.05,22.167450486029797,2.846606265660132,25.4,813.16,73.38,0
Niger,Black soils,2.645006445988896,0,6.15,149.7523142684901,3.7486793601665775,25.68,928.87,72.93,0
Tiwra,Red and Yellow soils,27.092825029366224,1,5.87,153.70269592651675,1.2125187749279782,26.68,932.6,65.26,1
Moong,Laterite soils,66.7431644007017,1,6.44,36.37326995857885,1.941595947520944,23.26,833.15,79.8,0
Arhar,Black soils,7.8885965708143235,0,6.67,22.190126691675964,1.5355669671957597,23.54,920.05,85.12,0
Pea,Red and Yellow soils,62.89562385255008,1,6.14,137.36228110423383,3.989132493505775,25.28,825.26,88.16,0
Soybean,Laterite soils,82.5219028825696,1,6.43,120.98570933252736,1.84204637395397,22.82,887.99,89.67,1
Kulthi,Alluvial soils,61.837349287810135,1,6.77,27.801636027771064,2.6701487722421016,25.4,927.39,78.56,0
Tiwra,Alluvial soils,49.96403886906193,0,6.86,129.23233750459332,1.024483141899196,26.08,843.94,67.33,0
Pea,Red and Yellow soils,62.89562385255008,1,5.87,137.36228110423383,3.989132493505775,25.07,910.02,86.41,0
summer paddy,Laterite soils,99.68532353972208,1,6.47,36.79724244169026,0.5887722514342346,27.82,813.7,70.46,0
Tiwra,Laterite soils,66.59744978514821,1,6.36,180.71957832423595,3.992147155611458,28.91,921.62,79.55,0
Pea,Black soils,96.80767801393904,0,6.66,195.8016411514046,1.166165615757137,23.08,907.74,82.55,0
summer paddy,Black soils,99.14865361366142,0,6.47,134.30705078512983,1.949386589804747,23.01,940.55,60.48,0
Pea,Red and Yellow soils,45.88200025350533,0,6.4,166.4197314414131,0.7604645881312596,25.8,935.13,68.04,0
Rice,Laterite soils,7.142480781761127,0,5.94,145.4650010321932,2.084973135653419,24.87,914.47,69.21,0
Arhar,Alluvial soils,84.94829653763078,0,6.75,148.30405234987228,2.085751113035552,24.7,801.56,78.86,0
Millets,Alluvial soils,95.28279889194648,1,6.48,29.144702967043564,4.024157339354911,23.08,877.16,71.44,0
Mustard,Black soils,49.5300825663572,0,5.84,153.43110336778798,4.824259422343958,26.95,957.01,87.42,0
Til,Red and Yellow soils,63.93819639548853,1,6.18,86.5501462725284,0.8314949690878561,28.59,878.84,66.2,1
Soybean,Black soils,98.59433372410363,0,5.89,78.26901572028348,4.212803098596902,24.31,913.7,69.03,0
Pea,Red and Yellow soils,62.89562385255008,1,6.26,137.36228110423383,3.989132493505775,26.31,933.77,83.12,0
Gram,Alluvial soils,11.03940647751555,0,6.87,53.34742166871745,2.74635152842651,27.55,821.94,69.74,0
Millets,Alluvial soils,23.54097596703025,1,6.83,57.43568008837477,1.5978107189656572,26.01,859.36,86.89,1
Maize,Alluvial soils,84.40064941289427,0,6.59,117.3407974676231,2.5830017311527627,29.91,891.94,90.0,0
Groundnut,Black soils,13.083322941050284,0,6.01,85.59418473765709,3.41430524157662,23.91,910.08,64.99,0
Masoor,Black soils,57.674849565932185,0,6.27,50.45115979273248,1.5982455206728323,23.6,884.98,64.61,0
Pea,Red and Yellow soils,57.89621108388996,1,5.95,140.3534641806105,3.0806227397827857,27.37,917.85,86.88,1
Til,Red and Yellow soils,80.31440413281457,0,5.95,77.60609722671164,0.5869799739884878,28.32,832.23,62.5,0
Pea,Alluvial soils,16.94988061339748,1,6.66,184.5564527018232,4.554417666294789,25.87,921.41,64.18,1
Maize,Black soils,38.61061367320439,0,6.23,170.31722106664762,0.5080767595702489,22.58,938.88,64.32,0
Rice,Laterite soils,36.067847125393314,1,6.03,45.080516013725855,3.846756333323527,21.4,974.87,66.16,0
Mustard,Alluvial soils,5.985936900346184,1,5.67,55.23498004685733,0.9143669321101572,22.68,913.38,64.26,1
Arhar,Black soils,58.272667448535096,0,5.96,146.75311324207283,0.571651324312384,20.0,869.53,63.98,0
Jwar,Alluvial soils,25.85682337890519,1,5.5,102.61050271033608,4.377680196883321,27.17,829.4,88.19,0
Groundnut,Red and Yellow soils,36.53238610880504,0,7.0,92.22094687585086,0.9655793146476612,23.91,868.05,76.21,0
Masoor,Alluvial soils,17.051062582241848,1,6.59,158.50864420956958,2.1741170604411213,23.68,799.75,76.54,1
Tiwra,Red and Yellow soils,49.47275930960727,1,6.83,64.97986652212177,4.40748983958334,26.01,842.09,83.83,0
Kulthi,Alluvial soils,17.77720417995551,1,6.99,186.6233951811228,2.9967585527538096,20.55,791.47,65.86,1
Mustard,Black soils,83.04704930059059,1,7.0,164.2968639673771,3.2910142681176096,21.79,800.2,90.0,1
Soybean,Laterite soils,82.5219028825696,1,6.11,120.98570933252736,1.84204637395397,22.12,905.61,86.13,1
Mustard,Red and Yellow soils,63.63832068665308,0,6.58,88.53373490142508,1.9370490801246305,26.33,917.5,74.8,0
Maize,Alluvial soils,25.96962093356883,0,5.59,159.78724651759555,2.4066244155234733,20.0,895.73,70.86,0
Maize,Black soils,37.59082546376269,1,5.88,177.66269564708426,3.0725046924698143,21.66,923.72,82.11,0
Moong,Alluvial soils,40.61480583667867,1,5.99,166.39544242161517,4.281051864970563,28.51,922.59,60.0,1
Mustard,Laterite soils,50.57716960311954,0,6.24,79.28921525200687,1.641631398260391,26.25,810.64,80.42,0
Jwar,Laterite soils,52.03647167552329,1,6.52,64.66675150721977,1.1856502725788038,27.76,849.48,64.46,1
Arhar,Red and Yellow soils,89.63418660147754,0,5.77,197.40269607320457,2.917209527133356,24.29,942.91,76.89,0
Jwar,Alluvial soils,3.1422931695712104,0,5.5,124.9568629244877,1.2982647039962512,26.94,919.2,76.69,0
Pea,Red and Yellow soils,62.89562385255008,1,6.26,137.36228110423383,3.989132493505775,24.32,912.02,88.42,0
Gram,Black soils,78.84309895532813,1,6.14,101.37659921705163,0.5595492491183836,20.91,821.22,74.91,0
Millets,Alluvial soils,43.70916466330876,1,5.62,39.41587779577248,2.043259526678144,25.74,836.22,90.0,0
Masoor,Red and Yellow soils,34.865602801136006,1,5.84,74.53290343716962,0.976484678989204,20.37,909.3,61.97,1
Niger,Black soils,37.31419938079141,1,7.0,132.93729695324475,2.649581196463151,23.73,756.84,87.91,1
Pea,Red and Yellow soils,57.89621108388996,1,5.81,140.3534641806105,3.0806227397827857,28.09,848.27,86.08,1
Maize,Black soils,65.32355202698167,0,5.5,153.432927891906,1.8221311119500412,21.48,877.29,72.37,0
Urd,Black soils,30.25969736488654,0,5.96,28.04568065397041,1.8011830369833524,28.13,914.18,84.22,0
Wheat,Red and Yellow soils,50.91070048310331,0,5.9,70.3847309463337,4.94260898334276,26.94,839.69,78.99,0
Millets,Red and Yellow soils,68.53613344912503,1,6.96,145.54578088551114,2.7638146457013453,21.19,780.91,62.29,1
Masoor,Alluvial soils,45.62108056768259,0,6.66,174.13879435365195,4.357303858339503,24.93,804.7,60.0,0
summer paddy,Black soils,60.308079523188816,0,6.8,43.46443527108601,3.000106367186519,27.65,849.14,78.16,0
summer paddy,Laterite soils,97.19340985732984,0,7.0,109.52068301196128,2.3271442877923745,28.18,781.56,72.95,0
Pea,Red and Yellow soils,14.258821823399837,1,6.62,181.6323051076012,4.302368943900499,25.89,882.72,67.01,1
Groundnut,Alluvial soils,76.89512894880215,0,6.55,111.20094863538525,4.241037869145725,21.11,839.35,70.87,0
Mustard,Black soils,19.12922251866725,1,5.79,103.50209792378745,2.617585675899809,27.31,864.75,70.11,0
Arhar,Red and Yellow soils,86.86720496550913,0,6.16,40.99567176940299,0.9693659789832094,24.65,884.58,88.91,0
Maize,Black soils,37.59082546376269,1,5.85,177.66269564708426,3.0725046924698143,23.31,960.91,77.18,0
Millets,Red and Yellow soils,60.97944387000568,0,6.36,183.50464510721,2.1363469721664288,28.85,813.57,69.49,0
Urd,Red and Yellow soils,45.498714553357374,0,6.78,78.41811791005178,2.4597531594443405,22.84,854.3,77.33,0
Pea,Laterite soils,13.913505998801302,1,6.08,198.6012534110168,2.571015400924413,26.49,818.86,62.27,1
Millets,Laterite soils,43.23591197416306,1,6.86,119.119475832171,0.6911915449376529,25.9,866.35,63.81,1
summer paddy,Red and Yellow soils,1.3568197489404303,1,5.8,169.14624833347128,4.405057679473639,30.0,930.16,79.04,0
Moong,Alluvial soils,74.91849185092191,1,6.53,35.66011307470839,3.274662483685392,20.0,776.01,85.95,0
Jwar,Laterite soils,83.27429064883648,1,6.01,66.97405545052723,4.904528295647274,27.21,841.13,65.34,1
Tiwra,Black soils,63.70051960241635,1,6.54,78.64897896002441,4.51494091656409,22.6,879.53,86.94,0
Tiwra,Alluvial soils,42.73461385557504,1,6.53,46.60885970748865,2.3240919163041704,27.61,881.62,74.08,0
Millets,Alluvial soils,11.562316984377864,1,5.72,36.32941582572472,4.6043699786807775,23.64,916.79,69.37,0
Urd,Black soils,54.97589680292262,1,5.83,182.3901767961132,0.6312941161897548,25.37,879.75,82.61,0
Til,Black soils,72.8747310808644,1,6.45,23.94593504567197,0.5056538319244093,22.23,935.36,86.11,0
Jwar,Alluvial soils,77.34890187462672,0,6.02,187.39893140589743,4.13407204546712,23.13,856.75,62.62,0
Rice,Red and Yellow soils,62.88030372406628,0,6.05,69.50062910462015,4.898555948589926,26.26,831.82,76.89,0
Mustard,Laterite soils,50.57716960311954,0,6.01,79.28921525200687,1.641631398260391,24.89,947.96,79.21,0
Gram,Black soils,78.84309895532813,1,6.19,101.37659921705163,0.5595492491183836,20.73,905.41,78.74,0
Rice,Alluvial soils,54.82894674818631,0,6.18,199.60504257664195,1.60459882847338,22.38,841.75,65.62,0
Rice,Red and Yellow soils,65.11829897838918,0,6.6,175.61385743537613,1.910934434431556,27.2,888.88,68.55,0
Kulthi,Black soils,39.49071677717886,0,6.28,60.39751234176016,3.8970756841866954,26.54,878.95,65.55,0
Maize,Black soils,25.60173042272508,1,7.0,165.05125349950538,2.360850866018045,27.67,780.73,67.18,1
Soybean,Red and Yellow soils,8.583758015057295,1,6.7,20.154563205107696,4.90903272481961,21.36,888.56,86.48,0
summer paddy,Alluvial soils,80.44770135267859,0,6.86,29.64755058306169,4.7260075846814615,21.8,894.29,87.12,0
Til,Black soils,46.52242066000872,0,5.93,142.37837594275828,2.13191427436652,27.42,918.43,64.6,0
Pea,Black soils,35.50207418332751,0,6.12,155.1924950643728,4.558757044762429,26.1,849.75,72.25,0
Masoor,Red and Yellow soils,84.52316916652465,1,6.2,136.06206737070266,3.720799011587236,25.61,838.33,77.62,1
Pea,Red and Yellow soils,32.745807896062146,1,6.14,26.481396356110054,4.152733501535543,23.24,869.78,85.12,0
Masoor,Alluvial soils,17.051062582241848,1,6.74,158.50864420956958,2.1741170604411213,24.26,931.41,75.45,1
summer paddy,Laterite soils,68.33971322490649,1,6.73,21.80492518759846,3.622176401026044,22.34,859.01,72.67,0
Niger,Red and Yellow soils,30.05926746262701,0,5.74,171.41131547239257,3.621531844526511,29.52,917.77,68.1,0
Maize,Red and Yellow soils,60.85170379581952,1,6.15,154.7840778557563,1.2002355013252552,22.44,805.67,71.09,1
Gram,Black soils,33.36100018676664,1,6.35,77.38147579324998,4.486073743546642,27.67,942.8,67.1,1
Masoor,Red and Yellow soils,42.05432526241285,0,6.77,90.60728467834542,3.089700259916918,24.58,873.92,67.67,0
Rice,Red and Yellow soils,62.88030372406628,0,6.27,69.50062910462015,4.898555948589926,24.27,865.08,75.02,0
Gram,Black soils,18.54638357946299,1,5.9,34.31846563723244,1.5054079551932045,24.55,871.15,67.02,0
Gram,Black soils,7.859205242978358,0,6.06,59.29153611037987,1.2925953541039088,24.03,826.29,67.01,0
Til,Black soils,29.59626120983151,0,6.45,26.91842836664658,2.7167595174345838,27.25,892.3,88.01,0
Tiwra,Laterite soils,77.41000299816143,0,5.82,102.68567704073148,4.5790889615245725,20.4,966.95,64.82,0
Maize,Black soils,38.61061367320439,0,6.3,170.31722106664762,0.5080767595702489,24.19,889.11,67.97,0
Masoor,Black soils,56.607644110296,0,6.52,14.313069493331705,2.07281804952572,28.31,943.26,67.43,0
Niger,Black soils,30.080933360930537,0,5.59,52.22680121536878,1.086363801815192,26.88,836.59,66.06,0
Gram,Black soils,7.538508193294686,1,6.5,22.895319575658647,0.7515476161379425,24.67,830.3,85.6,0
Til,Alluvial soils,85.22978983877745,1,5.61,14.770261505983694,1.7336147501948824,24.68,974.77,65.82,0
Moong,Black soils,75.01023382812153,1,6.93,27.654315800797047,2.046099335099027,27.98,919.74,68.49,0
Tiwra,Black soils,97.158326515426,0,5.5,132.63690929018293,0.9977835566720724,21.55,990.57,72.38,0
Jwar,Laterite soils,85.67941919967865,1,5.87,155.92944761114924,4.804050202111057,28.77,939.99,62.73,1
Moong,Laterite soils,4.258463097456195,0,5.7,181.9289995636216,3.8846723421151497,26.18,819.24,76.18,0
Masoor,Alluvial soils,17.051062582241848,1,6.55,158.50864420956958,2.1741170604411213,23.59,937.31,77.59,1
summer paddy,Black soils,99.14865361366142,0,6.12,134.30705078512983,1.949386589804747,22.14,967.63,60.0,0
Arhar,Alluvial soils,16.947340444794044,0,6.9,115.46353355361116,3.294811394244745,22.23,870.54,74.5,0
Masoor,Red and Yellow soils,63.29267823677274,1,5.54,149.29521124251127,1.6236523171898996,20.0,843.95,60.03,1
summer paddy,Laterite soils,14.757076703479033,0,6.06,114.56572536211222,3.841667344001905,21.77,874.29,76.9,0
summer paddy,Black soils,99.14865361366142,0,6.0,134.30705078512983,1.949386589804747,24.75,941.22,60.09,0
Mustard,Alluvial soils,5.985936900346184,1,5.85,55.23498004685733,0.9143669321101572,24.94,938.97,69.81,1
Wheat,Black soils,27.701983404171347,1,6.98,165.79370043835235,0.8135175506595091,27.55,839.86,83.43,1
Gram,Black soils,60.6590114165344,0,5.61,89.25746879492321,4.041605590451173,23.27,956.08,84.5,0
Jwar,Laterite soils,52.03647167552329,1,6.53,64.66675150721977,1.1856502725788038,28.82,928.21,68.78,1
Urd,Alluvial soils,3.862270503389171,0,6.93,55.87963143873647,4.218136005495886,20.0,858.05,87.61,0
Til,Black soils,46.52242066000872,0,5.9,142.37837594275828,2.13191427436652,27.19,958.4,65.73,0
Kulthi,Black soils,39.49071677717886,0,6.01,60.39751234176016,3.8970756841866954,26.65,856.71,69.74,0
Mustard,Laterite soils,71.43977713087003,0,5.59,192.4061665391249,2.318230840930169,21.22,911.88,78.15,0
Tiwra,Red and Yellow soils,97.38715723126916,1,6.37,137.4889698215875,2.0734056158904988,26.16,799.28,85.89,1
Pea,Red and Yellow soils,21.55979018755156,0,6.49,77.78609298703317,3.689048046868987,21.51,815.45,66.79,0
summer paddy,Laterite soils,34.066071163832795,1,6.38,149.23083239700463,4.611200027303879,26.34,813.33,72.98,1
Gram,Red and Yellow soils,34.74768672244927,1,6.62,33.58119022402276,1.9181663035284728,28.4,945.68,66.28,0
Soybean,Red and Yellow soils,8.583758015057295,1,6.61,20.154563205107696,4.90903272481961,20.76,862.58,89.78,0
Kulthi,Laterite soils,20.90726535219855,0,6.85,98.52331092318568,2.606152200854422,23.26,904.76,77.61,0
Maize,Alluvial soils,34.904783067347054,0,7.0,17.703829613210928,0.5905315307981513,26.45,850.95,90.0,0
summer paddy,Alluvial soils,68.88862950071787,1,5.8,73.83428244149384,0.5966557233781861,25.33,929.74,79.57,1
summer paddy,Laterite soils,97.19340985732984,0,6.71,109.52068301196128,2.3271442877923745,30.0,783.67,72.93,0
Urd,Red and Yellow soils,80.12909695909734,0,6.83,70.99504826835619,4.201089365152599,29.45,772.47,87.51,0
Masoor,Red and Yellow soils,42.05432526241285,0,6.95,90.60728467834542,3.089700259916918,24.14,862.27,69.34,0
Til,Alluvial soils,48.12232243119416,1,5.9,159.19400511003866,4.48088955820164,20.14,964.95,76.91,1
Maize,Red and Yellow soils,60.85170379581952,1,6.33,154.7840778557563,1.2002355013252552,23.79,907.74,68.81,1
Soybean,Black soils,98.59433372410363,0,6.07,78.26901572028348,4.212803098596902,25.03,946.11,73.32,0
Kulthi,Laterite soils,67.55487925578505,0,7.0,79.33838476518439,4.877362795825739,28.15,830.43,90.0,0
Arhar,Alluvial soils,93.266516769375,0,6.03,151.91084094712255,4.153019042714469,27.57,844.12,78.79,0
Mustard,Alluvial soils,12.351657408054075,1,5.96,74.45869273649792,2.028361205368407,20.29,936.84,74.89,1
Maize,Red and Yellow soils,83.97676737225935,0,5.94,174.8228236194111,1.95984723189331,24.47,958.69,84.35,0
Millets,Alluvial soils,23.54097596703025,1,6.69,57.43568008837477,1.5978107189656572,27.35,815.85,82.58,1
Gram,Red and Yellow soils,14.573215619358535,1,5.7,57.09839965697187,3.9514705976890343,28.03,875.2,84.66,0
Millets,Laterite soils,11.564782214969178,1,6.6,120.43280013719917,3.7676132617091977,26.03,896.49,60.0,1
Moong,Alluvial soils,26.489067920660645,1,5.79,57.774369919506846,4.0238207365493945,23.53,890.88,87.49,1
Gram,Alluvial soils,92.8493387422751,1,6.54,64.25799140275164,4.914860850641632,29.68,797.93,78.51,1
Moong,Laterite soils,47.72185492708941,0,7.0,108.96450143039937,2.7671496106270737,28.95,796.09,83.24,0
Kulthi,Laterite soils,1.9575813458450015,0,6.4,135.07179394615684,2.663615249026792,21.68,876.2,82.21,0
Pea,Black soils,52.66967119754954,1,6.03,193.05858625795943,1.4970629237169906,25.95,934.0,84.75,1
Jwar,Laterite soils,83.11521733640478,1,5.72,135.05875811788147,2.826652317689744,25.82,922.42,67.57,1
Arhar,Laterite soils,84.46788570106386,1,6.21,192.94268675753716,2.7573837199416857,28.46,924.03,75.13,1
Millets,Black soils,49.27248131847189,0,6.42,53.90095521876777,1.2019846474142255,22.27,821.55,81.23,0
Soybean,Laterite soils,13.10812731307866,1,5.86,178.12965587280345,2.260207718353315,28.08,966.86,77.4,1
Pea,Laterite soils,23.804071407579336,1,6.33,131.24557260272172,3.669244395754899,28.81,833.33,82.96,1
Til,Black soils,29.59626120983151,0,6.57,26.91842836664658,2.7167595174345838,28.74,823.68,85.25,0
Millets,Alluvial soils,83.4164579675254,0,6.35,146.3607032263529,4.542588877178431,25.07,842.83,85.36,0
Millets,Red and Yellow soils,60.97944387000568,0,6.6,183.50464510721,2.1363469721664288,30.0,910.95,66.78,0
Mustard,Red and Yellow soils,67.90567177519311,0,6.94,184.57009859164535,2.8827361969169605,23.89,829.66,83.47,0
Rice,Red and Yellow soils,65.11829897838918,0,6.82,175.61385743537613,1.910934434431556,26.9,940.37,63.64,0
Jwar,Red and Yellow soils,61.33138378263416,0,6.23,131.90345014994583,3.0456960700275504,20.68,843.77,81.38,0
Pea,Laterite soils,37.95291147089761,1,6.61,155.92154634208538,1.0961422182962492,23.22,886.23,82.33,1
Pea,Red and Yellow soils,32.745807896062146,1,5.96,26.481396356110054,4.152733501535543,24.09,809.57,85.99,0
Niger,Laterite soils,4.079749834554197,0,5.64,99.53335179078957,3.6129767886177073,24.66,938.79,65.33,0
Maize,Black soils,87.75885918969198,0,5.71,139.78469040599293,1.3665129133839682,27.91,885.15,84.37,0
Wheat,Red and Yellow soils,44.32758410771781,0,6.58,147.39729054115696,3.125924867676585,25.49,943.87,60.1,0
Rice,Alluvial soils,55.7182474465031,0,6.41,34.65834578689061,2.032096363927362,29.65,814.07,62.41,0
Gram,Alluvial soils,44.36061613463463,1,5.72,51.92836348552057,1.185780320544819,20.96,864.88,71.79,1
Jwar,Red and Yellow soils,14.921019331346107,0,6.29,199.58265014089395,3.3401633423800927,21.55,805.46,85.41,0
Maize,Black soils,73.32267007953085,0,5.96,47.49317757286676,0.6835265598024884,25.08,916.88,67.25,0
Niger,Red and Yellow soils,16.887171155387144,1,5.72,22.167450486029797,2.846606265660132,25.48,889.76,76.19,0
Til,Laterite soils,82.11526872345533,0,5.79,179.22366038694898,3.004640999287888,26.71,911.29,69.07,0
Gram,Laterite soils,25.539681660071125,1,6.63,24.59636681009846,2.769413193485069,21.29,891.15,77.68,0
Groundnut,Laterite soils,81.6554741475988,1,7.0,86.15027954705378,1.14379756440237,25.75,864.31,75.64,1
Maize,Alluvial soils,84.40064941289427,0,7.0,117.3407974676231,2.5830017311527627,28.66,910.56,87.4,0
Jwar,Laterite soils,51.52716525625736,0,5.5,117.26931971045472,4.763386070226863,26.34,901.08,64.44,0
Groundnut,Black soils,13.083322941050284,0,6.07,85.59418473765709,3.41430524157662,24.27,933.85,66.93,0
Urd,Alluvial soils,18.245949358971803,1,6.2,144.86143436361849,4.22251584341133,26.55,876.07,71.31,1
Gram,Black soils,60.6590114165344,0,5.63,89.25746879492321,4.041605590451173,24.9,891.55,84.35,0
Niger,Black soils,2.645006445988896,0,5.84,149.7523142684901,3.7486793601665775,25.46,921.18,69.24,0
Gram,Alluvial soils,11.03940647751555,0,7.0,53.34742166871745,2.74635152842651,27.35,896.94,72.31,0
Soybean,Black soils,80.18699184832587,1,6.05,66.79895680678409,2.870925046781913,30.0,927.66,85.9,1
Moong,Red and Yellow soils,9.326065442028998,0,6.8,172.44853243892462,3.156078875040973,21.94,783.92,75.97,0
summer paddy,Alluvial soils,62.00398399717235,0,6.69,38.761830651487706,4.14766925501463,23.64,820.33,74.71,0
Soybean,Alluvial soils,45.929950244441066,1,6.7,146.06295145488895,4.868631700892124,28.65,868.56,75.86,0
Gram,Black soils,7.859205242978358,0,6.24,59.29153611037987,1.2925953541039088,24.86,944.47,66.71,0
Niger,Red and Yellow soils,16.887171155387144,1,6.2,22.167450486029797,2.846606265660132,26.4,860.11,71.33,0
Wheat,Red and Yellow soils,45.9958564972776,0,5.97,199.4706146791189,3.097939236387041,29.34,902.85,61.14,0
Maize,Black soils,87.75885918969198,0,5.71,139.78469040599293,1.3665129133839682,27.74,966.63,84.31,0
Urd,Black soils,30.25969736488654,0,5.78,28.04568065397041,1.8011830369833524,28.83,910.63,88.15,0
Maize,Black soils,25.60173042272508,1,6.86,165.05125349950538,2.360850866018045,29.54,861.31,65.57,1
Mustard,Laterite soils,53.54515854139666,1,6.39,108.2514903397496,3.718948332542829,27.23,828.75,74.16,1
Rice,Laterite soils,83.8775957011866,1,5.57,34.37576356945297,2.294909994831729,29.09,875.69,72.38,0
Pea,Black soils,35.50207418332751,0,5.87,155.1924950643728,4.558757044762429,27.05,972.75,72.29,0
Millets,Black soils,49.27248131847189,0,6.1,53.90095521876777,1.2019846474142255,21.87,847.26,82.05,0
Soybean,Black soils,80.18699184832587,1,6.28,66.79895680678409,2.870925046781913,29.45,845.52,84.52,1
Til,Alluvial soils,48.12232243119416,1,5.99,159.19400511003866,4.48088955820164,20.0,811.61,72.54,1
Urd,Red and Yellow soils,45.498714553357374,0,7.0,78.41811791005178,2.4597531594443405,22.1,765.29,80.85,0
Arhar,Alluvial soils,40.59763875962707,1,5.51,154.16751398387302,1.6967064291359415,26.76,910.19,77.03,1
Kulthi,Alluvial soils,67.60628023713699,0,5.84,34.05724834084618,3.7087473186135087,28.17,846.23,62.26,0
Til,Black soils,72.8747310808644,1,6.79,23.94593504567197,0.5056538319244093,22.07,837.4,87.29,0
Mustard,Laterite soils,61.737953589033744,0,5.82,65.69585886371809,1.5602596870875736,24.4,935.07,86.66,0
Mustard,Alluvial soils,91.82905732992558,1,6.5,53.74481212887618,1.5966321610404377,25.77,853.87,71.98,1
Tiwra,Red and Yellow soils,27.092825029366224,1,5.86,153.70269592651675,1.2125187749279782,27.42,963.62,62.11,1
Moong,Alluvial soils,74.91849185092191,1,6.33,35.66011307470839,3.274662483685392,21.19,799.27,86.08,0
Groundnut,Alluvial soils,36.793994091155895,0,6.08,191.11670343048607,4.024925591961438,26.34,824.9,90.0,0
Niger,Red and Yellow soils,16.887171155387144,1,6.13,22.167450486029797,2.846606265660132,28.16,806.96,73.31,0
Kulthi,Black soils,67.84108048066902,1,6.61,44.23042527392003,2.349613359680567,23.24,887.1,77.74,0
Pea,Red and Yellow soils,21.55979018755156,0,6.74,77.78609298703317,3.689048046868987,21.46,927.87,63.89,0
Gram,Red and Yellow soils,34.74768672244927,1,6.75,33.58119022402276,1.9181663035284728,29.28,896.59,67.25,0
Millets,Alluvial soils,3.618996042561992,0,6.22,195.20677589698155,0.9929670665083924,28.17,808.38,84.23,0
Masoor,Red and Yellow soils,84.52316916652465,1,5.91,136.06206737070266,3.720799011587236,26.98,825.37,78.26,1
Tiwra,Laterite soils,44.157514598221695,0,6.07,20.786220688080256,4.760647059177217,21.29,813.1,74.55,0
Pea,Red and Yellow soils,43.446323388532846,0,7.0,141.32630646402174,3.2583353976805944,28.84,830.3,64.24,0
Til,Black soils,29.59626120983151,0,6.22,26.91842836664658,2.7167595174345838,28.71,808.57,88.21,0
Til,Alluvial soils,25.073589779047172,0,6.96,173.56684832753513,0.5153972218655465,25.4,793.3,66.79,0
Groundnut,Red and Yellow soils,96.74499664722,1,6.17,178.92269764733769,2.42511046193267,28.99,858.71,84.82,1
Moong,Laterite soils,75.26532755569725,1,5.86,43.65731320402202,3.3010974637817863,28.83,837.88,65.12,0
Moong,Black soils,75.01023382812153,1,6.96,27.654315800797047,2.046099335099027,30.0,914.99,64.77,0
Tiwra,Black soils,14.00913180874091,1,5.75,192.864017307691,3.587869631963185,26.26,922.26,72.27,1
summer paddy,Laterite soils,57.82058689786627,0,6.09,53.81319082011551,2.8357837897845606,20.3,866.54,73.21,0
Moong,Laterite soils,15.751845797753464,1,6.22,116.91939141246866,1.6379793852651496,20.71,949.81,60.0,1
Til,Black soils,85.01927690614711,0,6.52,142.2143460301832,3.3364185717505808,20.0,920.16,79.48,0
Niger,Black soils,37.31419938079141,1,6.97,132.93729695324475,2.649581196463151,25.19,777.82,80.52,1
Jwar,Alluvial soils,33.52139305008494,1,6.47,170.24519022942422,1.7358279923002595,26.03,822.4,66.03,1
Pea,Red and Yellow soils,43.446323388532846,0,7.0,141.32630646402174,3.2583353976805944,30.0,880.82,66.42,0
Tiwra,Laterite soils,77.41000299816143,0,6.01,102.68567704073148,4.5790889615245725,20.38,831.44,60.56,0
Moong,Laterite soils,15.751845797753464,1,6.21,116.91939141246866,1.6379793852651496,21.23,914.96,62.15,1
Kulthi,Laterite soils,67.55487925578505,0,7.0,79.33838476518439,4.877362795825739,27.11,758.19,83.99,0
Masoor,Red and Yellow soils,84.52316916652465,1,6.13,136.06206737070266,3.720799011587236,25.6,917.09,74.85,1
Urd,Red and Yellow soils,80.12909695909734,0,7.0,70.99504826835619,4.201089365152599,28.79,809.77,80.77,0
Urd,Alluvial soils,18.245949358971803,1,6.28,144.86143436361849,4.22251584341133,27.35,848.43,69.48,1
Millets,Laterite soils,57.962788657384245,1,6.16,176.98515468543576,1.3308049793192296,29.51,918.61,75.14,1
Millets,Red and Yellow soils,60.97944387000568,0,6.49,183.50464510721,2.1363469721664288,27.8,932.2,65.68,0
summer paddy,Laterite soils,57.82058689786627,0,5.75,53.81319082011551,2.8357837897845606,21.0,968.56,78.02,0
summer paddy,Laterite soils,99.68532353972208,1,6.51,36.79724244169026,0.5887722514342346,27.41,837.66,66.82,0
Til,Laterite soils,79.80767833149267,1,5.93,195.1869784074493,4.9333156627866845,24.34,858.71,79.4,0
Til,Laterite soils,60.02344822552675,0,6.69,196.68461063428768,1.6314438342398223,28.22,913.5,73.1,0
summer paddy,Red and Yellow soils,23.656969306526207,1,6.92,160.81222387384514,2.887401159556615,29.91,841.24,66.12,1
Millets,Alluvial soils,83.4164579675254,0,6.56,146.3607032263529,4.542588877178431,24.73,862.2,82.34,0
Tiwra,Laterite soils,83.03751864098753,0,6.06,103.43937315702806,4.951128879703812,30.0,861.71,75.58,0
Mustard,Black soils,49.5300825663572,0,5.53,153.43110336778798,4.824259422343958,25.83,931.52,88.75,0
Niger,Black soils,2.645006445988896,0,6.06,149.7523142684901,3.7486793601665775,24.66,819.25,72.62,0
Wheat,Red and Yellow soils,58.75812809075228,0,6.01,61.15233492569079,2.7512492589727047,23.14,911.28,65.12,0
Groundnut,Laterite soils,81.6554741475988,1,7.0,86.15027954705378,1.14379756440237,25.73,777.53,76.26,1
Jwar,Red and Yellow soils,28.76255629578411,1,5.91,177.41725250309972,0.8627567390016935,24.85,823.86,69.17,1
Pea,Red and Yellow soils,45.88200025350533,0,6.72,166.4197314414131,0.7604645881312596,25.46,786.6,73.23,0
Soybean,Alluvial soils,73.18122507589274,0,5.87,84.15235572039454,4.546057014434088,24.48,837.6,81.96,0
Moong,Alluvial soils,42.49140354238396,0,5.93,56.1970084461051,2.8797560145626053,23.85,922.41,77.97,0
Moong,Laterite soils,66.7431644007017,1,6.08,36.37326995857885,1.941595947520944,23.43,877.5,73.22,0
Til,Alluvial soils,20.130363157001845,1,6.06,96.39301275682372,3.99987462399122,24.43,948.88,63.82,1
Til,Black soils,85.01927690614711,0,6.69,142.2143460301832,3.3364185717505808,20.64,864.7,79.46,0
Groundnut,Laterite soils,73.65874563961616,0,5.87,22.36466943541153,2.773808931043931,24.21,860.87,61.62,0
Gram,Black soils,48.6773164556799,1,5.73,69.28313557959125,2.0201114088284804,21.63,911.53,79.13,1
Millets,Laterite soils,57.962788657384245,1,6.31,176.98515468543576,1.3308049793192296,30.0,803.7,81.29,1
Kulthi,Black soils,5.487798902751413,0,5.63,116.7863204842874,2.954194231161236,24.75,952.61,65.56,0
summer paddy,Black soils,99.14865361366142,0,6.31,134.30705078512983,1.949386589804747,23.41,947.52,60.0,0
Jwar,Alluvial soils,25.85682337890519,1,5.5,102.61050271033608,4.377680196883321,25.45,844.63,85.39,0
Masoor,Black soils,35.88229477097293,0,6.88,78.05785247904603,3.7076108701053294,26.74,908.85,61.24,0
Maize,Laterite soils,32.09495506812422,0,6.55,71.06637841499042,4.98667080551723,24.03,883.51,73.42,0
Groundnut,Alluvial soils,76.89512894880215,0,6.53,111.20094863538525,4.241037869145725,21.16,827.2,69.98,0
Millets,Black soils,8.545620951059774,1,6.49,161.95956637121765,4.866411463972916,30.0,817.78,84.5,1
Kulthi,Laterite soils,31.16493766854265,0,6.71,37.76578110224007,3.3810076514253757,23.01,921.51,64.13,0
Masoor,Black soils,32.78096124453907,1,6.03,155.80477364636056,4.464364499262837,28.09,901.46,84.12,1
Rice,Alluvial soils,55.7182474465031,0,6.2,34.65834578689061,2.032096363927362,30.0,909.99,63.45,0
Maize,Red and Yellow soils,83.97676737225935,0,5.75,174.8228236194111,1.95984723189331,23.15,828.92,82.72,0
Jwar,Black soils,87.71268641532818,0,6.34,15.698221174437968,2.9018118843038945,21.94,819.04,87.29,0
Pea,Laterite soils,13.913505998801302,1,6.03,198.6012534110168,2.571015400924413,24.77,925.63,67.57,1
Tiwra,Black soils,94.76385180041332,0,6.68,110.7678118617717,0.8166051320582242,28.5,800.68,89.44,0
Gram,Alluvial soils,92.8493387422751,1,6.36,64.25799140275164,4.914860850641632,29.98,901.79,77.76,1
Millets,Black soils,85.5878730724342,1,6.38,61.37039983559247,3.7262686183632985,26.16,889.17,78.81,0
Groundnut,Alluvial soils,77.64734025846953,1,6.71,30.1290536211666,2.4437057909109408,24.23,812.85,64.63,0
Jwar,Laterite soils,51.52716525625736,0,5.5,117.26931971045472,4.763386070226863,25.22,1001.0,60.0,0
Niger,Alluvial soils,40.72168891707997,1,6.43,64.74785133657514,2.41594149570782,23.18,921.73,74.3,1
summer paddy,Laterite soils,90.855464380136,0,5.71,88.93461010502237,2.2896711723008787,23.42,946.91,81.25,0
Pea,Black soils,35.50207418332751,0,5.77,155.1924950643728,4.558757044762429,27.21,906.06,72.77,0
Til,Laterite soils,82.11526872345533,0,5.95,179.22366038694898,3.004640999287888,24.77,898.72,65.66,0
Arhar,Laterite soils,10.205047368034332,1,6.06,171.60702634754793,1.5679546063176029,27.45,870.31,79.33,0
Arhar,Alluvial soils,91.85485510003234,0,5.94,76.53287840752338,1.2994679672213083,28.66,901.12,81.46,0
Kulthi,Black soils,5.487798902751413,0,5.72,116.7863204842874,2.954194231161236,23.83,978.8,64.07,0
Til,Laterite soils,79.9474430875547,1,5.53,173.28889307383915,3.202864513601942,21.19,956.19,65.1,1
Masoor,Black soils,57.674849565932185,0,6.49,50.45115979273248,1.5982455206728323,22.87,832.09,65.55,0
Til,Alluvial soils,74.9101007065359,0,6.17,139.00895124661432,4.160729142666699,24.48,832.03,90.0,0
Jwar,Alluvial soils,75.59152131396844,1,6.4,79.91476651727123,4.875495742078561,21.95,894.1,75.55,1
Urd,Alluvial soils,91.70252765931488,0,6.64,15.605923247840275,3.5094411666075778,21.94,874.51,78.16,0
Tiwra,Red and Yellow soils,45.40305501460495,1,5.55,63.94801167122259,4.253171358306454,28.63,976.27,83.12,1
Jwar,Laterite soils,85.67941919967865,1,5.88,155.92944761114924,4.804050202111057,30.0,875.61,63.32,1
Tiwra,Laterite soils,83.03751864098753,0,5.91,103.43937315702806,4.951128879703812,29.64,852.95,71.65,0
Rice,Laterite soils,6.748270550218036,0,5.97,153.16939920228737,1.174174578363922,24.89,825.41,60.0,0
Tiwra,Laterite soils,44.157514598221695,0,6.29,20.786220688080256,4.760647059177217,24.12,896.54,71.09,0
Urd,Laterite soils,66.47259153046967,1,6.43,141.76502902740526,2.4215107907859093,30.0,818.61,69.4,1
Jwar,Black soils,65.54709453271963,1,6.08,14.774203291276631,4.843878235764788,26.3,953.94,77.81,0
Maize,Alluvial soils,14.964041185953416,1,7.0,139.1026557896301,1.843602189402552,28.78,904.88,70.83,1
Tiwra,Red and Yellow soils,45.40305501460495,1,5.69,63.94801167122259,4.253171358306454,28.78,879.04,78.83,1
Moong,Black soils,66.35159251639024,0,5.92,154.92011886243904,4.532794847215374,25.41,910.13,62.62,0
Gram,Alluvial soils,6.631856397258757,1,6.63,199.531133950268,4.800063599754694,21.16,872.87,81.55,0
Jwar,Red and Yellow soils,81.05182096520964,1,5.5,198.10884266676885,4.3258916692421066,22.84,899.43,72.83,1
Gram,Alluvial soils,96.98944330900548,0,6.55,18.44939670465994,1.562279272549458,23.62,806.53,77.8,0
Arhar,Black soils,7.8885965708143235,0,7.0,22.190126691675964,1.5355669671957597,23.18,875.78,81.5,0
Tiwra,Black soils,63.70051960241635,1,6.68,78.64897896002441,4.51494091656409,20.3,826.08,90.0,0
Rice,Alluvial soils,55.7182474465031,0,6.04,34.65834578689061,2.032096363927362,29.29,888.29,65.64,0
Gram,Black soils,18.54638357946299,1,5.95,34.31846563723244,1.5054079551932045,24.97,853.74,72.62,0
Tiwra,Laterite soils,41.61828535466275,1,6.39,25.379723997991185,4.950763297623329,25.11,935.67,60.0,0
Pea,Black soils,35.50207418332751,0,5.86,155.1924950643728,4.558757044762429,25.86,919.08,69.2,0
Mustard,Red and Yellow soils,47.35020570684794,1,6.66,14.979387934802954,2.7212244906205534,22.97,852.14,74.77,0
Moong,Laterite soils,66.7431644007017,1,6.04,36.37326995857885,1.941595947520944,22.26,819.09,77.77,0
Jwar,Alluvial soils,50.27501027132872,0,6.66,103.71091740391591,4.248261783890516,21.29,824.34,64.49,0
Niger,Red and Yellow soils,4.301026088036883,0,6.91,145.61804214220632,2.0812368730220943,20.71,919.71,68.93,0
Rice,Red and Yellow soils,94.9606118039142,0,5.63,54.1128672085785,1.619877527026648,23.13,958.19,65.88,0
summer paddy,Laterite soils,68.33971322490649,1,7.0,21.80492518759846,3.622176401026044,21.22,796.35,73.31,0
Wheat,Red and Yellow soils,50.91070048310331,0,6.1,70.3847309463337,4.94260898334276,26.28,877.43,79.21,0
Soybean,Laterite soils,82.5219028825696,1,6.36,120.98570933252736,1.84204637395397,23.68,777.02,90.0,1
Tiwra,Alluvial soils,7.949464529363647,1,6.98,26.11128283567805,0.5044061015460503,20.06,852.56,78.85,0
Arhar,Black soils,7.8885965708143235,0,6.99,22.190126691675964,1.5355669671957597,25.63,775.29,84.52,0
Tiwra,Laterite soils,87.1125768798161,0,5.5,155.6761395244254,3.972236580663137,30.0,912.01,67.82,0
Til,Black soils,58.53364358235279,1,7.0,199.36210175604907,0.7934570356250641,28.69,778.27,79.03,1
Masoor,Black soils,32.78096124453907,1,5.77,155.80477364636056,4.464364499262837,28.5,926.3,86.4,1
Jwar,Laterite soils,20.52338382586908,0,6.84,39.04821267421946,2.0258284690301904,23.98,826.16,69.34,0
Tiwra,Laterite soils,99.79302285723834,1,6.19,28.356863022535748,2.7788430905388597,24.4,818.27,86.85,0
Groundnut,Laterite soils,73.65874563961616,0,6.07,22.36466943541153,2.773808931043931,26.61,883.24,63.4,0
Til,Laterite soils,89.66061130236088,0,5.89,138.96491601693197,2.999699639608014,26.51,919.68,86.36,0
Niger,Laterite soils,14.75564765833209,1,5.5,43.53470873409088,3.958799053421168,29.79,919.0,85.3,0
Jwar,Red and Yellow soils,28.76255629578411,1,5.99,177.41725250309972,0.8627567390016935,25.44,840.24,69.69,1
summer paddy,Red and Yellow soils,73.54687524942415,0,5.5,142.93725689571534,4.918276974920083,25.1,980.63,72.61,0
summer paddy,Black soils,99.14865361366142,0,6.28,134.30705078512983,1.949386589804747,23.01,965.96,60.0,0
Millets,Red and Yellow soils,68.53613344912503,1,6.69,145.54578088551114,2.7638146457013453,20.0,919.05,62.77,1
Rice,Alluvial soils,45.02207961303291,1,5.73,183.9060120825367,2.2666440011155182,26.26,907.55,88.24,1
Niger,Alluvial soils,30.9149550672235,0,7.0,25.390180382606133,4.890082443067278,21.05,899.11,83.39,0
Millets,Laterite soils,11.564782214969178,1,6.65,120.43280013719917,3.7676132617091977,25.88,917.76,60.0,1
Pea,Laterite soils,37.95291147089761,1,6.55,155.92154634208538,1.0961422182962492,22.37,867.04,84.94,1
Wheat,Alluvial soils,67.4018482677936,0,5.93,27.39069849597884,4.906744463762068,20.0,820.01,66.98,0
Tiwra,Black soils,97.158326515426,0,5.5,132.63690929018293,0.9977835566720724,21.56,856.02,70.55,0
Pea,Black soils,35.50207418332751,0,5.76,155.1924950643728,4.558757044762429,25.77,980.63,72.33,0
Soybean,Black soils,98.59433372410363,0,5.91,78.26901572028348,4.212803098596902,24.84,891.4,69.89,0
Niger,Black soils,30.080933360930537,0,5.5,52.22680121536878,1.086363801815192,26.03,991.31,66.45,0
Jwar,Laterite soils,92.81866674409925,1,5.96,159.32913111736443,4.144766898974626,21.12,883.91,80.3,0
Arhar,Alluvial soils,16.947340444794044,0,6.76,115.46353355361116,3.294811394244745,24.63,854.52,70.68,0
Soybean,Black soils,43.93909969768636,1,6.78,187.44094250103575,3.156684445310398,27.75,771.3,90.0,1
Millets,Laterite soils,11.564782214969178,1,6.32,120.43280013719917,3.7676132617091977,25.54,911.63,60.0,1
Niger,Black soils,41.79287336304921,0,6.97,54.696853754845804,1.7969102556076575,23.49,828.09,68.87,0
Niger,Red and Yellow soils,30.05926746262701,0,5.78,171.41131547239257,3.621531844526511,28.98,852.94,64.12,0
Til,Red and Yellow soils,80.31440413281457,0,5.94,77.60609722671164,0.5869799739884878,27.05,937.58,63.15,0
summer paddy,Laterite soils,57.82058689786627,0,5.79,53.81319082011551,2.8357837897845606,22.3,940.47,76.99,0
Masoor,Red and Yellow soils,90.46926764515013,1,6.14,39.5265414675269,4.552431153446992,25.6,871.23,79.12,0
Millets,Alluvial soils,83.4164579675254,0,6.67,146.3607032263529,4.542588877178431,25.28,862.61,89.76,0
Jwar,Black soils,58.43929542154972,1,5.93,16.566631578535365,3.473426184998023,21.73,887.81,71.15,0
Pea,Red and Yellow soils,57.89621108388996,1,5.89,140.3534641806105,3.0806227397827857,27.01,883.66,86.15,1
Urd,Alluvial soils,37.78258122050927,1,5.74,46.08242628582618,2.6125853106729853,27.61,878.25,73.34,0
Mustard,Alluvial soils,5.985936900346184,1,5.5,55.23498004685733,0.9143669321101572,23.75,926.9,67.09,1
Arhar,Red and Yellow soils,89.63418660147754,0,5.9,197.40269607320457,2.917209527133356,25.0,925.14,79.49,0
Pea,Red and Yellow soils,14.258821823399837,1,6.6,181.6323051076012,4.302368943900499,27.35,869.51,62.34,1
Masoor,Black soils,76.58104466203038,0,6.58,112.258823548082,0.8441663455221252,27.85,793.39,65.68,0
Pea,Black soils,35.50207418332751,0,5.83,155.1924950643728,4.558757044762429,26.15,850.02,70.39,0
Kulthi,Alluvial soils,61.837349287810135,1,6.91,27.801636027771064,2.6701487722421016,27.23,913.41,78.91,0
Jwar,Laterite soils,20.52338382586908,0,7.0,39.04821267421946,2.0258284690301904,22.3,844.84,71.21,0
Maize,Black soils,19.410359181755048,0,5.75,167.23117270851932,4.392858700280796,26.05,862.98,62.02,0
Wheat,Red and Yellow soils,45.9958564972776,0,6.09,199.4706146791189,3.097939236387041,28.63,943.72,64.77,0
Kulthi,Alluvial soils,92.5492169547469,1,6.78,172.39818815807868,1.6613788159021248,27.24,791.34,82.66,1
Moong,Alluvial soils,26.489067920660645,1,5.88,57.774369919506846,4.0238207365493945,22.95,953.78,88.74,1
Gram,Red and Yellow soils,82.07588905682253,0,6.71,18.009491866681152,3.233362891898263,21.61,887.59,80.4,0
Kulthi,Alluvial soils,54.81048353532652,1,6.13,24.193410570245213,4.594332152474536,26.01,969.99,65.6,0
Wheat,Laterite soils,7.276797004040833,0,6.24,117.16853925930828,3.99316410162361,24.51,896.22,87.67,0
Kulthi,Alluvial soils,54.81048353532652,1,6.13,24.193410570245213,4.594332152474536,25.35,964.17,60.0,0
Til,Black soils,58.53364358235279,1,7.0,199.36210175604907,0.7934570356250641,30.0,873.61,80.76,1
Gram,Laterite soils,53.836448220478616,0,5.68,15.2236049976858,0.9405202056930708,22.62,950.74,66.22,0
Til,Red and Yellow soils,83.59129485493202,0,6.58,36.09993908037054,0.925693566787786,22.18,950.77,65.94,0
summer paddy,Red and Yellow soils,39.66105407075501,0,6.44,35.35427059036928,1.3256422203939051,23.53,895.15,61.88,0
Masoor,Red and Yellow soils,42.05432526241285,0,6.76,90.60728467834542,3.089700259916918,25.38,823.28,69.96,0
Niger,Black soils,37.31419938079141,1,6.96,132.93729695324475,2.649581196463151,23.99,813.99,82.86,1
Wheat,Alluvial soils,67.4018482677936,0,6.17,27.39069849597884,4.906744463762068,21.9,928.11,66.26,0
Soybean,Black soils,43.93909969768636,1,6.86,187.44094250103575,3.156684445310398,25.62,792.54,86.05,1
Tiwra,Red and Yellow soils,16.381665237746383,1,6.05,84.8078611948209,1.039182547558261,25.36,807.92,74.55,0
Jwar,Laterite soils,51.52716525625736,0,5.68,117.26931971045472,4.763386070226863,26.99,872.58,60.0,0
Millets,Red and Yellow soils,68.53613344912503,1,6.57,145.54578088551114,2.7638146457013453,20.92,878.65,62.71,1
Gram,Black soils,43.903327920986655,1,6.88,153.1401018257682,2.190934023980345,26.68,817.81,77.26,1
Til,Alluvial soils,95.1984444835079,0,6.05,142.64313814170387,3.0749607676792494,28.96,792.27,90.0,0
Millets,Black soils,49.27248131847189,0,6.29,53.90095521876777,1.2019846474142255,21.43,866.21,74.38,0
Moong,Alluvial soils,74.91849185092191,1,6.24,35.66011307470839,3.274662483685392,20.0,872.77,90.0,0
Moong,Laterite soils,47.72185492708941,0,6.72,108.96450143039937,2.7671496106270737,28.39,843.78,85.98,0
Groundnut,Laterite soils,73.65874563961616,0,5.72,22.36466943541153,2.773808931043931,24.28,941.47,62.38,0
Pea,Red and Yellow soils,43.446323388532846,0,6.99,141.32630646402174,3.2583353976805944,29.65,843.76,65.64,0
Til,Black soils,58.53364358235279,1,7.0,199.36210175604907,0.7934570356250641,28.35,776.11,75.2,1
Groundnut,Laterite soils,81.6554741475988,1,7.0,86.15027954705378,1.14379756440237,25.43,860.81,76.99,1
Jwar,Black soils,85.02489644764282,0,5.82,141.69070379804322,2.338065364164532,26.29,831.33,60.77,0
Til,Laterite soils,60.02344822552675,0,6.65,196.68461063428768,1.6314438342398223,28.37,811.54,69.52,0
Rice,Black soils,68.42984036578169,0,6.61,121.15296547268264,2.6923847070482827,29.54,911.46,89.48,0
Maize,Black soils,65.32355202698167,0,5.61,153.432927891906,1.8221311119500412,20.0,956.61,73.14,0
Pea,Alluvial soils,17.17303816819014,0,5.68,163.3134475429299,2.644391106796571,28.32,933.3,65.67,0
Groundnut,Red and Yellow soils,44.10436539094836,0,5.5,191.6079760172045,1.0565774612663703,23.92,839.22,74.64,0
Tiwra,Laterite soils,77.41000299816143,0,5.95,102.68567704073148,4.5790889615245725,20.42,928.37,60.0,0
Kulthi,Black soils,67.84108048066902,1,7.0,44.23042527392003,2.349613359680567,22.34,859.89,78.65,0
Soybean,Laterite soils,71.15073745457829,1,5.85,34.43015994612051,2.8276033668845826,29.05,946.2,73.41,0
summer paddy,Alluvial soils,5.634581766188527,1,6.16,70.69578532542236,3.804381772475503,20.47,823.23,78.24,1
Mustard,Alluvial soils,2.3002039972834387,0,6.61,145.61959193869544,2.519545815592032,24.71,834.11,72.81,0
Gram,Black soils,18.54638357946299,1,5.94,34.31846563723244,1.5054079551932045,24.14,937.15,67.05,0
Soybean,Black soils,39.78177453222698,0,5.53,94.97051601405003,2.865401887107058,24.92,874.0,66.49,0
Moong,Laterite soils,4.258463097456195,0,5.7,181.9289995636216,3.8846723421151497,27.12,866.1,78.92,0
Rice,Laterite soils,25.09494464680028,1,6.28,157.04690334075116,1.926924601319298,21.07,933.19,86.33,1
Moong,Red and Yellow soils,6.70159104623501,0,6.68,154.37849353994258,1.4738508434764648,21.45,809.36,61.35,0
Mustard,Red and Yellow soils,47.35020570684794,1,6.57,14.979387934802954,2.7212244906205534,23.17,815.17,79.69,0
Tiwra,Laterite soils,66.59744978514821,1,6.65,180.71957832423595,3.992147155611458,29.02,848.18,78.64,0
Moong,Laterite soils,4.258463097456195,0,5.58,181.9289995636216,3.8846723421151497,26.54,856.67,79.17,0
Groundnut,Laterite soils,34.78961480849945,1,6.23,100.82047107807897,4.765268097487416,24.04,851.24,81.43,1
Maize,Black soils,87.75885918969198,0,5.85,139.78469040599293,1.3665129133839682,26.8,910.25,85.77,0
summer paddy,Alluvial soils,5.634581766188527,1,6.44,70.69578532542236,3.804381772475503,22.49,909.69,75.51,1
Kulthi,Red and Yellow soils,4.874093193902079,0,5.82,58.01984131719706,1.2796791167350348,21.74,844.39,87.28,0
Pea,Red and Yellow soils,77.1904149781785,1,5.99,159.6942075375746,3.61915464017993,26.23,841.58,64.85,1
Moong,Alluvial soils,26.489067920660645,1,5.68,57.774369919506846,4.0238207365493945,24.2,896.97,82.91,1
Jwar,Laterite soils,83.11521733640478,1,5.73,135.05875811788147,2.826652317689744,26.71,861.09,62.07,1
Til,Black soils,29.59626120983151,0,6.26,26.91842836664658,2.7167595174345838,29.76,801.85,90.0,0
Soybean,Black soils,80.18699184832587,1,6.17,66.79895680678409,2.870925046781913,28.97,801.65,80.69,1
Masoor,Alluvial soils,17.051062582241848,1,6.73,158.50864420956958,2.1741170604411213,24.14,830.88,81.97,1
Kulthi,Black soils,39.49071677717886,0,6.4,60.39751234176016,3.8970756841866954,28.72,914.44,70.83,0
Groundnut,Alluvial soils,77.64734025846953,1,6.86,30.1290536211666,2.4437057909109408,22.01,863.29,63.37,0
Masoor,Red and Yellow soils,42.05432526241285,0,6.95,90.60728467834542,3.089700259916918,24.87,877.07,66.31,0
summer paddy,Laterite soils,14.757076703479033,0,6.34,114.56572536211222,3.841667344001905,21.74,809.29,72.19,0
Wheat,Red and Yellow soils,45.9958564972776,0,6.14,199.4706146791189,3.097939236387041,29.11,892.84,61.0,0
Jwar,Black soils,87.71268641532818,0,6.48,15.698221174437968,2.9018118843038945,22.04,858.32,86.09,0
Gram,Black soils,48.6773164556799,1,5.56,69.28313557959125,2.0201114088284804,20.69,835.26,81.98,1
Urd,Laterite soils,59.08990961897472,0,6.11,192.0845844938899,2.9650442270922275,23.89,932.17,60.0,0
Arhar,Laterite soils,70.69460626460166,0,6.51,128.31657060515244,4.766392383485942,26.07,901.31,86.96,0
Gram,Black soils,33.36100018676664,1,6.41,77.38147579324998,4.486073743546642,27.09,870.01,62.6,1
Niger,Red and Yellow soils,4.301026088036883,0,6.64,145.61804214220632,2.0812368730220943,20.71,794.86,71.44,0
Tiwra,Black soils,63.70051960241635,1,6.43,78.64897896002441,4.51494091656409,20.87,846.56,87.32,0
Wheat,Black soils,27.701983404171347,1,6.78,165.79370043835235,0.8135175506595091,27.43,847.37,83.7,1
Tiwra,Alluvial soils,57.12809708824221,1,6.37,197.0604365484146,3.9823961897083984,22.55,907.97,65.4,1
Arhar,Laterite soils,74.64442798330771,1,6.22,155.32653226232352,1.9369977433354968,29.2,917.03,86.84,1
Maize,Red and Yellow soils,83.97676737225935,0,5.61,174.8228236194111,1.95984723189331,24.91,862.44,86.56,0
Groundnut,Laterite soils,65.31840295659302,0,6.7,141.36645020981774,4.393638773635823,24.54,824.01,83.12,0
Gram,Red and Yellow soils,34.74768672244927,1,6.47,33.58119022402276,1.9181663035284728,29.7,919.8,65.86,0
summer paddy,Laterite soils,97.19340985732984,0,6.71,109.52068301196128,2.3271442877923745,28.03,838.62,73.1,0
Maize,Laterite soils,80.06913248485557,0,6.25,60.5239790933438,1.7659599285259715,28.93,840.09,70.92,0
summer paddy,Laterite soils,34.066071163832795,1,6.67,149.23083239700463,4.611200027303879,26.5,895.36,73.05,1
Gram,Alluvial soils,79.26862073639087,1,5.92,169.83024901214273,4.126874099803565,21.82,853.25,81.87,1
Moong,Black soils,70.46581678149187,0,5.94,21.66905565059997,4.032486033053475,21.37,902.58,80.21,0
Groundnut,Laterite soils,73.65874563961616,0,6.02,22.36466943541153,2.773808931043931,25.87,910.57,61.18,0
summer paddy,Red and Yellow soils,73.54687524942415,0,5.69,142.93725689571534,4.918276974920083,25.18,852.62,69.0,0
Rice,Laterite soils,7.142480781761127,0,5.84,145.4650010321932,2.084973135653419,24.82,911.94,66.59,0
Masoor,Red and Yellow soils,84.52316916652465,1,6.36,136.06206737070266,3.720799011587236,25.78,876.81,80.88,1
Til,Red and Yellow soils,83.59129485493202,0,6.38,36.09993908037054,0.925693566787786,23.22,825.68,65.61,0
Pea,Alluvial soils,17.17303816819014,0,5.78,163.3134475429299,2.644391106796571,26.06,927.38,70.53,0
Mustard,Alluvial soils,12.351657408054075,1,5.91,74.45869273649792,2.028361205368407,22.21,866.63,75.0,1
summer paddy,Alluvial soils,92.14077589708448,0,5.63,37.26311684885115,2.4051624361938035,22.01,954.62,78.32,0
Jwar,Laterite soils,51.52716525625736,0,5.5,117.26931971045472,4.763386070226863,26.43,857.98,61.61,0
Masoor,Red and Yellow soils,90.46926764515013,1,6.37,39.5265414675269,4.552431153446992,25.12,882.14,78.2,0
Pea,Red and Yellow soils,21.55979018755156,0,6.81,77.78609298703317,3.689048046868987,22.87,839.37,64.57,0
Jwar,Alluvial soils,25.85682337890519,1,5.66,102.61050271033608,4.377680196883321,25.96,823.44,86.22,0
Masoor,Black soils,76.58104466203038,0,6.3,112.258823548082,0.8441663455221252,27.33,890.43,70.49,0
Millets,Laterite soils,43.90448238355727,0,5.81,165.51927153855505,0.5251230931434431,20.31,967.93,65.45,0
Soybean,Red and Yellow soils,79.46057483174057,0,6.44,150.462155599481,3.444350816677973,22.33,936.26,84.17,0
Arhar,Laterite soils,74.64442798330771,1,6.03,155.32653226232352,1.9369977433354968,27.78,904.54,87.63,1
Wheat,Alluvial soils,91.05415430835896,0,7.0,160.42512776637145,0.6999369117890404,20.56,892.27,86.92,0
Urd,Alluvial soils,3.862270503389171,0,6.77,55.87963143873647,4.218136005495886,21.06,892.71,83.45,0
Niger,Laterite soils,58.342897767539576,0,6.14,30.396351069572987,0.6188329381507388,24.71,910.14,84.86,0
Jwar,Laterite soils,52.03647167552329,1,6.52,64.66675150721977,1.1856502725788038,29.54,951.46,62.05,1
Soybean,Red and Yellow soils,64.9013741262986,0,5.74,175.0559582444221,3.45476106865228,23.79,895.9,75.85,0
Niger,Laterite soils,14.75564765833209,1,5.79,43.53470873409088,3.958799053421168,28.5,959.39,80.71,0
Urd,Red and Yellow soils,80.12909695909734,0,7.0,70.99504826835619,4.201089365152599,29.15,819.2,86.84,0
Millets,Alluvial soils,66.1773521263443,1,6.24,121.45483757861142,4.880676349583943,25.25,965.09,67.12,1
summer paddy,Alluvial soils,7.078898910240252,1,5.75,133.05676737201873,2.8391106476553305,24.55,859.95,87.23,0
Mustard,Laterite soils,74.33462632790453,0,7.0,23.998040737995492,3.3383635311434943,29.32,849.39,75.72,0
Til,Black soils,72.8747310808644,1,6.68,23.94593504567197,0.5056538319244093,21.98,792.66,85.66,0
Arhar,Alluvial soils,40.59763875962707,1,5.5,154.16751398387302,1.6967064291359415,26.69,925.8,76.2,1
Kulthi,Black soils,23.189085786347796,0,5.94,189.8627111419892,2.7848888056767773,28.08,945.43,86.18,0
Jwar,Black soils,87.71268641532818,0,6.46,15.698221174437968,2.9018118843038945,21.78,807.07,84.56,0
Rice,Laterite soils,36.067847125393314,1,5.65,45.080516013725855,3.846756333323527,20.97,924.87,64.41,0
Urd,Laterite soils,4.197889378619497,0,6.93,90.0138398925223,4.669929373092929,29.11,761.98,80.33,0
Mustard,Laterite soils,50.57716960311954,0,5.99,79.28921525200687,1.641631398260391,26.75,931.01,84.51,0
Niger,Alluvial soils,30.9149550672235,0,6.82,25.390180382606133,4.890082443067278,21.08,903.57,81.0,0
Mustard,Laterite soils,53.54515854139666,1,6.42,108.2514903397496,3.718948332542829,25.78,887.48,74.45,1
Soybean,Laterite soils,50.60103662954688,0,5.92,171.12574873717588,2.589034966808882,20.0,864.7,72.15,0
Jwar,Black soils,28.67326065577008,0,6.06,62.69765596562617,3.9383874571860433,22.35,882.34,74.93,0
Moong,Alluvial soils,74.91849185092191,1,6.44,35.66011307470839,3.274662483685392,21.67,888.0,90.0,0
summer paddy,Laterite soils,99.68532353972208,1,6.67,36.79724244169026,0.5887722514342346,29.04,892.52,68.48,0
Masoor,Red and Yellow soils,84.52316916652465,1,6.33,136.06206737070266,3.720799011587236,25.84,799.72,77.96,1
Mustard,Black soils,48.223606509415184,0,5.5,42.21612474828965,3.626063543977249,25.56,921.92,78.03,0
Masoor,Alluvial soils,17.051062582241848,1,6.74,158.50864420956958,2.1741170604411213,22.61,769.96,80.32,1
Urd,Black soils,24.427711240308238,0,6.03,40.40200266895553,4.121770237149953,23.83,798.37,87.66,0
Maize,Red and Yellow soils,69.73343459088427,0,5.91,159.39192951392974,3.210066085264966,26.59,814.93,77.48,0
Soybean,Black soils,43.93909969768636,1,6.92,187.44094250103575,3.156684445310398,28.35,867.24,90.0,1
summer paddy,Laterite soils,14.757076703479033,0,6.32,114.56572536211222,3.841667344001905,22.21,813.31,74.24,0
Millets,Black soils,49.27248131847189,0,6.45,53.90095521876777,1.2019846474142255,20.76,936.9,78.15,0
Maize,Black soils,65.32355202698167,0,5.5,153.432927891906,1.8221311119500412,21.59,850.99,73.64,0
Jwar,Alluvial soils,8.770750022223734,1,5.87,115.99582439793596,2.540243063469655,22.97,858.28,89.07,1
Jwar,Red and Yellow soils,61.33138378263416,0,6.29,131.90345014994583,3.0456960700275504,22.1,812.94,83.89,0
Soybean,Black soils,80.18699184832587,1,6.24,66.79895680678409,2.870925046781913,28.83,862.14,84.61,1
Rice,Red and Yellow soils,62.88030372406628,0,6.33,69.50062910462015,4.898555948589926,23.68,911.5,75.08,0
Mustard,Black soils,83.04704930059059,1,6.83,164.2968639673771,3.2910142681176096,21.44,854.07,90.0,1
Tiwra,Laterite soils,66.59744978514821,1,6.27,180.71957832423595,3.992147155611458,30.0,855.13,78.54,0
Millets,Black soils,49.27248131847189,0,6.17,53.90095521876777,1.2019846474142255,21.07,817.56,81.32,0
Soybean,Black soils,98.59433372410363,0,5.87,78.26901572028348,4.212803098596902,25.11,833.97,75.0,0
Gram,Alluvial soils,11.03940647751555,0,6.83,53.34742166871745,2.74635152842651,25.1,920.06,73.76,0
Groundnut,Red and Yellow soils,38.75737864428302,0,6.7,87.85159170492055,4.987331613193882,30.0,848.11,60.0,0
Mustard,Black soils,83.04704930059059,1,6.84,164.2968639673771,3.2910142681176096,23.08,910.92,84.41,1
Wheat,Alluvial soils,86.71163811325147,1,6.26,54.94653337104506,3.359167289944513,29.57,870.7,81.05,1
Tiwra,Alluvial soils,49.96403886906193,0,6.8,129.23233750459332,1.024483141899196,25.89,926.58,65.18,0
Niger,Red and Yellow soils,16.887171155387144,1,6.09,22.167450486029797,2.846606265660132,27.16,894.75,76.03,0
Til,Alluvial soils,20.130363157001845,1,5.94,96.39301275682372,3.99987462399122,23.93,859.38,61.29,1
Rice,Black soils,68.42984036578169,0,6.59,121.15296547268264,2.6923847070482827,28.5,776.65,87.06,0
Tiwra,Laterite soils,41.61828535466275,1,6.65,25.379723997991185,4.950763297623329,25.73,862.99,62.33,0
Kulthi,Black soils,19.94313150748539,1,6.83,97.58946583215312,2.988773303025213,22.51,905.97,81.69,1
Tiwra,Laterite soils,88.94512805109724,0,5.5,56.3932872429863,2.278022077517278,21.83,905.22,87.06,0
Soybean,Laterite soils,82.5219028825696,1,6.16,120.98570933252736,1.84204637395397,21.23,825.35,90.0,1
Gram,Alluvial soils,11.03940647751555,0,6.96,53.34742166871745,2.74635152842651,27.8,864.21,71.25,0
Jwar,Black soils,28.67326065577008,0,6.23,62.69765596562617,3.9383874571860433,21.95,826.27,74.47,0
Pea,Red and Yellow soils,77.1904149781785,1,6.35,159.6942075375746,3.61915464017993,26.51,839.69,61.21,1
Groundnut,Laterite soils,65.31840295659302,0,7.0,141.36645020981774,4.393638773635823,26.85,911.16,80.21,0
Millets,Alluvial soils,83.4164579675254,0,6.38,146.3607032263529,4.542588877178431,23.58,811.88,89.75,0
Millets,Red and Yellow soils,70.98318926589636,1,6.77,74.80825570491946,3.7312992983988873,25.35,831.61,66.18,1
Maize,Red and Yellow soils,83.97676737225935,0,5.87,174.8228236194111,1.95984723189331,23.36,814.78,82.32,0
Pea,Laterite soils,86.12529571965065,1,5.99,65.74792040384469,1.4305217882726928,24.33,920.09,84.99,1
Pea,Alluvial soils,63.2123421474168,1,6.25,30.08992185887418,2.1099619017340947,26.76,922.89,62.66,0
Jwar,Black soils,6.792207993494205,1,5.68,141.9426703662678,3.0373075279627453,27.77,912.6,85.2,0
Groundnut,Laterite soils,34.78961480849945,1,6.28,100.82047107807897,4.765268097487416,25.86,784.5,86.88,1
Jwar,Red and Yellow soils,14.921019331346107,0,6.28,199.58265014089395,3.3401633423800927,21.55,907.77,80.94,0
Rice,Alluvial soils,55.7182474465031,0,6.35,34.65834578689061,2.032096363927362,28.05,874.46,65.84,0
Millets,Laterite soils,11.564782214969178,1,6.56,120.43280013719917,3.7676132617091977,25.88,896.02,60.0,1
Groundnut,Black soils,77.0287821542821,1,6.18,28.30353013570137,1.0980962288868708,29.2,872.72,77.23,0
Mustard,Red and Yellow soils,47.35020570684794,1,6.75,14.979387934802954,2.7212244906205534,21.92,914.72,72.44,0
Maize,Alluvial soils,84.40064941289427,0,7.0,117.3407974676231,2.5830017311527627,28.56,808.73,90.0,0
summer paddy,Laterite soils,90.855464380136,0,5.65,88.93461010502237,2.2896711723008787,22.73,910.52,84.06,0
Kulthi,Black soils,39.49071677717886,0,6.09,60.39751234176016,3.8970756841866954,28.18,881.27,72.09,0
Millets,Black soils,6.907493912567169,0,6.64,84.40519823967013,2.862263975769026,27.56,841.6,82.68,0
Tiwra,Laterite soils,88.94512805109724,0,5.8,56.3932872429863,2.278022077517278,20.0,827.63,83.87,0
Masoor,Red and Yellow soils,79.30084242753477,1,6.7,11.043366165214929,1.7972285602299596,22.28,894.7,62.57,0
Jwar,Alluvial soils,8.770750022223734,1,5.7,115.99582439793596,2.540243063469655,22.88,843.04,89.53,1
Urd,Laterite soils,56.01656404336428,1,5.53,169.6786697669429,1.2509461554512062,27.8,863.29,78.56,1
Maize,Red and Yellow soils,83.97676737225935,0,5.82,174.8228236194111,1.95984723189331,23.72,846.61,85.15,0
summer paddy,Alluvial soils,92.14077589708448,0,5.56,37.26311684885115,2.4051624361938035,20.47,898.95,80.62,0
summer paddy,Black soils,99.14865361366142,0,6.35,134.30705078512983,1.949386589804747,22.32,839.19,60.0,0
Kulthi,Laterite soils,97.05327118037404,1,6.87,33.70437264492988,4.118308574057645,25.34,917.89,77.37,0
Maize,Red and Yellow soils,60.85170379581952,1,6.44,154.7840778557563,1.2002355013252552,23.25,830.99,75.24,1
Kulthi,Black soils,5.487798902751413,0,5.97,116.7863204842874,2.954194231161236,23.43,957.65,65.82,0
Soybean,Alluvial soils,1.0845160463029235,0,5.91,132.15140054930788,1.295639412046346,23.75,876.4,88.89,0
Pea,Red and Yellow soils,57.89621108388996,1,5.9,140.3534641806105,3.0806227397827857,27.02,807.37,86.36,1
Tiwra,Alluvial soils,7.949464529363647,1,6.89,26.11128283567805,0.5044061015460503,20.55,874.93,81.37,0
Groundnut,Alluvial soils,77.64734025846953,1,6.83,30.1290536211666,2.4437057909109408,22.96,812.53,66.87,0
Urd,Black soils,11.274410889490516,0,6.9,112.43829037819636,4.276394728505107,28.25,867.82,80.32,0
Pea,Red and Yellow soils,14.258821823399837,1,6.48,181.6323051076012,4.302368943900499,27.07,951.5,67.68,1
Soybean,Alluvial soils,1.0845160463029235,0,6.08,132.15140054930788,1.295639412046346,23.11,897.58,89.19,0
Pea,Black soils,94.11254095151456,0,6.73,74.32011188400841,3.278071802192412,22.96,920.35,84.24,0
Soybean,Black soils,47.0521959690072,0,6.73,89.55122834530016,0.8923742776619482,22.78,796.04,75.67,0
summer paddy,Laterite soils,80.66896941192711,0,6.4,54.11712191845815,3.2515109543711493,29.53,816.27,62.56,0
Groundnut,Laterite soils,34.78961480849945,1,6.3,100.82047107807897,4.765268097487416,25.01,824.72,86.36,1
Gram,Red and Yellow soils,19.447014158096326,0,6.74,144.3782799628782,2.1302329607260293,30.0,837.09,80.79,0
Jwar,Alluvial soils,33.52139305008494,1,6.15,170.24519022942422,1.7358279923002595,25.29,889.72,63.15,1
Tiwra,Black soils,94.76385180041332,0,6.61,110.7678118617717,0.8166051320582242,29.01,916.18,82.81,0
Masoor,Red and Yellow soils,90.46926764515013,1,5.96,39.5265414675269,4.552431153446992,24.33,969.4,73.72,0
Til,Red and Yellow soils,80.31440413281457,0,6.18,77.60609722671164,0.5869799739884878,26.23,922.35,68.38,0
summer paddy,Alluvial soils,62.00398399717235,0,6.61,38.761830651487706,4.14766925501463,22.34,851.25,80.58,0
Millets,Black soils,3.6021924614231,0,6.11,20.467091914049288,0.5161914575404415,25.49,890.85,79.22,0
Urd,Black soils,11.274410889490516,0,6.67,112.43829037819636,4.276394728505107,26.66,848.54,80.39,0
Soybean,Alluvial soils,73.18122507589274,0,5.96,84.15235572039454,4.546057014434088,25.68,917.02,88.38,0
Urd,Alluvial soils,37.78258122050927,1,5.55,46.08242628582618,2.6125853106729853,27.37,866.21,71.52,0
Gram,Alluvial soils,79.26862073639087,1,5.65,169.83024901214273,4.126874099803565,20.49,873.1,81.34,1
Millets,Black soils,3.6021924614231,0,6.17,20.467091914049288,0.5161914575404415,28.16,826.96,82.04,0
Pea,Alluvial soils,30.453837006264006,0,5.5,185.93651068955492,1.0198778892903464,28.51,971.14,73.6,0
Soybean,Laterite soils,82.5219028825696,1,6.15,120.98570933252736,1.84204637395397,21.8,897.86,86.62,1
Urd,Alluvial soils,3.862270503389171,0,6.67,55.87963143873647,4.218136005495886,20.89,774.33,89.09,0
Tiwra,Alluvial soils,57.12809708824221,1,6.75,197.0604365484146,3.9823961897083984,24.01,866.0,68.21,1
Pea,Laterite soils,23.804071407579336,1,6.26,131.24557260272172,3.669244395754899,27.37,930.3,82.08,1
Niger,Alluvial soils,30.9149550672235,0,7.0,25.390180382606133,4.890082443067278,21.46,785.38,81.12,0
Groundnut,Black soils,13.083322941050284,0,5.8,85.59418473765709,3.41430524157662,24.48,861.24,66.8,0
Gram,Black soils,43.903327920986655,1,6.83,153.1401018257682,2.190934023980345,26.34,822.64,83.87,1
Wheat,Alluvial soils,54.78604267673645,0,6.74,83.84981090417665,4.083958299034335,22.27,827.14,87.46,0
Tiwra,Black soils,51.6709483055929,0,6.79,135.42477390060515,3.1134728386348294,24.29,841.53,81.97,0
Gram,Black soils,33.36100018676664,1,6.09,77.38147579324998,4.486073743546642,26.71,893.74,67.82,1
Soybean,Red and Yellow soils,3.422005573134409,1,6.8,184.83881346960908,0.628547000211728,28.82,792.12,62.0,1
Kulthi,Alluvial soils,67.60628023713699,0,5.5,34.05724834084618,3.7087473186135087,28.93,875.16,60.0,0
Tiwra,Red and Yellow soils,16.381665237746383,1,6.34,84.8078611948209,1.039182547558261,26.0,838.12,76.34,0
Til,Alluvial soils,25.073589779047172,0,6.94,173.56684832753513,0.5153972218655465,26.78,926.93,69.63,0
Pea,Laterite soils,37.95291147089761,1,6.73,155.92154634208538,1.0961422182962492,23.57,777.17,86.22,1
Urd,Alluvial soils,37.78258122050927,1,5.81,46.08242628582618,2.6125853106729853,28.91,911.37,71.35,0
Pea,Laterite soils,13.913505998801302,1,5.79,198.6012534110168,2.571015400924413,26.48,986.52,63.69,1
Wheat,Alluvial soils,91.05415430835896,0,7.0,160.42512776637145,0.6999369117890404,20.55,766.84,88.73,0
Moong,Laterite soils,1.3350146708237651,0,5.78,27.21836674974315,4.5485522285277975,28.99,856.09,67.25,0
Jwar,Laterite soils,83.11521733640478,1,5.88,135.05875811788147,2.826652317689744,24.94,968.84,61.3,1
Mustard,Alluvial soils,5.985936900346184,1,5.5,55.23498004685733,0.9143669321101572,23.58,996.53,67.75,1
Moong,Black soils,68.47419592831014,1,5.92,62.139746561585554,1.7248326329770518,27.82,934.71,74.49,0
Pea,Red and Yellow soils,62.89562385255008,1,6.11,137.36228110423383,3.989132493505775,24.14,857.74,83.04,0
Jwar,Black soils,58.43929542154972,1,5.97,16.566631578535365,3.473426184998023,21.36,894.8,70.31,0
Mustard,Laterite soils,95.8059931058451,0,5.55,103.02761838487882,4.034661034793127,22.51,908.88,60.0,0
Moong,Laterite soils,75.26532755569725,1,6.1,43.65731320402202,3.3010974637817863,27.96,829.95,60.0,0
Moong,Laterite soils,75.26532755569725,1,5.69,43.65731320402202,3.3010974637817863,28.18,939.35,62.11,0
Gram,Alluvial soils,96.9050114005799,0,6.71,122.13502087504426,2.056511701070491,20.43,896.73,90.0,0
Jwar,Black soils,43.34241591110462,0,5.95,55.8071284120974,4.114829632169133,21.32,923.09,84.63,0
Niger,Black soils,56.17716140693022,1,6.9,42.88801275230651,2.992074792161899,25.61,868.45,68.54,0
Til,Laterite soils,79.80767833149267,1,6.16,195.1869784074493,4.9333156627866845,22.87,943.94,83.3,0
Mustard,Red and Yellow soils,67.90567177519311,0,6.94,184.57009859164535,2.8827361969169605,24.94,770.14,90.0,0
Groundnut,Alluvial soils,76.89512894880215,0,6.96,111.20094863538525,4.241037869145725,20.04,909.58,68.35,0
Groundnut,Laterite soils,34.78961480849945,1,6.42,100.82047107807897,4.765268097487416,25.98,884.89,88.36,1
Groundnut,Alluvial soils,36.793994091155895,0,6.25,191.11670343048607,4.024925591961438,27.09,905.74,87.35,0
Jwar,Black soils,87.71268641532818,0,6.39,15.698221174437968,2.9018118843038945,22.98,879.41,84.36,0
Rice,Laterite soils,83.79467762655149,0,6.66,33.31006222633755,2.783971589852677,22.69,786.0,85.26,0
Groundnut,Black soils,87.53054551977526,0,5.55,172.43490927868564,4.158548482629399,29.57,909.36,72.75,0
Moong,Laterite soils,47.72185492708941,0,7.0,108.96450143039937,2.7671496106270737,30.0,840.91,82.92,0
Tiwra,Laterite soils,46.4327359055748,0,6.3,65.38166189792891,1.8247075099447776,23.73,796.85,74.49,0
Wheat,Red and Yellow soils,19.63023274762661,0,5.8,132.24686057442185,4.182026033346189,27.58,921.27,69.15,0
Masoor,Alluvial soils,45.92043415033586,0,6.75,175.13241790304798,3.316894792035183,26.24,873.03,85.14,0
Rice,Alluvial soils,54.82894674818631,0,6.38,199.60504257664195,1.60459882847338,22.04,903.92,65.93,0
Rice,Red and Yellow soils,65.11829897838918,0,6.71,175.61385743537613,1.910934434431556,27.53,935.34,66.88,0
Millets,Laterite soils,69.8935704948745,0,6.7,32.32819760191878,3.248766454068652,27.87,764.67,87.83,0
Millets,Black soils,49.27248131847189,0,6.49,53.90095521876777,1.2019846474142255,20.81,887.06,79.06,0
Mustard,Laterite soils,71.43977713087003,0,5.73,192.4061665391249,2.318230840930169,22.38,872.42,80.58,0
Kulthi,Black soils,5.487798902751413,0,5.91,116.7863204842874,2.954194231161236,25.32,858.06,63.53,0
Pea,Laterite soils,86.12529571965065,1,5.74,65.74792040384469,1.4305217882726928,26.45,863.19,88.16,1
Tiwra,Red and Yellow soils,12.71408322731068,0,5.67,16.77495232897338,2.110155905799066,20.85,911.75,88.24,0
Kulthi,Red and Yellow soils,4.874093193902079,0,6.07,58.01984131719706,1.2796791167350348,20.31,882.56,81.27,0
Rice,Alluvial soils,49.78214071680444,0,6.63,54.89730595991944,1.04622923932641,22.4,897.64,72.77,0
Tiwra,Laterite soils,41.61828535466275,1,6.63,25.379723997991185,4.950763297623329,25.57,832.3,67.06,0
Masoor,Alluvial soils,45.92043415033586,0,7.0,175.13241790304798,3.316894792035183,26.08,911.66,83.06,0
Wheat,Alluvial soils,67.4018482677936,0,6.21,27.39069849597884,4.906744463762068,20.75,844.35,67.32,0
Kulthi,Alluvial soils,61.837349287810135,1,6.7,27.801636027771064,2.6701487722421016,27.63,925.09,80.18,0
Pea,Red and Yellow soils,45.88200025350533,0,6.57,166.4197314414131,0.7604645881312596,25.34,882.87,66.67,0
Groundnut,Laterite soils,81.6554741475988,1,7.0,86.15027954705378,1.14379756440237,25.23,791.27,76.76,1
Pea,Alluvial soils,63.2123421474168,1,6.0,30.08992185887418,2.1099619017340947,27.99,968.39,68.03,0
Millets,Laterite soils,57.962788657384245,1,6.47,176.98515468543576,1.3308049793192296,29.25,927.52,81.53,1
Rice,Alluvial soils,36.01014845087093,0,5.84,95.5705372998716,0.9837850209673618,20.49,969.33,73.83,0
Maize,Black soils,37.59082546376269,1,6.08,177.66269564708426,3.0725046924698143,23.5,906.24,77.92,0
Gram,Laterite soils,53.836448220478616,0,5.87,15.2236049976858,0.9405202056930708,23.39,955.52,61.64,0
Jwar,Red and Yellow soils,69.32300344575232,0,6.77,63.73200903681688,0.6010337902162692,28.14,863.12,87.62,0
Jwar,Alluvial soils,77.34890187462672,0,6.03,187.39893140589743,4.13407204546712,23.69,836.0,66.71,0
Pea,Laterite soils,13.913505998801302,1,6.15,198.6012534110168,2.571015400924413,24.03,852.62,61.77,1
Masoor,Red and Yellow soils,63.29267823677274,1,5.73,149.29521124251127,1.6236523171898996,21.37,848.61,60.77,1
Tiwra,Laterite soils,77.41000299816143,0,6.03,102.68567704073148,4.5790889615245725,21.48,916.74,65.23,0
Urd,Laterite soils,3.1424283074838835,1,5.73,78.7181102480801,3.652081641177272,28.29,854.48,90.0,1
Wheat,Black soils,27.701983404171347,1,6.9,165.79370043835235,0.8135175506595091,24.7,816.58,84.84,1
Millets,Alluvial soils,23.54097596703025,1,6.44,57.43568008837477,1.5978107189656572,24.89,814.34,88.38,1
Maize,Black soils,87.75885918969198,0,5.64,139.78469040599293,1.3665129133839682,27.76,846.44,88.94,0
Pea,Laterite soils,23.44233244018282,0,6.3,87.75414749046334,4.298467138068505,23.88,889.77,85.53,0
Jwar,Black soils,85.02489644764282,0,6.0,141.69070379804322,2.338065364164532,26.32,864.0,60.0,0
Moong,Red and Yellow soils,40.84306264961799,1,6.73,123.39168044535634,4.282926461335064,24.6,857.51,66.7,1
Til,Alluvial soils,85.22978983877745,1,5.5,14.770261505983694,1.7336147501948824,24.73,955.86,60.0,0
Mustard,Laterite soils,50.57716960311954,0,5.76,79.28921525200687,1.641631398260391,26.58,874.2,82.83,0
Jwar,Alluvial soils,8.770750022223734,1,5.9,115.99582439793596,2.540243063469655,23.72,895.17,85.94,1
Pea,Laterite soils,13.913505998801302,1,5.93,198.6012534110168,2.571015400924413,26.63,853.01,65.48,1
Masoor,Alluvial soils,88.17766186897569,0,5.5,13.862974164951854,3.4365674693025685,25.95,890.01,78.49,0
Maize,Black soils,37.59082546376269,1,6.21,177.66269564708426,3.0725046924698143,22.4,835.16,80.78,0
Soybean,Black soils,43.93909969768636,1,7.0,187.44094250103575,3.156684445310398,25.57,874.33,86.28,1
Millets,Red and Yellow soils,60.97944387000568,0,6.35,183.50464510721,2.1363469721664288,29.86,896.73,63.18,0
Groundnut,Alluvial soils,77.64734025846953,1,6.88,30.1290536211666,2.4437057909109408,23.32,782.14,67.71,0
Soybean,Black soils,76.5747447185727,0,5.95,55.80956789226062,1.6624085030446671,20.67,876.27,86.06,0
Rice,Alluvial soils,45.02207961303291,1,5.8,183.9060120825367,2.2666440011155182,26.54,950.91,90.0,1
Masoor,Red and Yellow soils,15.573043648692993,0,5.66,40.394151236744186,2.3537196802479925,26.24,860.24,69.63,0
Maize,Black soils,37.59082546376269,1,5.79,177.66269564708426,3.0725046924698143,22.27,881.6,74.76,0
Tiwra,Black soils,94.76385180041332,0,6.41,110.7678118617717,0.8166051320582242,27.86,821.09,82.7,0
Urd,Laterite soils,3.1424283074838835,1,5.93,78.7181102480801,3.652081641177272,27.13,888.68,87.8,1
Jwar,Black soils,13.99127022595174,1,6.42,96.4732462540386,1.8688803337971989,22.28,846.49,69.44,1
Tiwra,Red and Yellow soils,27.092825029366224,1,5.69,153.70269592651675,1.2125187749279782,28.38,961.51,64.22,1
Gram,Red and Yellow soils,34.74768672244927,1,6.71,33.58119022402276,1.9181663035284728,28.76,912.14,62.03,0
Jwar,Black soils,58.43929542154972,1,5.59,16.566631578535365,3.473426184998023,22.63,832.75,70.51,0
Niger,Laterite soils,14.75564765833209,1,5.67,43.53470873409088,3.958799053421168,28.28,902.64,85.11,0
Til,Laterite soils,60.02344822552675,0,6.6,196.68461063428768,1.6314438342398223,28.44,937.87,68.11,0
Soybean,Laterite soils,82.5219028825696,1,6.34,120.98570933252736,1.84204637395397,22.75,863.52,88.73,1
Mustard,Laterite soils,2.422650386748149,1,5.59,50.003662732995785,1.3339062519960363,29.69,995.1,61.06,1
Kulthi,Black soils,93.64418332139984,1,5.77,135.85787194702743,2.7374408939283854,30.0,848.81,86.38,1
Mustard,Laterite soils,2.422650386748149,1,5.5,50.003662732995785,1.3339062519960363,29.08,955.5,68.15,1
Pea,Black soils,52.66967119754954,1,5.96,193.05858625795943,1.4970629237169906,27.76,822.05,90.0,1
Niger,Red and Yellow soils,4.301026088036883,0,6.91,145.61804214220632,2.0812368730220943,22.29,888.71,68.02,0
Arhar,Alluvial soils,40.59763875962707,1,5.53,154.16751398387302,1.6967064291359415,25.51,839.95,74.37,1
summer paddy,Alluvial soils,49.74984625046088,1,6.67,177.06316827987376,3.0524203994909347,22.77,902.08,79.59,1
Urd,Laterite soils,4.197889378619497,0,6.74,90.0138398925223,4.669929373092929,30.0,893.32,80.3,0
Niger,Black soils,37.31419938079141,1,6.78,132.93729695324475,2.649581196463151,24.76,777.38,87.11,1
summer paddy,Black soils,8.760454270055591,0,5.51,159.97290035688565,2.4566092291501533,26.85,942.68,68.79,0
Groundnut,Laterite soils,65.31840295659302,0,6.73,141.36645020981774,4.393638773635823,24.45,829.08,86.34,0
Til,Black soils,29.59626120983151,0,6.37,26.91842836664658,2.7167595174345838,27.62,865.21,90.0,0
Millets,Laterite soils,48.74312011750155,0,5.89,120.33880048951929,2.4768589850115967,20.59,822.76,78.77,0
Groundnut,Alluvial soils,76.89512894880215,0,7.0,111.20094863538525,4.241037869145725,20.0,774.05,70.67,0
Kulthi,Laterite soils,6.566266666595126,1,6.98,182.44291675508293,2.3480193489739687,23.14,808.49,66.52,1
Pea,Red and Yellow soils,77.1904149781785,1,6.04,159.6942075375746,3.61915464017993,24.68,906.65,60.0,1
Kulthi,Alluvial soils,67.60628023713699,0,5.91,34.05724834084618,3.7087473186135087,28.6,902.4,61.93,0
Mustard,Laterite soils,3.375598634207229,0,6.74,155.35234889949072,4.286214413194463,23.5,899.35,63.7,0
Jwar,Alluvial soils,21.797420722217726,0,6.64,83.75345151111428,2.0437014769879367,27.48,921.3,90.0,0
Rice,Black soils,52.65669190477372,1,6.06,134.8384120738132,3.631008437924299,29.74,879.83,65.74,1
Pea,Black soils,52.66967119754954,1,5.83,193.05858625795943,1.4970629237169906,27.15,885.75,87.91,1
Tiwra,Red and Yellow soils,45.40305501460495,1,5.5,63.94801167122259,4.253171358306454,26.4,907.38,86.23,1
Maize,Black soils,87.75885918969198,0,5.78,139.78469040599293,1.3665129133839682,27.91,916.93,86.86,0
Tiwra,Alluvial soils,57.12809708824221,1,6.42,197.0604365484146,3.9823961897083984,22.74,948.3,71.27,1
Til,Laterite soils,79.80767833149267,1,5.84,195.1869784074493,4.9333156627866845,22.51,850.13,76.81,0
summer paddy,Laterite soils,34.066071163832795,1,6.36,149.23083239700463,4.611200027303879,27.41,806.49,76.17,1
Masoor,Alluvial soils,45.92043415033586,0,6.84,175.13241790304798,3.316894792035183,28.42,789.42,85.92,0
Mustard,Black soils,19.12922251866725,1,5.55,103.50209792378745,2.617585675899809,26.67,883.71,67.17,0
Soybean,Laterite soils,71.15073745457829,1,5.8,34.43015994612051,2.8276033668845826,26.51,881.76,74.01,0
Pea,Laterite soils,37.95291147089761,1,6.77,155.92154634208538,1.0961422182962492,22.75,773.67,80.38,1
Maize,Red and Yellow soils,69.73343459088427,0,5.87,159.39192951392974,3.210066085264966,25.28,915.47,74.17,0
Rice,Laterite soils,83.8775957011866,1,5.5,34.37576356945297,2.294909994831729,29.5,928.07,72.29,0
Moong,Black soils,68.47419592831014,1,6.23,62.139746561585554,1.7248326329770518,26.18,822.34,73.23,0
Arhar,Alluvial soils,91.85485510003234,0,6.25,76.53287840752338,1.2994679672213083,30.0,894.7,82.48,0
Gram,Alluvial soils,6.631856397258757,1,6.66,199.531133950268,4.800063599754694,21.05,788.03,86.21,0
Kulthi,Red and Yellow soils,71.95464735059075,0,6.51,143.26123077544585,2.2065192855643185,25.0,830.26,77.2,0
Millets,Laterite soils,43.23591197416306,1,6.89,119.119475832171,0.6911915449376529,26.93,880.47,70.49,1
summer paddy,Red and Yellow soils,1.3568197489404303,1,6.03,169.14624833347128,4.405057679473639,28.62,884.57,80.93,0
Jwar,Alluvial soils,8.770750022223734,1,6.01,115.99582439793596,2.540243063469655,23.05,942.35,90.0,1
Jwar,Red and Yellow soils,69.32300344575232,0,6.85,63.73200903681688,0.6010337902162692,26.5,885.17,88.19,0
Pea,Red and Yellow soils,32.745807896062146,1,5.89,26.481396356110054,4.152733501535543,25.24,806.76,89.29,0
Rice,Black soils,5.27909199036012,1,6.91,172.95426825777906,0.8633173028000611,20.0,917.49,61.17,1
Jwar,Alluvial soils,75.59152131396844,1,6.87,79.91476651727123,4.875495742078561,22.26,923.46,75.03,1
Maize,Red and Yellow soils,83.97676737225935,0,5.72,174.8228236194111,1.95984723189331,23.84,821.52,83.11,0
Masoor,Red and Yellow soils,84.52316916652465,1,6.1,136.06206737070266,3.720799011587236,25.78,877.84,74.99,1
Gram,Laterite soils,53.836448220478616,0,5.81,15.2236049976858,0.9405202056930708,24.27,899.47,60.0,0
Mustard,Alluvial soils,2.3002039972834387,0,6.96,145.61959193869544,2.519545815592032,23.75,792.86,74.83,0
Moong,Laterite soils,75.26532755569725,1,6.06,43.65731320402202,3.3010974637817863,28.96,945.0,66.27,0
Groundnut,Laterite soils,65.31840295659302,0,6.82,141.36645020981774,4.393638773635823,26.32,798.62,86.33,0
Masoor,Black soils,76.58104466203038,0,6.54,112.258823548082,0.8441663455221252,26.1,817.59,67.43,0
Arhar,Alluvial soils,91.85485510003234,0,5.92,76.53287840752338,1.2994679672213083,29.03,949.41,86.85,0
Kulthi,Black soils,93.64418332139984,1,5.5,135.85787194702743,2.7374408939283854,30.0,863.72,89.38,1
Til,Laterite soils,89.66061130236088,0,5.59,138.96491601693197,2.999699639608014,26.55,954.92,90.0,0
Mustard,Laterite soils,53.54515854139666,1,6.79,108.2514903397496,3.718948332542829,25.6,813.53,68.34,1
summer paddy,Red and Yellow soils,23.656969306526207,1,6.54,160.81222387384514,2.887401159556615,30.0,801.2,64.93,1
summer paddy,Red and Yellow soils,23.656969306526207,1,6.84,160.81222387384514,2.887401159556615,29.75,830.47,63.2,1
Wheat,Red and Yellow soils,19.63023274762661,0,6.08,132.24686057442185,4.182026033346189,26.82,852.2,62.71,0
summer paddy,Laterite soils,80.66896941192711,0,6.6,54.11712191845815,3.2515109543711493,28.22,848.09,60.0,0
Til,Laterite soils,79.80767833149267,1,6.12,195.1869784074493,4.9333156627866845,22.01,811.6,84.14,0
Maize,Black soils,73.32267007953085,0,5.78,47.49317757286676,0.6835265598024884,24.16,899.0,68.39,0
summer paddy,Black soils,8.760454270055591,0,5.85,159.97290035688565,2.4566092291501533,26.6,844.76,67.52,0
Kulthi,Alluvial soils,54.81048353532652,1,6.12,24.193410570245213,4.594332152474536,26.19,939.79,64.44,0
Urd,Red and Yellow soils,80.12909695909734,0,6.95,70.99504826835619,4.201089365152599,27.98,892.48,80.22,0
Til,Black soils,72.8747310808644,1,6.89,23.94593504567197,0.5056538319244093,21.22,852.2,84.47,0
Millets,Alluvial soils,23.54097596703025,1,6.81,57.43568008837477,1.5978107189656572,24.7,845.46,85.36,1
Gram,Black soils,60.6590114165344,0,5.5,89.25746879492321,4.041605590451173,24.5,968.56,88.34,0
Maize,Laterite soils,80.06913248485557,0,6.35,60.5239790933438,1.7659599285259715,28.29,827.1,67.2,0
Arhar,Black soils,58.272667448535096,0,5.81,146.75311324207283,0.571651324312384,21.42,949.86,69.15,0
Urd,Alluvial soils,37.78258122050927,1,5.99,46.08242628582618,2.6125853106729853,27.36,853.02,72.6,0
Masoor,Alluvial soils,45.92043415033586,0,6.76,175.13241790304798,3.316894792035183,27.23,799.67,83.68,0
Tiwra,Black soils,51.6709483055929,0,6.72,135.42477390060515,3.1134728386348294,23.07,891.23,86.16,0
Soybean,Black soils,47.0521959690072,0,6.69,89.55122834530016,0.8923742776619482,23.26,909.11,75.67,0
Millets,Alluvial soils,43.70916466330876,1,5.94,39.41587779577248,2.043259526678144,26.76,878.78,90.0,0
Soybean,Laterite soils,71.15073745457829,1,5.61,34.43015994612051,2.8276033668845826,28.59,913.88,70.12,0
Niger,Black soils,2.645006445988896,0,6.05,149.7523142684901,3.7486793601665775,26.03,835.37,75.04,0
Tiwra,Alluvial soils,57.12809708824221,1,6.73,197.0604365484146,3.9823961897083984,23.57,852.83,67.4,1
Til,Laterite soils,79.9474430875547,1,5.83,173.28889307383915,3.202864513601942,20.56,841.26,60.48,1
summer paddy,Alluvial soils,62.00398399717235,0,6.86,38.761830651487706,4.14766925501463,23.59,801.18,74.56,0
Tiwra,Red and Yellow soils,27.092825029366224,1,5.76,153.70269592651675,1.2125187749279782,27.02,845.01,64.94,1
Masoor,Black soils,35.88229477097293,0,6.8,78.05785247904603,3.7076108701053294,26.81,885.67,65.23,0
Mustard,Red and Yellow soils,63.63832068665308,0,6.54,88.53373490142508,1.9370490801246305,28.44,890.43,72.19,0
Soybean,Alluvial soils,45.929950244441066,1,6.69,146.06295145488895,4.868631700892124,26.1,856.29,78.4,0
summer paddy,Laterite soils,90.855464380136,0,5.5,88.93461010502237,2.2896711723008787,23.76,938.09,84.82,0
Soybean,Laterite soils,50.60103662954688,0,5.8,171.12574873717588,2.589034966808882,21.31,911.48,76.89,0
Soybean,Red and Yellow soils,8.583758015057295,1,6.93,20.154563205107696,4.90903272481961,20.0,771.0,89.98,0
Kulthi,Black soils,19.94313150748539,1,6.96,97.58946583215312,2.988773303025213,21.79,825.59,82.19,1
Gram,Laterite soils,94.10126247062009,0,5.79,72.58126430651672,2.1511369511760727,24.56,975.71,60.0,0
Soybean,Black soils,80.18699184832587,1,6.24,66.79895680678409,2.870925046781913,28.15,796.12,79.27,1
Kulthi,Laterite soils,67.55487925578505,0,7.0,79.33838476518439,4.877362795825739,27.27,765.69,90.0,0
Moong,Alluvial soils,74.91849185092191,1,6.51,35.66011307470839,3.274662483685392,20.0,777.65,90.0,0
Gram,Black soils,43.903327920986655,1,6.84,153.1401018257682,2.190934023980345,25.6,813.84,79.72,1
Tiwra,Laterite soils,60.57467976893646,1,6.14,164.37331614576615,2.163674478018338,24.86,872.94,66.61,0
Moong,Red and Yellow soils,6.70159104623501,0,6.41,154.37849353994258,1.4738508434764648,20.0,869.91,60.17,0
Pea,Red and Yellow soils,77.1904149781785,1,6.27,159.6942075375746,3.61915464017993,24.57,822.14,65.01,1
Gram,Alluvial soils,92.8493387422751,1,6.62,64.25799140275164,4.914860850641632,29.05,805.33,72.74,1
Rice,Black soils,51.78490534951984,1,5.5,159.67777079366866,3.8935916410771423,20.0,863.71,73.12,1
Groundnut,Laterite soils,73.65874563961616,0,6.08,22.36466943541153,2.773808931043931,24.24,953.3,62.74,0
Maize,Laterite soils,80.06913248485557,0,6.54,60.5239790933438,1.7659599285259715,28.12,916.59,68.18,0
Kulthi,Red and Yellow soils,71.95464735059075,0,6.72,143.26123077544585,2.2065192855643185,26.08,884.63,83.01,0
Til,Alluvial soils,48.12232243119416,1,5.91,159.19400511003866,4.48088955820164,20.5,849.68,77.27,1
Gram,Laterite soils,94.10126247062009,0,5.86,72.58126430651672,2.1511369511760727,24.38,866.02,60.0,0
Pea,Red and Yellow soils,43.446323388532846,0,6.72,141.32630646402174,3.2583353976805944,27.39,811.26,63.98,0
Rice,Laterite soils,83.8775957011866,1,5.5,34.37576356945297,2.294909994831729,28.36,962.22,71.71,0
Jwar,Laterite soils,51.52716525625736,0,5.73,117.26931971045472,4.763386070226863,24.83,853.65,60.0,0
Jwar,Alluvial soils,3.1422931695712104,0,5.5,124.9568629244877,1.2982647039962512,28.56,860.64,76.68,0
Kulthi,Laterite soils,20.90726535219855,0,6.96,98.52331092318568,2.606152200854422,24.33,794.92,79.54,0
Pea,Red and Yellow soils,14.258821823399837,1,6.59,181.6323051076012,4.302368943900499,27.38,921.13,62.56,1
Kulthi,Laterite soils,6.566266666595126,1,6.97,182.44291675508293,2.3480193489739687,25.1,828.77,67.01,1
Maize,Alluvial soils,34.904783067347054,0,6.71,17.703829613210928,0.5905315307981513,26.14,848.81,87.1,0
Maize,Laterite soils,59.61861413363324,1,5.75,135.50678958732516,2.9379073788004195,24.14,856.19,79.75,1
Groundnut,Red and Yellow soils,38.75737864428302,0,6.72,87.85159170492055,4.987331613193882,28.26,945.39,60.02,0
Rice,Black soils,51.78490534951984,1,5.73,159.67777079366866,3.8935916410771423,21.36,833.66,79.35,1
Pea,Laterite soils,86.12529571965065,1,5.77,65.74792040384469,1.4305217882726928,24.36,865.28,90.0,1
Gram,Black soils,7.538508193294686,1,6.75,22.895319575658647,0.7515476161379425,22.64,894.47,86.74,0
Masoor,Red and Yellow soils,79.30084242753477,1,6.78,11.043366165214929,1.7972285602299596,21.19,924.47,60.02,0
Soybean,Black soils,80.18699184832587,1,6.14,66.79895680678409,2.870925046781913,29.79,809.76,81.31,1
Soybean,Alluvial soils,73.18122507589274,0,5.79,84.15235572039454,4.546057014434088,23.71,956.21,86.21,0
Soybean,Black soils,47.0521959690072,0,6.54,89.55122834530016,0.8923742776619482,23.09,893.54,78.21,0
Masoor,Red and Yellow soils,15.573043648692993,0,5.59,40.394151236744186,2.3537196802479925,26.63,910.9,70.48,0
Til,Red and Yellow soils,80.31440413281457,0,5.87,77.60609722671164,0.5869799739884878,26.93,869.62,65.61,0
Gram,Alluvial soils,96.98944330900548,0,6.7,18.44939670465994,1.562279272549458,22.17,862.95,74.94,0
Moong,Laterite soils,66.7431644007017,1,6.41,36.37326995857885,1.941595947520944,22.2,835.83,73.9,0
Til,Laterite soils,79.9474430875547,1,5.65,173.28889307383915,3.202864513601942,21.7,932.95,63.17,1
Niger,Red and Yellow soils,4.301026088036883,0,6.56,145.61804214220632,2.0812368730220943,21.76,879.18,69.18,0
Kulthi,Laterite soils,31.16493766854265,0,6.72,37.76578110224007,3.3810076514253757,22.68,841.08,64.25,0
Masoor,Alluvial soils,45.92043415033586,0,6.79,175.13241790304798,3.316894792035183,27.84,856.56,85.62,0
Groundnut,Black soils,77.0287821542821,1,6.31,28.30353013570137,1.0980962288868708,30.0,786.74,82.8,0
Arhar,Alluvial soils,84.94829653763078,0,6.75,148.30405234987228,2.085751113035552,25.11,786.17,75.79,0
Til,Alluvial soils,95.1984444835079,0,6.01,142.64313814170387,3.0749607676792494,28.8,908.23,89.8,0
Tiwra,Alluvial soils,57.12809708824221,1,6.47,197.0604365484146,3.9823961897083984,25.08,889.29,67.5,1
Gram,Red and Yellow soils,53.08813320922549,1,6.46,28.808142321819524,3.1415169004795302,27.79,870.13,60.0,0
Mustard,Black soils,19.12922251866725,1,5.61,103.50209792378745,2.617585675899809,27.92,902.05,64.52,0
Mustard,Laterite soils,50.57716960311954,0,6.14,79.28921525200687,1.641631398260391,26.48,846.33,85.42,0
Moong,Laterite soils,15.751845797753464,1,6.55,116.91939141246866,1.6379793852651496,20.63,928.31,60.71,1
Gram,Laterite soils,25.539681660071125,1,6.56,24.59636681009846,2.769413193485069,20.93,806.03,73.2,0
Mustard,Black soils,83.04704930059059,1,7.0,164.2968639673771,3.2910142681176096,22.59,776.1,90.0,1
Jwar,Red and Yellow soils,81.05182096520964,1,5.5,198.10884266676885,4.3258916692421066,23.57,912.8,73.4,1
Niger,Alluvial soils,40.72168891707997,1,6.42,64.74785133657514,2.41594149570782,25.2,906.97,70.73,1
Soybean,Red and Yellow soils,79.46057483174057,0,6.4,150.462155599481,3.444350816677973,21.71,890.18,88.49,0
Tiwra,Alluvial soils,42.73461385557504,1,6.76,46.60885970748865,2.3240919163041704,26.85,806.25,74.11,0
Gram,Alluvial soils,40.02287500376711,1,6.91,152.92792867079348,3.896782705565548,24.94,844.65,64.11,1
Millets,Black soils,8.545620951059774,1,6.58,161.95956637121765,4.866411463972916,29.31,819.49,84.27,1
Til,Laterite soils,82.11526872345533,0,6.26,179.22366038694898,3.004640999287888,24.95,879.51,65.11,0
Maize,Red and Yellow soils,69.73343459088427,0,5.63,159.39192951392974,3.210066085264966,25.88,973.47,72.6,0
Masoor,Red and Yellow soils,84.52316916652465,1,6.0,136.06206737070266,3.720799011587236,25.69,824.61,78.1,1
Millets,Red and Yellow soils,70.98318926589636,1,6.8,74.80825570491946,3.7312992983988873,27.08,789.26,64.19,1
Gram,Black soils,48.6773164556799,1,5.5,69.28313557959125,2.0201114088284804,22.42,891.64,83.23,1
Maize,Black soils,19.410359181755048,0,5.81,167.23117270851932,4.392858700280796,25.47,871.69,65.3,0
Til,Red and Yellow soils,85.94972915026943,1,5.66,124.22027903539907,4.9855581453472375,21.35,828.24,83.52,1
Mustard,Laterite soils,74.33462632790453,0,7.0,23.998040737995492,3.3383635311434943,30.0,833.28,78.23,0
Gram,Black soils,43.903327920986655,1,7.0,153.1401018257682,2.190934023980345,27.4,861.6,78.75,1
Kulthi,Red and Yellow soils,77.23112760032592,0,6.96,189.48722932169497,0.7063293420201492,22.9,806.88,76.7,0
summer paddy,Alluvial soils,62.00398399717235,0,6.66,38.761830651487706,4.14766925501463,23.15,804.42,78.84,0
summer paddy,Black soils,99.14865361366142,0,6.43,134.30705078512983,1.949386589804747,24.21,855.53,64.0,0
Til,Alluvial soils,95.1984444835079,0,6.38,142.64313814170387,3.0749607676792494,27.54,871.61,86.87,0
Moong,Black soils,75.01023382812153,1,6.88,27.654315800797047,2.046099335099027,28.53,903.49,61.87,0
Rice,Black soils,52.65669190477372,1,6.32,134.8384120738132,3.631008437924299,29.46,901.49,66.71,1
Pea,Alluvial soils,16.94988061339748,1,6.85,184.5564527018232,4.554417666294789,24.4,844.02,61.92,1
Groundnut,Alluvial soils,7.595586649378683,1,7.0,32.52112578042177,2.090866635406147,20.73,800.09,60.0,0
Tiwra,Black soils,97.158326515426,0,5.74,132.63690929018293,0.9977835566720724,22.32,955.83,74.12,0
Moong,Laterite soils,15.751845797753464,1,6.51,116.91939141246866,1.6379793852651496,20.15,868.73,61.09,1
Millets,Laterite soils,19.45015786212121,1,6.65,27.201414090139878,0.6815101265907944,21.48,830.13,77.0,0
Kulthi,Alluvial soils,95.13326238868204,1,6.68,125.509145492839,4.864218401260991,24.83,815.58,60.78,1
Masoor,Red and Yellow soils,79.30084242753477,1,6.96,11.043366165214929,1.7972285602299596,23.36,893.21,63.17,0
Rice,Alluvial soils,45.02207961303291,1,6.05,183.9060120825367,2.2666440011155182,28.59,930.55,89.38,1
Niger,Alluvial soils,40.72168891707997,1,6.29,64.74785133657514,2.41594149570782,23.61,851.26,72.01,1
Millets,Black soils,51.93747983054598,1,5.84,147.6076818611602,3.4815759318038104,22.85,828.26,88.88,1
Wheat,Alluvial soils,67.4018482677936,0,5.89,27.39069849597884,4.906744463762068,21.79,912.64,62.95,0
Til,Red and Yellow soils,80.31440413281457,0,5.91,77.60609722671164,0.5869799739884878,26.33,897.4,62.57,0
Urd,Alluvial soils,18.245949358971803,1,6.46,144.86143436361849,4.22251584341133,25.81,810.71,70.2,1
Jwar,Red and Yellow soils,61.33138378263416,0,6.46,131.90345014994583,3.0456960700275504,21.47,895.41,80.65,0
Maize,Black soils,19.410359181755048,0,5.5,167.23117270851932,4.392858700280796,25.63,942.73,65.24,0
Jwar,Black soils,13.99127022595174,1,6.48,96.4732462540386,1.8688803337971989,23.84,925.34,70.03,1
Tiwra,Alluvial soils,57.12809708824221,1,6.85,197.0604365484146,3.9823961897083984,24.94,908.69,70.37,1
Til,Black soils,85.01927690614711,0,6.61,142.2143460301832,3.3364185717505808,21.66,825.9,77.19,0
Maize,Black soils,65.32355202698167,0,5.5,153.432927891906,1.8221311119500412,21.71,877.9,68.96,0
Wheat,Alluvial soils,91.05415430835896,0,6.97,160.42512776637145,0.6999369117890404,22.13,760.93,83.12,0
Til,Black soils,85.01927690614711,0,6.52,142.2143460301832,3.3364185717505808,20.0,788.36,75.49,0
Masoor,Red and Yellow soils,34.865602801136006,1,5.93,74.53290343716962,0.976484678989204,20.77,887.75,67.52,1
Til,Red and Yellow soils,83.59129485493202,0,6.33,36.09993908037054,0.925693566787786,24.33,930.14,66.1,0
Moong,Red and Yellow soils,9.326065442028998,0,7.0,172.44853243892462,3.156078875040973,24.22,779.14,71.64,0
Millets,Laterite soils,19.45015786212121,1,6.58,27.201414090139878,0.6815101265907944,22.5,930.78,84.5,0
Kulthi,Alluvial soils,17.77720417995551,1,6.8,186.6233951811228,2.9967585527538096,20.0,895.34,62.62,1
Jwar,Red and Yellow soils,61.33138378263416,0,6.45,131.90345014994583,3.0456960700275504,22.15,829.29,78.8,0
Millets,Red and Yellow soils,17.122970872144943,1,6.31,60.7652239322664,2.3761285663683043,25.73,837.9,68.84,1
Til,Laterite soils,72.63236990744744,0,5.96,91.21425103639508,0.6719788045907025,27.51,841.31,67.85,0
Millets,Black soils,85.5878730724342,1,6.12,61.37039983559247,3.7262686183632985,26.41,870.08,72.31,0
Moong,Alluvial soils,40.61480583667867,1,6.03,166.39544242161517,4.281051864970563,28.33,831.65,60.0,1
Gram,Alluvial soils,44.36061613463463,1,5.54,51.92836348552057,1.185780320544819,21.9,847.52,71.76,1
Maize,Black soils,38.61061367320439,0,6.14,170.31722106664762,0.5080767595702489,24.69,816.93,64.17,0
Maize,Red and Yellow soils,75.04133314858224,0,5.57,126.6451520573656,2.7235491072147164,24.48,948.59,60.79,0
Pea,Red and Yellow soils,45.88200025350533,0,6.73,166.4197314414131,0.7604645881312596,26.76,801.78,65.88,0
Wheat,Red and Yellow soils,44.32758410771781,0,6.91,147.39729054115696,3.125924867676585,25.38,840.84,66.14,0
Mustard,Laterite soils,50.57716960311954,0,6.16,79.28921525200687,1.641631398260391,26.93,949.96,81.17,0
Pea,Alluvial soils,30.453837006264006,0,5.64,185.93651068955492,1.0198778892903464,28.86,965.74,71.99,0
Gram,Black soils,60.6590114165344,0,5.7,89.25746879492321,4.041605590451173,25.29,925.57,81.39,0
Til,Red and Yellow soils,63.93819639548853,1,6.08,86.5501462725284,0.8314949690878561,27.82,838.97,67.37,1
Millets,Laterite soils,19.45015786212121,1,6.6,27.201414090139878,0.6815101265907944,23.52,905.46,76.77,0
Jwar,Laterite soils,85.67941919967865,1,5.56,155.92944761114924,4.804050202111057,29.32,882.7,61.31,1
Gram,Red and Yellow soils,53.08813320922549,1,6.55,28.808142321819524,3.1415169004795302,25.4,901.09,63.95,0
Jwar,Red and Yellow soils,28.76255629578411,1,5.97,177.41725250309972,0.8627567390016935,24.84,922.73,68.17,1
Millets,Alluvial soils,11.562316984377864,1,5.74,36.32941582572472,4.6043699786807775,25.15,841.55,70.03,0
Kulthi,Alluvial soils,17.77720417995551,1,6.77,186.6233951811228,2.9967585527538096,21.14,787.34,67.91,1
Niger,Black soils,41.79287336304921,0,6.82,54.696853754845804,1.7969102556076575,24.14,783.47,74.61,0
Rice,Laterite soils,36.067847125393314,1,5.71,45.080516013725855,3.846756333323527,20.75,844.33,64.73,0
Mustard,Alluvial soils,29.138359213116704,0,6.38,163.4305505984715,3.5913293882148416,26.03,816.1,62.92,0
Til,Alluvial soils,85.22978983877745,1,5.55,14.770261505983694,1.7336147501948824,25.6,910.23,66.32,0
Tiwra,Red and Yellow soils,45.40305501460495,1,5.5,63.94801167122259,4.253171358306454,27.72,966.27,82.79,1
Wheat,Alluvial soils,54.78604267673645,0,6.6,83.84981090417665,4.083958299034335,21.05,768.67,89.5,0
Kulthi,Black soils,5.487798902751413,0,5.96,116.7863204842874,2.954194231161236,23.49,908.22,66.56,0
Til,Red and Yellow soils,63.93819639548853,1,6.13,86.5501462725284,0.8314949690878561,28.73,945.16,70.08,1
Mustard,Red and Yellow soils,63.63832068665308,0,6.61,88.53373490142508,1.9370490801246305,28.83,794.44,68.62,0
Niger,Black soils,41.79287336304921,0,6.74,54.696853754845804,1.7969102556076575,24.18,871.29,71.43,0
Masoor,Alluvial soils,45.62108056768259,0,6.71,174.13879435365195,4.357303858339503,26.0,800.04,64.69,0
Gram,Black soils,18.54638357946299,1,5.86,34.31846563723244,1.5054079551932045,24.06,916.05,71.71,0
Pea,Laterite soils,86.12529571965065,1,5.73,65.74792040384469,1.4305217882726928,26.15,831.43,90.0,1
Pea,Red and Yellow soils,43.446323388532846,0,6.71,141.32630646402174,3.2583353976805944,28.33,904.4,63.95,0
Tiwra,Laterite soils,88.94512805109724,0,5.56,56.3932872429863,2.278022077517278,21.14,908.44,85.38,0
Pea,Red and Yellow soils,45.88200025350533,0,6.55,166.4197314414131,0.7604645881312596,24.83,865.76,65.96,0
Kulthi,Laterite soils,67.55487925578505,0,7.0,79.33838476518439,4.877362795825739,28.28,824.95,89.96,0
Rice,Red and Yellow soils,62.88030372406628,0,6.24,69.50062910462015,4.898555948589926,26.28,801.82,71.33,0
Urd,Alluvial soils,61.5620526784047,1,5.73,104.44263990041502,2.5721342995786207,20.81,904.94,88.62,1
summer paddy,Alluvial soils,49.74984625046088,1,6.95,177.06316827987376,3.0524203994909347,21.77,825.7,78.85,1
Maize,Red and Yellow soils,69.73343459088427,0,5.82,159.39192951392974,3.210066085264966,24.81,955.05,76.77,0
Moong,Red and Yellow soils,6.70159104623501,0,6.48,154.37849353994258,1.4738508434764648,20.0,806.89,60.0,0
Masoor,Alluvial soils,17.051062582241848,1,6.55,158.50864420956958,2.1741170604411213,22.93,851.92,80.43,1
Millets,Black soils,15.194191435755716,1,6.07,139.19187074455024,2.3495259339216563,29.99,947.93,75.28,1
Masoor,Red and Yellow soils,90.46926764515013,1,6.09,39.5265414675269,4.552431153446992,27.03,870.46,78.39,0
Masoor,Alluvial soils,45.62108056768259,0,6.63,174.13879435365195,4.357303858339503,25.57,905.75,60.67,0
Gram,Black soils,48.6773164556799,1,5.71,69.28313557959125,2.0201114088284804,23.55,823.55,80.46,1
Gram,Red and Yellow soils,53.08813320922549,1,6.69,28.808142321819524,3.1415169004795302,25.58,801.32,60.0,0
Tiwra,Laterite soils,46.4327359055748,0,6.43,65.38166189792891,1.8247075099447776,25.04,840.88,78.95,0
Tiwra,Red and Yellow soils,49.47275930960727,1,6.57,64.97986652212177,4.40748983958334,24.58,884.03,90.0,0
Gram,Alluvial soils,92.8493387422751,1,6.64,64.25799140275164,4.914860850641632,28.32,840.99,75.66,1
Mustard,Red and Yellow soils,47.35020570684794,1,6.84,14.979387934802954,2.7212244906205534,23.71,813.0,75.16,0
Arhar,Alluvial soils,39.45787077617061,1,6.26,191.36893057921523,4.646728325885565,20.11,894.19,67.12,0
Til,Red and Yellow soils,83.59129485493202,0,6.72,36.09993908037054,0.925693566787786,22.46,794.82,69.08,0
Jwar,Red and Yellow soils,28.76255629578411,1,5.95,177.41725250309972,0.8627567390016935,25.28,967.61,71.09,1
summer paddy,Laterite soils,34.066071163832795,1,6.51,149.23083239700463,4.611200027303879,28.07,881.95,79.76,1
Moong,Alluvial soils,30.47426495779317,1,5.89,79.66928665808871,2.6924502123480902,22.48,928.37,75.81,1
Groundnut,Red and Yellow soils,44.10436539094836,0,5.78,191.6079760172045,1.0565774612663703,23.51,869.01,72.01,0
Gram,Red and Yellow soils,34.74768672244927,1,6.78,33.58119022402276,1.9181663035284728,28.96,876.22,69.14,0
Pea,Laterite soils,37.95291147089761,1,6.32,155.92154634208538,1.0961422182962492,24.05,822.24,82.26,1
Soybean,Alluvial soils,1.0845160463029235,0,6.16,132.15140054930788,1.295639412046346,24.37,842.16,87.54,0
Tiwra,Black soils,97.158326515426,0,5.6,132.63690929018293,0.9977835566720724,21.14,840.21,75.71,0
Soybean,Alluvial soils,1.0845160463029235,0,5.91,132.15140054930788,1.295639412046346,22.95,813.36,82.89,0
Soybean,Red and Yellow soils,64.9013741262986,0,5.97,175.0559582444221,3.45476106865228,24.38,820.1,76.45,0
Jwar,Red and Yellow soils,28.76255629578411,1,6.01,177.41725250309972,0.8627567390016935,26.26,872.68,69.1,1
Niger,Black soils,56.17716140693022,1,6.81,42.88801275230651,2.992074792161899,25.25,799.29,70.03,0
Moong,Laterite soils,44.60788148262814,1,5.74,83.79284451275134,2.217174315777015,24.28,828.66,66.06,1
Groundnut,Red and Yellow soils,96.74499664722,1,5.92,178.92269764733769,2.42511046193267,28.99,893.79,81.51,1
Pea,Black soils,35.50207418332751,0,5.77,155.1924950643728,4.558757044762429,26.42,828.91,73.76,0
Moong,Alluvial soils,30.47426495779317,1,5.88,79.66928665808871,2.6924502123480902,24.31,817.73,76.73,1
Kulthi,Laterite soils,1.9575813458450015,0,6.41,135.07179394615684,2.663615249026792,22.76,848.93,78.39,0
Soybean,Black soils,47.0521959690072,0,6.78,89.55122834530016,0.8923742776619482,22.9,865.81,75.6,0
Pea,Red and Yellow soils,57.89621108388996,1,5.95,140.3534641806105,3.0806227397827857,28.7,833.5,81.62,1
Masoor,Black soils,35.88229477097293,0,6.95,78.05785247904603,3.7076108701053294,26.09,783.02,61.71,0
Pea,Black soils,60.61327630651897,1,6.32,71.88729840163472,3.3834428136844004,25.99,857.01,65.21,1
summer paddy,Red and Yellow soils,73.54687524942415,0,5.5,142.93725689571534,4.918276974920083,23.96,987.47,71.76,0
Jwar,Laterite soils,92.81866674409925,1,6.17,159.32913111736443,4.144766898974626,22.14,901.63,79.73,0
Jwar,Red and Yellow soils,69.32300344575232,0,7.0,63.73200903681688,0.6010337902162692,28.25,901.79,82.85,0
Masoor,Black soils,76.58104466203038,0,6.59,112.258823548082,0.8441663455221252,26.5,911.17,70.16,0
Gram,Black soils,43.903327920986655,1,6.84,153.1401018257682,2.190934023980345,26.15,832.39,81.87,1
Pea,Red and Yellow soils,14.258821823399837,1,6.23,181.6323051076012,4.302368943900499,25.95,917.97,69.08,1
Gram,Alluvial soils,11.03940647751555,0,6.86,53.34742166871745,2.74635152842651,26.83,905.57,70.79,0
Pea,Red and Yellow soils,21.55979018755156,0,6.61,77.78609298703317,3.689048046868987,23.39,797.85,67.34,0
Pea,Alluvial soils,16.94988061339748,1,7.0,184.5564527018232,4.554417666294789,24.57,930.13,64.94,1
Gram,Red and Yellow soils,14.573215619358535,1,5.5,57.09839965697187,3.9514705976890343,27.83,873.69,87.58,0
Groundnut,Alluvial soils,77.64734025846953,1,6.87,30.1290536211666,2.4437057909109408,23.31,796.87,61.57,0
Mustard,Red and Yellow soils,47.35020570684794,1,6.58,14.979387934802954,2.7212244906205534,24.55,827.94,78.22,0
Moong,Black soils,68.47419592831014,1,5.87,62.139746561585554,1.7248326329770518,27.13,930.61,71.28,0
Jwar,Alluvial soils,89.71217350262663,0,6.61,25.10256180019756,4.094914179917966,24.33,828.06,68.99,0
Tiwra,Alluvial soils,49.96403886906193,0,6.81,129.23233750459332,1.024483141899196,26.87,858.4,68.79,0
Soybean,Laterite soils,13.10812731307866,1,5.85,178.12965587280345,2.260207718353315,29.18,844.91,77.96,1
Millets,Black soils,15.194191435755716,1,6.21,139.19187074455024,2.3495259339216563,30.0,818.71,73.63,1
Niger,Alluvial soils,30.9149550672235,0,6.79,25.390180382606133,4.890082443067278,22.48,874.45,80.42,0
Jwar,Laterite soils,92.81866674409925,1,6.2,159.32913111736443,4.144766898974626,21.02,878.99,75.57,0
Moong,Laterite soils,75.26532755569725,1,5.81,43.65731320402202,3.3010974637817863,29.46,936.77,64.97,0
Tiwra,Black soils,97.158326515426,0,5.5,132.63690929018293,0.9977835566720724,21.67,878.24,75.19,0
Niger,Red and Yellow soils,30.05926746262701,0,5.96,171.41131547239257,3.621531844526511,29.02,927.02,61.8,0
Pea,Alluvial soils,30.453837006264006,0,5.82,185.93651068955492,1.0198778892903464,30.0,925.79,73.23,0
Pea,Laterite soils,86.12529571965065,1,5.84,65.74792040384469,1.4305217882726928,26.14,866.08,90.0,1
Wheat,Alluvial soils,91.05415430835896,0,6.78,160.42512776637145,0.6999369117890404,22.41,839.77,84.71,0
Moong,Black soils,68.47419592831014,1,6.24,62.139746561585554,1.7248326329770518,27.15,873.18,71.61,0
Kulthi,Black soils,5.487798902751413,0,5.66,116.7863204842874,2.954194231161236,23.7,932.67,60.16,0
Niger,Laterite soils,58.342897767539576,0,6.11,30.396351069572987,0.6188329381507388,23.52,891.03,89.98,0
Til,Alluvial soils,74.9101007065359,0,6.46,139.00895124661432,4.160729142666699,24.19,905.73,84.1,0
Soybean,Red and Yellow soils,64.9013741262986,0,5.97,175.0559582444221,3.45476106865228,23.25,840.37,75.18,0
Jwar,Red and Yellow soils,54.09861316205604,1,5.5,43.55196900142567,2.5235327567755976,27.29,877.39,68.97,0
Maize,Red and Yellow soils,69.73343459088427,0,5.68,159.39192951392974,3.210066085264966,24.95,825.52,78.31,0
Millets,Laterite soils,43.23591197416306,1,7.0,119.119475832171,0.6911915449376529,26.14,890.17,68.4,1
Soybean,Black soils,80.18699184832587,1,6.44,66.79895680678409,2.870925046781913,29.87,886.5,83.59,1
Arhar,Black soils,58.272667448535096,0,5.89,146.75311324207283,0.571651324312384,20.0,824.54,69.12,0
Arhar,Alluvial soils,84.94829653763078,0,6.52,148.30405234987228,2.085751113035552,24.13,892.75,78.74,0
Arhar,Laterite soils,70.69460626460166,0,6.26,128.31657060515244,4.766392383485942,25.07,877.93,90.0,0
Pea,Alluvial soils,30.453837006264006,0,5.65,185.93651068955492,1.0198778892903464,28.63,866.09,78.61,0
Gram,Laterite soils,94.10126247062009,0,5.61,72.58126430651672,2.1511369511760727,26.38,951.28,61.49,0
Niger,Alluvial soils,30.9149550672235,0,6.74,25.390180382606133,4.890082443067278,22.16,913.26,78.76,0
Mustard,Laterite soils,3.375598634207229,0,6.68,155.35234889949072,4.286214413194463,25.18,923.69,68.61,0
Moong,Laterite soils,66.7431644007017,1,6.02,36.37326995857885,1.941595947520944,22.07,937.02,76.13,0
Mustard,Laterite soils,3.375598634207229,0,6.76,155.35234889949072,4.286214413194463,24.51,797.98,67.97,0
Groundnut,Alluvial soils,77.64734025846953,1,6.84,30.1290536211666,2.4437057909109408,22.14,869.74,62.8,0
Niger,Laterite soils,4.079749834554197,0,5.55,99.53335179078957,3.6129767886177073,24.26,839.87,69.02,0
Arhar,Laterite soils,70.69460626460166,0,6.44,128.31657060515244,4.766392383485942,23.95,796.76,86.37,0
Urd,Black soils,6.69515158775076,0,6.22,187.8070287106091,1.1930450406000916,23.08,907.06,68.85,0
Niger,Black soils,56.17716140693022,1,6.88,42.88801275230651,2.992074792161899,25.21,868.32,69.19,0
Urd,Laterite soils,2.7426498464331512,0,5.99,88.14528120125196,4.954035987983664,23.15,932.56,65.46,0
Gram,Alluvial soils,92.8493387422751,1,6.46,64.25799140275164,4.914860850641632,29.59,837.73,76.93,1
Soybean,Black soils,39.78177453222698,0,5.68,94.97051601405003,2.865401887107058,24.41,869.68,66.53,0
Pea,Laterite soils,86.12529571965065,1,5.75,65.74792040384469,1.4305217882726928,26.23,864.5,90.0,1
Niger,Laterite soils,14.75564765833209,1,5.63,43.53470873409088,3.958799053421168,30.0,837.75,82.86,0
Niger,Red and Yellow soils,54.18360976009397,1,6.91,118.99187835760888,4.683784908669928,21.97,840.99,77.51,1
Soybean,Red and Yellow soils,79.46057483174057,0,6.31,150.462155599481,3.444350816677973,21.3,856.55,86.67,0
Kulthi,Black soils,67.84108048066902,1,6.92,44.23042527392003,2.349613359680567,23.59,898.47,75.69,0
Tiwra,Red and Yellow soils,36.11241183442073,0,5.82,127.43746461709286,3.6934087696499662,30.0,878.3,62.48,0
Til,Laterite soils,72.63236990744744,0,6.06,91.21425103639508,0.6719788045907025,28.44,932.77,70.25,0
Soybean,Black soils,76.5747447185727,0,6.19,55.80956789226062,1.6624085030446671,21.72,809.86,83.4,0
Pea,Black soils,35.50207418332751,0,5.87,155.1924950643728,4.558757044762429,26.05,885.32,69.63,0
Maize,Red and Yellow soils,83.97676737225935,0,5.67,174.8228236194111,1.95984723189331,24.45,897.91,84.05,0
Moong,Alluvial soils,42.49140354238396,0,6.01,56.1970084461051,2.8797560145626053,25.18,875.24,73.95,0
Pea,Red and Yellow soils,45.88200025350533,0,6.51,166.4197314414131,0.7604645881312596,24.46,933.99,73.36,0
Til,Laterite soils,82.11526872345533,0,6.01,179.22366038694898,3.004640999287888,24.33,861.01,63.24,0
Pea,Laterite soils,13.913505998801302,1,5.78,198.6012534110168,2.571015400924413,23.73,882.56,62.07,1
Pea,Laterite soils,86.12529571965065,1,6.07,65.74792040384469,1.4305217882726928,25.84,881.41,89.78,1
Kulthi,Black soils,5.487798902751413,0,5.75,116.7863204842874,2.954194231161236,25.37,930.17,66.87,0
Kulthi,Alluvial soils,54.81048353532652,1,5.88,24.193410570245213,4.594332152474536,26.27,847.16,60.0,0
Wheat,Alluvial soils,67.4018482677936,0,5.91,27.39069849597884,4.906744463762068,21.6,849.13,66.91,0
Wheat,Alluvial soils,67.4018482677936,0,5.94,27.39069849597884,4.906744463762068,21.06,871.83,66.43,0
Moong,Laterite soils,1.3350146708237651,0,6.22,27.21836674974315,4.5485522285277975,28.39,843.22,64.56,0
Masoor,Alluvial soils,45.92043415033586,0,6.65,175.13241790304798,3.316894792035183,26.05,830.02,82.32,0
Rice,Black soils,68.42984036578169,0,6.71,121.15296547268264,2.6923847070482827,29.39,816.65,85.55,0
Groundnut,Black soils,87.53054551977526,0,5.5,172.43490927868564,4.158548482629399,29.19,980.33,66.27,0
Tiwra,Red and Yellow soils,16.381665237746383,1,6.1,84.8078611948209,1.039182547558261,26.36,845.78,79.31,0
Gram,Alluvial soils,79.26862073639087,1,6.05,169.83024901214273,4.126874099803565,21.17,838.63,80.09,1
Arhar,Red and Yellow soils,89.63418660147754,0,5.94,197.40269607320457,2.917209527133356,23.44,859.62,78.4,0
Maize,Black soils,65.32355202698167,0,5.85,153.432927891906,1.8221311119500412,20.56,869.98,69.85,0
Urd,Alluvial soils,18.245949358971803,1,6.24,144.86143436361849,4.22251584341133,28.16,903.4,69.0,1
Masoor,Black soils,57.674849565932185,0,6.55,50.45115979273248,1.5982455206728323,25.47,838.54,67.05,0
Wheat,Red and Yellow soils,58.75812809075228,0,5.87,61.15233492569079,2.7512492589727047,22.46,892.58,67.81,0
Urd,Laterite soils,2.7426498464331512,0,5.92,88.14528120125196,4.954035987983664,21.56,892.44,65.45,0
Masoor,Alluvial soils,71.71208281936302,0,6.93,31.377403355249527,1.0655330314056928,27.38,855.08,68.22,0
Pea,Alluvial soils,16.94988061339748,1,7.0,184.5564527018232,4.554417666294789,24.18,869.45,63.94,1
Soybean,Alluvial soils,45.929950244441066,1,6.35,146.06295145488895,4.868631700892124,26.99,854.08,76.44,0
Pea,Red and Yellow soils,14.258821823399837,1,6.64,181.6323051076012,4.302368943900499,26.68,850.58,69.1,1
Kulthi,Alluvial soils,92.5492169547469,1,6.79,172.39818815807868,1.6613788159021248,28.85,855.99,88.86,1
Millets,Alluvial soils,95.28279889194648,1,6.58,29.144702967043564,4.024157339354911,22.75,805.44,70.21,0
Til,Alluvial soils,48.12232243119416,1,5.81,159.19400511003866,4.48088955820164,20.54,937.34,73.08,1
Millets,Laterite soils,43.90448238355727,0,5.78,165.51927153855505,0.5251230931434431,22.03,927.47,65.1,0
Til,Laterite soils,60.02344822552675,0,6.41,196.68461063428768,1.6314438342398223,29.97,811.95,70.25,0
Arhar,Alluvial soils,39.45787077617061,1,6.68,191.36893057921523,4.646728325885565,20.0,894.08,66.28,0
Arhar,Laterite soils,74.64442798330771,1,6.0,155.32653226232352,1.9369977433354968,29.19,829.03,84.72,1
Masoor,Red and Yellow soils,79.30084242753477,1,6.79,11.043366165214929,1.7972285602299596,22.86,856.82,60.0,0
Maize,Laterite soils,80.06913248485557,0,6.38,60.5239790933438,1.7659599285259715,28.06,825.87,67.77,0
Kulthi,Alluvial soils,92.5492169547469,1,7.0,172.39818815807868,1.6613788159021248,26.99,839.52,87.33,1
Arhar,Alluvial soils,57.32803334236286,1,7.0,178.80845618528306,2.3443978045744327,29.31,882.69,80.96,1
Jwar,Black soils,43.34241591110462,0,5.97,55.8071284120974,4.114829632169133,20.0,815.38,86.79,0
Niger,Red and Yellow soils,4.301026088036883,0,6.52,145.61804214220632,2.0812368730220943,22.32,926.25,69.39,0
Mustard,Laterite soils,53.54515854139666,1,6.73,108.2514903397496,3.718948332542829,27.23,868.03,73.06,1
summer paddy,Red and Yellow soils,23.656969306526207,1,6.55,160.81222387384514,2.887401159556615,29.06,833.34,66.09,1
Kulthi,Laterite soils,1.9575813458450015,0,6.21,135.07179394615684,2.663615249026792,22.36,885.55,79.24,0
summer paddy,Black soils,60.308079523188816,0,6.94,43.46443527108601,3.000106367186519,28.02,811.76,77.78,0
Moong,Black soils,70.46581678149187,0,5.6,21.66905565059997,4.032486033053475,20.27,934.99,81.9,0
Jwar,Alluvial soils,8.770750022223734,1,5.67,115.99582439793596,2.540243063469655,23.92,952.6,87.05,1
Jwar,Alluvial soils,89.71217350262663,0,6.6,25.10256180019756,4.094914179917966,24.16,817.14,67.34,0
Millets,Red and Yellow soils,70.98318926589636,1,6.98,74.80825570491946,3.7312992983988873,26.71,888.36,64.59,1
Gram,Black soils,7.859205242978358,0,6.3,59.29153611037987,1.2925953541039088,22.55,906.18,70.04,0
Jwar,Alluvial soils,8.770750022223734,1,5.96,115.99582439793596,2.540243063469655,23.72,805.32,87.26,1
Wheat,Red and Yellow soils,50.91070048310331,0,5.99,70.3847309463337,4.94260898334276,26.71,850.93,79.5,0
Soybean,Black soils,47.0521959690072,0,6.36,89.55122834530016,0.8923742776619482,22.13,805.08,77.57,0
Mustard,Laterite soils,2.422650386748149,1,5.5,50.003662732995785,1.3339062519960363,29.94,989.52,67.74,1
Maize,Alluvial soils,84.40064941289427,0,6.76,117.3407974676231,2.5830017311527627,29.08,917.31,90.0,0
Tiwra,Red and Yellow soils,12.71408322731068,0,5.69,16.77495232897338,2.110155905799066,21.92,834.89,87.43,0
Soybean,Alluvial soils,1.0845160463029235,0,5.84,132.15140054930788,1.295639412046346,22.97,864.94,82.22,0
Jwar,Laterite soils,51.52716525625736,0,5.5,117.26931971045472,4.763386070226863,25.93,919.53,60.0,0
Jwar,Laterite soils,92.81866674409925,1,6.14,159.32913111736443,4.144766898974626,21.9,863.44,77.55,0
Tiwra,Black soils,94.76385180041332,0,6.52,110.7678118617717,0.8166051320582242,28.86,927.2,87.31,0
Jwar,Black soils,58.43929542154972,1,5.57,16.566631578535365,3.473426184998023,21.23,895.65,71.87,0
Millets,Black soils,3.6021924614231,0,5.93,20.467091914049288,0.5161914575404415,25.29,900.96,77.92,0
Mustard,Black soils,19.12922251866725,1,5.73,103.50209792378745,2.617585675899809,27.14,980.0,69.73,0
Millets,Black soils,51.93747983054598,1,5.92,147.6076818611602,3.4815759318038104,23.48,833.8,88.22,1
Tiwra,Laterite soils,44.157514598221695,0,6.1,20.786220688080256,4.760647059177217,21.95,891.45,71.06,0
Pea,Red and Yellow soils,32.745807896062146,1,5.98,26.481396356110054,4.152733501535543,24.03,854.14,90.0,0
Masoor,Red and Yellow soils,34.865602801136006,1,5.55,74.53290343716962,0.976484678989204,21.58,960.77,61.43,1
Wheat,Alluvial soils,54.78604267673645,0,6.55,83.84981090417665,4.083958299034335,20.37,827.68,86.2,0
Mustard,Alluvial soils,91.82905732992558,1,6.48,53.74481212887618,1.5966321610404377,25.12,804.23,69.87,1
Soybean,Black soils,98.59433372410363,0,5.95,78.26901572028348,4.212803098596902,23.6,929.27,68.88,0
Maize,Black soils,19.463557757075588,0,6.43,125.4704718867283,2.598418486481846,23.62,806.81,80.32,0
Millets,Laterite soils,40.123933186942935,1,5.89,78.28259692949361,2.6365415718597265,24.17,920.86,72.78,1
Groundnut,Laterite soils,34.78961480849945,1,6.27,100.82047107807897,4.765268097487416,26.03,823.75,82.84,1
Millets,Red and Yellow soils,68.53613344912503,1,6.8,145.54578088551114,2.7638146457013453,21.56,793.29,60.0,1
Gram,Red and Yellow soils,34.74768672244927,1,6.48,33.58119022402276,1.9181663035284728,30.0,925.12,66.13,0
Jwar,Black soils,58.43929542154972,1,5.97,16.566631578535365,3.473426184998023,22.59,820.27,67.33,0
Moong,Alluvial soils,30.47426495779317,1,5.64,79.66928665808871,2.6924502123480902,23.51,937.53,76.43,1
Urd,Laterite soils,4.197889378619497,0,6.57,90.0138398925223,4.669929373092929,28.16,936.64,78.72,0
Til,Alluvial soils,48.12232243119416,1,5.63,159.19400511003866,4.48088955820164,20.85,904.18,77.83,1
Urd,Alluvial soils,3.862270503389171,0,6.71,55.87963143873647,4.218136005495886,20.43,797.11,83.07,0
Masoor,Black soils,76.58104466203038,0,6.22,112.258823548082,0.8441663455221252,26.66,959.17,70.73,0
Jwar,Alluvial soils,8.770750022223734,1,5.6,115.99582439793596,2.540243063469655,24.94,962.96,89.91,1
Kulthi,Laterite soils,1.9575813458450015,0,6.3,135.07179394615684,2.663615249026792,20.8,940.27,81.88,0
Masoor,Red and Yellow soils,34.865602801136006,1,5.83,74.53290343716962,0.976484678989204,21.5,903.46,61.45,1
Jwar,Alluvial soils,50.27501027132872,0,6.64,103.71091740391591,4.248261783890516,22.47,921.59,60.0,0
Mustard,Alluvial soils,29.138359213116704,0,6.02,163.4305505984715,3.5913293882148416,26.74,822.6,66.29,0
Pea,Red and Yellow soils,21.55979018755156,0,6.61,77.78609298703317,3.689048046868987,21.25,936.76,68.0,0
Pea,Alluvial soils,17.17303816819014,0,5.84,163.3134475429299,2.644391106796571,27.79,886.2,66.06,0
Til,Laterite soils,79.80767833149267,1,5.72,195.1869784074493,4.9333156627866845,24.3,951.13,81.08,0
Millets,Alluvial soils,43.70916466330876,1,5.84,39.41587779577248,2.043259526678144,26.48,905.26,90.0,0
Moong,Alluvial soils,30.47426495779317,1,5.65,79.66928665808871,2.6924502123480902,23.3,873.85,78.6,1
Millets,Black soils,15.194191435755716,1,6.3,139.19187074455024,2.3495259339216563,30.0,855.83,70.75,1
Rice,Laterite soils,36.067847125393314,1,5.93,45.080516013725855,3.846756333323527,20.0,953.0,60.0,0
Masoor,Red and Yellow soils,63.29267823677274,1,5.75,149.29521124251127,1.6236523171898996,20.0,947.71,60.35,1
Masoor,Alluvial soils,17.051062582241848,1,6.81,158.50864420956958,2.1741170604411213,24.16,802.98,79.84,1
Niger,Black soils,41.79287336304921,0,6.79,54.696853754845804,1.7969102556076575,24.52,869.3,68.36,0
Moong,Alluvial soils,74.91849185092191,1,6.22,35.66011307470839,3.274662483685392,21.25,901.16,89.85,0
Arhar,Alluvial soils,84.94829653763078,0,6.72,148.30405234987228,2.085751113035552,24.21,789.93,74.01,0
Maize,Black soils,87.75885918969198,0,5.71,139.78469040599293,1.3665129133839682,25.59,931.67,89.6,0
Wheat,Alluvial soils,19.530682289860536,0,5.99,40.60874305282016,2.7283560112256846,24.77,822.65,85.55,0
Niger,Black soils,30.080933360930537,0,5.83,52.22680121536878,1.086363801815192,24.31,840.18,69.53,0
Niger,Black soils,37.31419938079141,1,7.0,132.93729695324475,2.649581196463151,23.93,846.44,87.88,1
Millets,Black soils,8.545620951059774,1,6.3,161.95956637121765,4.866411463972916,29.5,817.4,87.2,1
Rice,Laterite soils,83.8775957011866,1,5.65,34.37576356945297,2.294909994831729,28.77,957.46,65.94,0
Gram,Alluvial soils,96.98944330900548,0,6.64,18.44939670465994,1.562279272549458,23.93,875.73,76.45,0
summer paddy,Black soils,8.760454270055591,0,5.93,159.97290035688565,2.4566092291501533,27.18,914.66,64.96,0
Jwar,Red and Yellow soils,14.921019331346107,0,6.07,199.58265014089395,3.3401633423800927,22.26,910.61,82.39,0
Kulthi,Black soils,67.84108048066902,1,6.69,44.23042527392003,2.349613359680567,22.54,806.99,78.72,0
Millets,Alluvial soils,45.51927766356464,0,5.86,17.637805914713663,4.038528886844827,20.8,876.41,65.37,0
Niger,Black soils,56.17716140693022,1,6.68,42.88801275230651,2.992074792161899,27.25,785.35,69.33,0
Arhar,Laterite soils,70.69460626460166,0,6.17,128.31657060515244,4.766392383485942,25.39,920.54,84.69,0
Soybean,Laterite soils,82.5219028825696,1,6.34,120.98570933252736,1.84204637395397,22.89,874.32,86.59,1
Mustard,Alluvial soils,29.138359213116704,0,6.42,163.4305505984715,3.5913293882148416,26.54,901.19,60.02,0
Tiwra,Alluvial soils,57.12809708824221,1,6.48,197.0604365484146,3.9823961897083984,22.72,952.74,66.26,1
Rice,Black soils,5.27909199036012,1,6.88,172.95426825777906,0.8633173028000611,20.41,849.69,61.55,1
summer paddy,Alluvial soils,92.14077589708448,0,5.5,37.26311684885115,2.4051624361938035,20.71,901.29,78.18,0
Arhar,Laterite soils,70.69460626460166,0,6.19,128.31657060515244,4.766392383485942,24.07,833.33,86.69,0
Wheat,Alluvial soils,91.05415430835896,0,6.9,160.42512776637145,0.6999369117890404,21.41,881.95,84.71,0
Moong,Alluvial soils,74.91849185092191,1,6.24,35.66011307470839,3.274662483685392,20.0,820.17,86.65,0
Tiwra,Red and Yellow soils,16.381665237746383,1,5.88,84.8078611948209,1.039182547558261,26.82,960.21,80.23,0
Groundnut,Alluvial soils,51.66383286816028,0,6.61,98.78595372126168,1.518977035891242,21.83,892.69,64.65,0
Kulthi,Laterite soils,97.05327118037404,1,7.0,33.70437264492988,4.118308574057645,25.35,910.81,72.08,0
Gram,Red and Yellow soils,14.573215619358535,1,5.76,57.09839965697187,3.9514705976890343,27.85,892.59,82.28,0
Til,Red and Yellow soils,85.94972915026943,1,5.63,124.22027903539907,4.9855581453472375,20.0,951.52,83.98,1
Moong,Laterite soils,47.72185492708941,0,6.88,108.96450143039937,2.7671496106270737,27.9,914.16,84.63,0
Groundnut,Laterite soils,81.6554741475988,1,7.0,86.15027954705378,1.14379756440237,23.68,862.3,75.79,1
Kulthi,Laterite soils,93.89813650383569,0,6.37,193.230305006838,2.25817436042408,28.79,905.18,64.6,0
Soybean,Laterite soils,13.10812731307866,1,5.86,178.12965587280345,2.260207718353315,30.0,973.17,74.97,1
summer paddy,Black soils,60.308079523188816,0,6.96,43.46443527108601,3.000106367186519,26.72,884.93,77.77,0
Millets,Laterite soils,48.74312011750155,0,6.05,120.33880048951929,2.4768589850115967,20.0,866.35,79.06,0
Pea,Red and Yellow soils,43.446323388532846,0,6.87,141.32630646402174,3.2583353976805944,29.33,856.68,61.4,0
Gram,Laterite soils,25.539681660071125,1,6.65,24.59636681009846,2.769413193485069,20.95,931.54,75.4,0
Tiwra,Black soils,14.00913180874091,1,5.5,192.864017307691,3.587869631963185,23.57,957.03,76.75,1
Tiwra,Laterite soils,46.4327359055748,0,6.63,65.38166189792891,1.8247075099447776,24.25,810.47,75.23,0
Rice,Alluvial soils,55.7182474465031,0,6.25,34.65834578689061,2.032096363927362,29.18,931.59,67.35,0
Arhar,Alluvial soils,93.266516769375,0,6.19,151.91084094712255,4.153019042714469,26.71,800.78,77.8,0
Pea,Red and Yellow soils,21.55979018755156,0,6.64,77.78609298703317,3.689048046868987,23.45,849.82,61.02,0
Maize,Black soils,73.32267007953085,0,5.98,47.49317757286676,0.6835265598024884,23.94,946.83,69.27,0
Millets,Laterite soils,48.74312011750155,0,6.21,120.33880048951929,2.4768589850115967,21.14,895.33,73.41,0
Rice,Red and Yellow soils,65.11829897838918,0,6.68,175.61385743537613,1.910934434431556,27.71,843.4,65.52,0
Kulthi,Alluvial soils,61.837349287810135,1,6.62,27.801636027771064,2.6701487722421016,26.27,780.13,78.53,0
Millets,Laterite soils,57.962788657384245,1,6.41,176.98515468543576,1.3308049793192296,30.0,813.01,81.43,1
Gram,Alluvial soils,96.9050114005799,0,6.86,122.13502087504426,2.056511701070491,20.4,861.04,90.0,0
Pea,Alluvial soils,17.17303816819014,0,5.81,163.3134475429299,2.644391106796571,25.69,920.27,66.62,0
summer paddy,Laterite soils,80.66896941192711,0,6.38,54.11712191845815,3.2515109543711493,27.85,820.59,60.12,0
Pea,Black soils,35.50207418332751,0,5.96,155.1924950643728,4.558757044762429,27.13,959.27,70.69,0
Gram,Black soils,33.36100018676664,1,6.44,77.38147579324998,4.486073743546642,27.29,873.23,63.89,1
Soybean,Red and Yellow soils,79.46057483174057,0,6.75,150.462155599481,3.444350816677973,23.04,857.62,87.68,0
Groundnut,Alluvial soils,77.64734025846953,1,6.49,30.1290536211666,2.4437057909109408,22.96,809.2,65.14,0
Tiwra,Red and Yellow soils,12.71408322731068,0,5.96,16.77495232897338,2.110155905799066,23.32,886.02,88.36,0
Maize,Red and Yellow soils,92.61970763557478,1,6.56,58.18133438986627,3.1266305880832834,27.16,945.07,64.78,0
Pea,Alluvial soils,16.94988061339748,1,7.0,184.5564527018232,4.554417666294789,25.15,834.64,62.23,1
Moong,Black soils,70.46581678149187,0,5.97,21.66905565059997,4.032486033053475,20.0,928.79,84.26,0
Jwar,Laterite soils,83.11521733640478,1,6.0,135.05875811788147,2.826652317689744,26.52,846.95,67.7,1
Kulthi,Black soils,5.487798902751413,0,5.76,116.7863204842874,2.954194231161236,23.0,985.38,65.99,0
Moong,Alluvial soils,72.89801626222972,0,6.1,147.08444454896002,1.630372576341142,30.0,963.03,66.78,0
Rice,Red and Yellow soils,94.9606118039142,0,5.5,54.1128672085785,1.619877527026648,23.45,874.52,64.6,0
Pea,Red and Yellow soils,32.745807896062146,1,6.1,26.481396356110054,4.152733501535543,23.69,927.2,84.33,0
Maize,Black soils,19.410359181755048,0,5.76,167.23117270851932,4.392858700280796,26.96,968.78,62.64,0
Soybean,Red and Yellow soils,8.583758015057295,1,6.58,20.154563205107696,4.90903272481961,20.0,890.9,84.71,0
Urd,Black soils,30.25969736488654,0,5.91,28.04568065397041,1.8011830369833524,28.95,834.18,88.08,0
Jwar,Laterite soils,83.27429064883648,1,5.98,66.97405545052723,4.904528295647274,24.87,973.69,64.99,1
Niger,Red and Yellow soils,30.05926746262701,0,5.72,171.41131547239257,3.621531844526511,28.24,967.29,66.99,0
Rice,Alluvial soils,45.02207961303291,1,5.65,183.9060120825367,2.2666440011155182,26.38,876.53,89.27,1
summer paddy,Black soils,8.760454270055591,0,5.91,159.97290035688565,2.4566092291501533,28.79,887.16,66.42,0
Jwar,Laterite soils,83.11521733640478,1,5.8,135.05875811788147,2.826652317689744,26.48,980.67,62.88,1
Mustard,Laterite soils,61.737953589033744,0,6.06,65.69585886371809,1.5602596870875736,24.96,926.37,86.77,0
Groundnut,Black soils,87.53054551977526,0,5.5,172.43490927868564,4.158548482629399,30.0,916.19,69.5,0
Rice,Black soils,51.78490534951984,1,5.72,159.67777079366866,3.8935916410771423,20.56,900.13,74.54,1
Jwar,Red and Yellow soils,69.32300344575232,0,7.0,63.73200903681688,0.6010337902162692,26.7,760.54,89.98,0
Arhar,Laterite soils,70.69460626460166,0,6.56,128.31657060515244,4.766392383485942,23.52,786.04,88.75,0
Kulthi,Alluvial soils,17.77720417995551,1,6.79,186.6233951811228,2.9967585527538096,22.46,853.24,64.73,1
Groundnut,Alluvial soils,7.595586649378683,1,6.92,32.52112578042177,2.090866635406147,20.09,818.56,62.78,0
Mustard,Red and Yellow soils,63.63832068665308,0,6.64,88.53373490142508,1.9370490801246305,26.59,787.29,73.99,0
Pea,Black soils,94.11254095151456,0,6.95,74.32011188400841,3.278071802192412,24.39,878.53,87.36,0
Gram,Alluvial soils,96.98944330900548,0,6.81,18.44939670465994,1.562279272549458,23.59,835.24,78.17,0
Urd,Laterite soils,56.01656404336428,1,5.59,169.6786697669429,1.2509461554512062,30.0,967.41,72.83,1
Wheat,Red and Yellow soils,50.91070048310331,0,5.88,70.3847309463337,4.94260898334276,26.62,868.88,79.39,0
Arhar,Laterite soils,74.64442798330771,1,6.33,155.32653226232352,1.9369977433354968,27.74,834.42,84.34,1
Pea,Black soils,35.50207418332751,0,5.9,155.1924950643728,4.558757044762429,27.28,910.66,71.16,0
Tiwra,Alluvial soils,7.949464529363647,1,7.0,26.11128283567805,0.5044061015460503,21.2,786.01,80.97,0
Kulthi,Alluvial soils,61.837349287810135,1,6.92,27.801636027771064,2.6701487722421016,25.29,842.72,82.34,0
Tiwra,Black soils,51.6709483055929,0,7.0,135.42477390060515,3.1134728386348294,23.56,764.34,81.78,0
Maize,Red and Yellow soils,73.05988458504615,0,6.68,100.07917652497429,3.303778717019921,20.0,929.61,69.07,0
Maize,Red and Yellow soils,83.97676737225935,0,5.57,174.8228236194111,1.95984723189331,24.73,894.34,84.3,0
Niger,Laterite soils,58.342897767539576,0,6.1,30.396351069572987,0.6188329381507388,24.78,791.89,87.01,0
Tiwra,Red and Yellow soils,36.11241183442073,0,5.7,127.43746461709286,3.6934087696499662,29.14,931.33,64.2,0
Wheat,Red and Yellow soils,58.75812809075228,0,5.74,61.15233492569079,2.7512492589727047,21.33,963.25,66.41,0
Moong,Alluvial soils,74.91849185092191,1,6.55,35.66011307470839,3.274662483685392,20.47,800.48,90.0,0
Masoor,Alluvial soils,45.62108056768259,0,6.28,174.13879435365195,4.357303858339503,24.74,817.39,60.0,0
Tiwra,Red and Yellow soils,49.47275930960727,1,6.68,64.97986652212177,4.40748983958334,24.35,788.99,89.07,0
Jwar,Alluvial soils,33.52139305008494,1,6.47,170.24519022942422,1.7358279923002595,26.05,848.98,67.57,1
Jwar,Alluvial soils,50.27501027132872,0,6.64,103.71091740391591,4.248261783890516,21.97,903.42,61.09,0
Gram,Alluvial soils,79.26862073639087,1,6.05,169.83024901214273,4.126874099803565,21.61,889.11,81.68,1
summer paddy,Black soils,99.14865361366142,0,6.41,134.30705078512983,1.949386589804747,22.76,897.31,60.0,0
Gram,Black soils,60.6590114165344,0,5.56,89.25746879492321,4.041605590451173,23.63,862.24,88.49,0
Maize,Red and Yellow soils,75.04133314858224,0,5.9,126.6451520573656,2.7235491072147164,26.66,847.45,60.0,0
Maize,Red and Yellow soils,69.73343459088427,0,5.77,159.39192951392974,3.210066085264966,25.72,936.86,74.62,0
Arhar,Black soils,58.272667448535096,0,5.88,146.75311324207283,0.571651324312384,20.0,966.01,66.02,0
Arhar,Laterite soils,10.205047368034332,1,5.98,171.60702634754793,1.5679546063176029,27.86,964.08,74.38,0
Millets,Black soils,49.27248131847189,0,6.45,53.90095521876777,1.2019846474142255,20.91,819.45,74.83,0
Pea,Red and Yellow soils,14.258821823399837,1,6.61,181.6323051076012,4.302368943900499,26.09,832.31,67.61,1
Niger,Alluvial soils,30.9149550672235,0,7.0,25.390180382606133,4.890082443067278,20.76,807.55,82.0,0
Moong,Red and Yellow soils,9.326065442028998,0,7.0,172.44853243892462,3.156078875040973,24.25,834.07,71.7,0
Mustard,Laterite soils,95.8059931058451,0,5.69,103.02761838487882,4.034661034793127,21.2,973.41,63.34,0
Gram,Black soils,33.36100018676664,1,6.37,77.38147579324998,4.486073743546642,26.38,961.76,61.65,1
Arhar,Laterite soils,74.64442798330771,1,6.09,155.32653226232352,1.9369977433354968,26.92,864.07,82.53,1
Soybean,Black soils,47.0521959690072,0,6.34,89.55122834530016,0.8923742776619482,21.56,836.1,80.54,0
Til,Black soils,58.53364358235279,1,7.0,199.36210175604907,0.7934570356250641,30.0,803.35,80.93,1
Urd,Red and Yellow soils,80.12909695909734,0,6.88,70.99504826835619,4.201089365152599,28.95,836.1,86.08,0
Pea,Alluvial soils,16.94988061339748,1,6.77,184.5564527018232,4.554417666294789,23.43,854.77,62.54,1
Moong,Laterite soils,44.60788148262814,1,5.93,83.79284451275134,2.217174315777015,25.68,976.86,66.15,1
Jwar,Black soils,28.67326065577008,0,6.29,62.69765596562617,3.9383874571860433,21.79,902.14,75.48,0
Jwar,Alluvial soils,89.71217350262663,0,6.53,25.10256180019756,4.094914179917966,21.65,860.11,68.08,0
Masoor,Black soils,76.58104466203038,0,6.57,112.258823548082,0.8441663455221252,27.82,839.39,66.16,0
Tiwra,Alluvial soils,49.96403886906193,0,6.86,129.23233750459332,1.024483141899196,24.31,872.12,66.99,0
Millets,Laterite soils,43.23591197416306,1,7.0,119.119475832171,0.6911915449376529,26.1,789.4,65.42,1
Masoor,Red and Yellow soils,15.573043648692993,0,5.76,40.394151236744186,2.3537196802479925,27.45,926.86,69.75,0
Rice,Laterite soils,83.8775957011866,1,5.5,34.37576356945297,2.294909994831729,28.56,931.67,68.79,0
Mustard,Red and Yellow soils,67.90567177519311,0,6.74,184.57009859164535,2.8827361969169605,24.87,853.7,87.35,0
summer paddy,Alluvial soils,92.14077589708448,0,5.56,37.26311684885115,2.4051624361938035,20.03,866.86,79.27,0
Kulthi,Black soils,23.189085786347796,0,6.12,189.8627111419892,2.7848888056767773,28.83,891.1,90.0,0
Masoor,Alluvial soils,45.62108056768259,0,6.71,174.13879435365195,4.357303858339503,26.69,927.28,60.44,0
Urd,Red and Yellow soils,21.596618772360653,1,6.96,136.9355851898517,2.343072110888093,20.76,910.37,85.28,1
Millets,Alluvial soils,83.4164579675254,0,6.53,146.3607032263529,4.542588877178431,25.02,880.9,82.45,0
Kulthi,Laterite soils,1.9575813458450015,0,6.3,135.07179394615684,2.663615249026792,22.71,946.74,76.91,0
Millets,Laterite soils,19.45015786212121,1,7.0,27.201414090139878,0.6815101265907944,23.85,875.97,76.96,0
Pea,Red and Yellow soils,14.258821823399837,1,6.64,181.6323051076012,4.302368943900499,27.36,867.92,67.93,1
Millets,Alluvial soils,43.70916466330876,1,5.94,39.41587779577248,2.043259526678144,25.77,858.67,86.3,0
Jwar,Alluvial soils,21.797420722217726,0,6.64,83.75345151111428,2.0437014769879367,27.08,859.22,88.43,0
Tiwra,Laterite soils,99.79302285723834,1,6.27,28.356863022535748,2.7788430905388597,26.72,850.09,90.0,0
Millets,Red and Yellow soils,70.98318926589636,1,6.9,74.80825570491946,3.7312992983988873,26.98,840.82,65.85,1
Gram,Black soils,7.859205242978358,0,6.52,59.29153611037987,1.2925953541039088,24.29,830.96,68.21,0
summer paddy,Laterite soils,99.68532353972208,1,6.61,36.79724244169026,0.5887722514342346,28.53,888.24,64.38,0
Kulthi,Alluvial soils,17.77720417995551,1,6.61,186.6233951811228,2.9967585527538096,20.77,919.31,67.2,1
Niger,Red and Yellow soils,30.05926746262701,0,5.57,171.41131547239257,3.621531844526511,29.92,997.27,63.2,0
Soybean,Red and Yellow soils,3.422005573134409,1,6.48,184.83881346960908,0.628547000211728,27.85,801.51,64.43,1
Urd,Black soils,24.427711240308238,0,5.87,40.40200266895553,4.121770237149953,25.03,875.76,90.0,0
Mustard,Black soils,8.188474407011933,1,7.0,47.59586392867045,2.8105878706836,21.02,832.19,65.98,0
Til,Red and Yellow soils,63.93819639548853,1,6.26,86.5501462725284,0.8314949690878561,26.13,903.23,68.78,1
Pea,Black soils,52.66967119754954,1,5.84,193.05858625795943,1.4970629237169906,26.09,861.26,88.43,1
summer paddy,Alluvial soils,92.14077589708448,0,5.5,37.26311684885115,2.4051624361938035,20.0,950.11,75.56,0
Pea,Alluvial soils,34.82813570853206,1,6.97,39.67680173556278,0.8048689074476658,27.04,776.96,74.03,0
Soybean,Alluvial soils,45.929950244441066,1,6.27,146.06295145488895,4.868631700892124,26.06,847.67,72.69,0
Rice,Red and Yellow soils,62.88030372406628,0,6.13,69.50062910462015,4.898555948589926,24.51,860.46,77.13,0
Masoor,Black soils,76.58104466203038,0,6.13,112.258823548082,0.8441663455221252,28.43,894.75,69.35,0
Pea,Red and Yellow soils,43.446323388532846,0,6.94,141.32630646402174,3.2583353976805944,29.01,817.27,62.74,0
Groundnut,Black soils,87.53054551977526,0,5.74,172.43490927868564,4.158548482629399,29.64,939.08,73.37,0
Masoor,Alluvial soils,17.051062582241848,1,6.71,158.50864420956958,2.1741170604411213,23.29,823.16,75.02,1
Millets,Black soils,46.115623150526005,1,6.76,177.58949627751142,1.0156582803711816,28.95,909.5,69.89,1
Masoor,Red and Yellow soils,79.30084242753477,1,6.87,11.043366165214929,1.7972285602299596,20.62,876.79,65.24,0
Jwar,Laterite soils,83.11521733640478,1,5.77,135.05875811788147,2.826652317689744,26.93,980.97,61.44,1
Arhar,Laterite soils,84.46788570106386,1,5.84,192.94268675753716,2.7573837199416857,26.31,957.36,74.4,1
Tiwra,Alluvial soils,42.73461385557504,1,6.48,46.60885970748865,2.3240919163041704,28.64,861.54,72.5,0
Masoor,Alluvial soils,17.051062582241848,1,6.86,158.50864420956958,2.1741170604411213,24.71,834.91,78.34,1
Gram,Black soils,60.6590114165344,0,5.81,89.25746879492321,4.041605590451173,25.25,843.56,86.79,0
Jwar,Black soils,87.71268641532818,0,6.27,15.698221174437968,2.9018118843038945,21.66,809.59,83.27,0
Gram,Black soils,7.538508193294686,1,6.79,22.895319575658647,0.7515476161379425,23.99,868.24,86.85,0
Kulthi,Black soils,23.189085786347796,0,6.05,189.8627111419892,2.7848888056767773,28.28,908.21,88.9,0
Jwar,Black soils,87.71268641532818,0,6.46,15.698221174437968,2.9018118843038945,22.81,809.27,83.68,0
Soybean,Red and Yellow soils,79.46057483174057,0,6.49,150.462155599481,3.444350816677973,20.89,932.02,85.22,0
Wheat,Alluvial soils,54.78604267673645,0,6.85,83.84981090417665,4.083958299034335,20.49,772.86,88.83,0
Gram,Black soils,43.903327920986655,1,6.9,153.1401018257682,2.190934023980345,26.05,819.4,77.59,1
Pea,Alluvial soils,17.17303816819014,0,5.62,163.3134475429299,2.644391106796571,26.31,859.33,72.2,0
Kulthi,Black soils,5.487798902751413,0,5.74,116.7863204842874,2.954194231161236,24.55,871.95,61.13,0
Groundnut,Red and Yellow soils,96.74499664722,1,5.85,178.92269764733769,2.42511046193267,29.23,915.73,78.78,1
Soybean,Red and Yellow soils,64.9013741262986,0,5.7,175.0559582444221,3.45476106865228,23.3,831.09,69.34,0
Urd,Red and Yellow soils,21.596618772360653,1,7.0,136.9355851898517,2.343072110888093,20.42,854.16,89.96,1
Gram,Red and Yellow soils,53.08813320922549,1,6.38,28.808142321819524,3.1415169004795302,26.04,882.71,60.79,0
Tiwra,Alluvial soils,7.949464529363647,1,6.98,26.11128283567805,0.5044061015460503,20.0,762.08,79.24,0
Pea,Alluvial soils,63.2123421474168,1,5.92,30.08992185887418,2.1099619017340947,27.73,920.64,63.29,0
Niger,Red and Yellow soils,54.18360976009397,1,6.77,118.99187835760888,4.683784908669928,22.92,889.64,77.59,1
Moong,Alluvial soils,42.49140354238396,0,6.24,56.1970084461051,2.8797560145626053,24.28,905.14,72.52,0
Pea,Laterite soils,13.913505998801302,1,5.74,198.6012534110168,2.571015400924413,26.71,834.74,64.17,1
summer paddy,Black soils,8.760454270055591,0,5.57,159.97290035688565,2.4566092291501533,26.82,987.25,66.29,0
Wheat,Alluvial soils,67.4018482677936,0,6.24,27.39069849597884,4.906744463762068,21.68,813.55,67.23,0
Mustard,Laterite soils,50.57716960311954,0,5.77,79.28921525200687,1.641631398260391,25.82,859.53,85.69,0
Masoor,Red and Yellow soils,84.52316916652465,1,6.29,136.06206737070266,3.720799011587236,25.27,821.86,78.75,1
Gram,Alluvial soils,11.03940647751555,0,6.95,53.34742166871745,2.74635152842651,24.95,796.03,73.96,0
Tiwra,Red and Yellow soils,49.47275930960727,1,7.0,64.97986652212177,4.40748983958334,26.67,908.52,89.49,0
Wheat,Alluvial soils,86.71163811325147,1,5.99,54.94653337104506,3.359167289944513,29.52,860.35,78.47,1
Millets,Black soils,3.6021924614231,0,5.94,20.467091914049288,0.5161914575404415,27.93,892.52,82.38,0
Urd,Alluvial soils,91.70252765931488,0,6.91,15.605923247840275,3.5094411666075778,24.32,852.41,76.38,0
Tiwra,Red and Yellow soils,49.47275930960727,1,6.7,64.97986652212177,4.40748983958334,25.22,776.38,89.97,0
Urd,Alluvial soils,37.78258122050927,1,5.59,46.08242628582618,2.6125853106729853,28.71,896.01,73.13,0
Pea,Red and Yellow soils,32.745807896062146,1,5.75,26.481396356110054,4.152733501535543,23.97,839.97,89.23,0
Mustard,Alluvial soils,2.3002039972834387,0,6.76,145.61959193869544,2.519545815592032,25.14,867.81,74.22,0
Rice,Alluvial soils,55.7182474465031,0,6.48,34.65834578689061,2.032096363927362,30.0,873.49,63.33,0
Masoor,Black soils,56.607644110296,0,6.13,14.313069493331705,2.07281804952572,27.9,927.97,70.92,0
Rice,Black soils,5.27909199036012,1,6.78,172.95426825777906,0.8633173028000611,20.0,863.97,60.0,1
Rice,Alluvial soils,36.01014845087093,0,6.14,95.5705372998716,0.9837850209673618,20.46,883.58,74.56,0
Groundnut,Laterite soils,65.31840295659302,0,6.83,141.36645020981774,4.393638773635823,26.76,895.18,80.48,0
Maize,Red and Yellow soils,60.85170379581952,1,6.46,154.7840778557563,1.2002355013252552,24.53,852.69,75.47,1
Jwar,Laterite soils,92.81866674409925,1,6.3,159.32913111736443,4.144766898974626,21.54,873.92,78.24,0
Jwar,Black soils,58.43929542154972,1,5.66,16.566631578535365,3.473426184998023,22.87,961.7,67.56,0
Niger,Black soils,41.408301825253936,1,6.53,31.68152038748095,2.551580468611744,23.36,939.42,66.14,0
Jwar,Red and Yellow soils,61.33138378263416,0,6.5,131.90345014994583,3.0456960700275504,22.31,824.02,83.97,0
Kulthi,Alluvial soils,61.837349287810135,1,7.0,27.801636027771064,2.6701487722421016,25.61,832.48,82.94,0
Soybean,Laterite soils,82.5219028825696,1,6.52,120.98570933252736,1.84204637395397,22.87,888.15,86.22,1
Arhar,Alluvial soils,93.266516769375,0,5.93,151.91084094712255,4.153019042714469,25.63,953.72,75.14,0
Mustard,Red and Yellow soils,47.35020570684794,1,6.81,14.979387934802954,2.7212244906205534,21.88,839.97,72.05,0
Wheat,Alluvial soils,86.54297981140141,0,7.0,108.46872549256152,3.65827855817515,20.17,881.87,64.12,0
Mustard,Alluvial soils,5.985936900346184,1,5.85,55.23498004685733,0.9143669321101572,24.12,971.77,65.6,1
Millets,Alluvial soils,66.1773521263443,1,6.56,121.45483757861142,4.880676349583943,24.93,939.63,67.89,1
Groundnut,Laterite soils,65.31840295659302,0,7.0,141.36645020981774,4.393638773635823,24.78,790.6,86.08,0
Til,Alluvial soils,48.12232243119416,1,5.78,159.19400511003866,4.48088955820164,21.24,878.26,70.89,1
Moong,Black soils,70.46581678149187,0,5.63,21.66905565059997,4.032486033053475,21.19,853.95,82.73,0
Moong,Alluvial soils,42.49140354238396,0,6.15,56.1970084461051,2.8797560145626053,24.53,836.88,78.09,0
Maize,Red and Yellow soils,92.61970763557478,1,6.97,58.18133438986627,3.1266305880832834,29.5,815.51,62.69,0
Maize,Red and Yellow soils,60.85170379581952,1,6.36,154.7840778557563,1.2002355013252552,24.39,808.92,68.23,1
Niger,Red and Yellow soils,4.301026088036883,0,6.5,145.61804214220632,2.0812368730220943,21.53,921.62,68.14,0
Groundnut,Alluvial soils,77.64734025846953,1,6.65,30.1290536211666,2.4437057909109408,22.65,882.85,64.12,0
Tiwra,Red and Yellow soils,49.47275930960727,1,6.99,64.97986652212177,4.40748983958334,24.5,907.96,88.85,0
Jwar,Red and Yellow soils,54.09861316205604,1,5.73,43.55196900142567,2.5235327567755976,28.09,894.93,69.86,0
Masoor,Alluvial soils,45.62108056768259,0,6.58,174.13879435365195,4.357303858339503,24.36,827.44,61.16,0
Jwar,Red and Yellow soils,14.921019331346107,0,6.2,199.58265014089395,3.3401633423800927,22.75,842.6,83.81,0
Groundnut,Red and Yellow soils,96.74499664722,1,6.07,178.92269764733769,2.42511046193267,27.82,828.0,82.01,1
Tiwra,Laterite soils,44.157514598221695,0,6.41,20.786220688080256,4.760647059177217,24.12,823.24,72.91,0
Mustard,Laterite soils,2.422650386748149,1,5.63,50.003662732995785,1.3339062519960363,27.17,866.26,61.75,1
Til,Laterite soils,82.11526872345533,0,6.27,179.22366038694898,3.004640999287888,26.37,852.84,66.74,0
Groundnut,Alluvial soils,76.89512894880215,0,6.86,111.20094863538525,4.241037869145725,20.0,809.92,72.35,0
Jwar,Alluvial soils,3.1422931695712104,0,5.5,124.9568629244877,1.2982647039962512,28.19,924.9,80.45,0
Tiwra,Alluvial soils,94.65421714056572,0,5.57,98.95128901135244,3.864899065380877,21.83,861.8,90.0,0
Jwar,Laterite soils,92.81866674409925,1,5.87,159.32913111736443,4.144766898974626,20.3,829.67,80.51,0
Tiwra,Red and Yellow soils,36.11241183442073,0,5.91,127.43746461709286,3.6934087696499662,28.02,881.68,66.94,0
Tiwra,Laterite soils,66.59744978514821,1,6.64,180.71957832423595,3.992147155611458,30.0,828.43,82.2,0
Jwar,Laterite soils,83.27429064883648,1,5.71,66.97405545052723,4.904528295647274,27.29,867.61,63.1,1
Pea,Laterite soils,86.12529571965065,1,5.8,65.74792040384469,1.4305217882726928,23.76,848.24,84.3,1
Urd,Red and Yellow soils,45.498714553357374,0,6.86,78.41811791005178,2.4597531594443405,23.4,906.1,83.29,0
Moong,Black soils,66.35159251639024,0,5.64,154.92011886243904,4.532794847215374,27.52,911.98,67.22,0
Gram,Laterite soils,94.10126247062009,0,5.5,72.58126430651672,2.1511369511760727,24.77,894.99,60.0,0
Wheat,Red and Yellow soils,45.9958564972776,0,6.1,199.4706146791189,3.097939236387041,27.74,902.77,65.35,0
Urd,Black soils,24.427711240308238,0,5.85,40.40200266895553,4.121770237149953,24.03,949.21,86.49,0
Urd,Laterite soils,59.08990961897472,0,5.85,192.0845844938899,2.9650442270922275,22.58,945.13,60.0,0
Wheat,Red and Yellow soils,19.63023274762661,0,5.68,132.24686057442185,4.182026033346189,26.82,975.57,65.62,0
Gram,Alluvial soils,40.02287500376711,1,6.76,152.92792867079348,3.896782705565548,24.57,921.25,60.0,1
Maize,Black soils,38.61061367320439,0,5.97,170.31722106664762,0.5080767595702489,24.86,833.11,67.74,0
Tiwra,Laterite soils,83.03751864098753,0,6.07,103.43937315702806,4.951128879703812,29.19,957.37,71.15,0
Groundnut,Laterite soils,34.78961480849945,1,6.19,100.82047107807897,4.765268097487416,25.75,937.91,87.79,1
Millets,Alluvial soils,66.1773521263443,1,6.25,121.45483757861142,4.880676349583943,23.47,905.82,67.02,1
Kulthi,Red and Yellow soils,77.23112760032592,0,6.95,189.48722932169497,0.7063293420201492,24.3,809.93,76.17,0
Groundnut,Alluvial soils,36.793994091155895,0,6.07,191.11670343048607,4.024925591961438,25.51,927.98,88.87,0
Groundnut,Black soils,13.083322941050284,0,5.93,85.59418473765709,3.41430524157662,24.27,867.97,62.76,0
summer paddy,Laterite soils,99.68532353972208,1,6.18,36.79724244169026,0.5887722514342346,28.11,932.18,69.49,0
Kulthi,Black soils,39.49071677717886,0,6.01,60.39751234176016,3.8970756841866954,28.81,835.09,72.75,0
Millets,Alluvial soils,43.70916466330876,1,5.76,39.41587779577248,2.043259526678144,27.38,861.15,90.0,0
Urd,Red and Yellow soils,22.62538625387936,1,6.15,187.4545404933927,3.635494046187656,22.51,882.34,77.89,0
Niger,Red and Yellow soils,16.887171155387144,1,6.09,22.167450486029797,2.846606265660132,25.61,883.39,73.0,0
summer paddy,Laterite soils,14.757076703479033,0,6.06,114.56572536211222,3.841667344001905,23.87,892.6,71.1,0
Soybean,Alluvial soils,1.0845160463029235,0,6.06,132.15140054930788,1.295639412046346,25.51,809.54,82.6,0
Millets,Laterite soils,48.74312011750155,0,6.12,120.33880048951929,2.4768589850115967,20.0,884.75,76.21,0
Maize,Red and Yellow soils,73.05988458504615,0,6.83,100.07917652497429,3.303778717019921,20.24,895.52,70.52,0
Millets,Black soils,15.194191435755716,1,6.03,139.19187074455024,2.3495259339216563,30.0,892.12,76.53,1
Millets,Alluvial soils,43.70916466330876,1,5.64,39.41587779577248,2.043259526678144,26.75,902.24,89.37,0
Masoor,Red and Yellow soils,63.29267823677274,1,5.83,149.29521124251127,1.6236523171898996,20.24,973.24,61.15,1
Millets,Red and Yellow soils,60.97944387000568,0,6.29,183.50464510721,2.1363469721664288,29.41,826.85,69.47,0
Urd,Alluvial soils,18.245949358971803,1,6.32,144.86143436361849,4.22251584341133,27.65,884.01,69.7,1
Rice,Alluvial soils,55.7182474465031,0,6.15,34.65834578689061,2.032096363927362,27.8,830.18,65.35,0
Til,Alluvial soils,85.22978983877745,1,5.5,14.770261505983694,1.7336147501948824,26.1,893.79,60.0,0
Pea,Alluvial soils,63.2123421474168,1,6.17,30.08992185887418,2.1099619017340947,28.34,921.33,63.53,0
summer paddy,Alluvial soils,62.00398399717235,0,6.77,38.761830651487706,4.14766925501463,23.55,793.62,74.84,0
Moong,Laterite soils,1.3350146708237651,0,5.76,27.21836674974315,4.5485522285277975,28.66,910.62,63.24,0
Moong,Red and Yellow soils,6.70159104623501,0,6.77,154.37849353994258,1.4738508434764648,22.03,903.92,60.0,0
summer paddy,Laterite soils,90.855464380136,0,5.82,88.93461010502237,2.2896711723008787,24.29,914.81,82.01,0
Kulthi,Red and Yellow soils,4.874093193902079,0,5.81,58.01984131719706,1.2796791167350348,23.09,935.25,88.12,0
Jwar,Alluvial soils,3.1422931695712104,0,5.66,124.9568629244877,1.2982647039962512,28.43,889.64,75.06,0
Kulthi,Alluvial soils,67.60628023713699,0,5.7,34.05724834084618,3.7087473186135087,27.8,884.31,60.0,0
Moong,Red and Yellow soils,9.326065442028998,0,6.63,172.44853243892462,3.156078875040973,22.03,815.93,71.36,0
Kulthi,Laterite soils,31.16493766854265,0,6.69,37.76578110224007,3.3810076514253757,22.93,805.61,65.17,0
Pea,Black soils,35.50207418332751,0,5.85,155.1924950643728,4.558757044762429,28.67,879.16,74.65,0
Jwar,Laterite soils,20.52338382586908,0,6.95,39.04821267421946,2.0258284690301904,22.09,780.94,74.88,0
Groundnut,Laterite soils,81.6554741475988,1,6.91,86.15027954705378,1.14379756440237,26.33,853.85,75.96,1
Soybean,Laterite soils,82.5219028825696,1,6.31,120.98570933252736,1.84204637395397,21.23,875.53,90.0,1
Gram,Black soils,7.859205242978358,0,6.19,59.29153611037987,1.2925953541039088,24.73,882.75,70.9,0
Rice,Alluvial soils,45.02207961303291,1,5.96,183.9060120825367,2.2666440011155182,27.53,944.59,90.0,1
Soybean,Black soils,43.93909969768636,1,6.62,187.44094250103575,3.156684445310398,27.13,867.73,84.8,1
Masoor,Alluvial soils,45.92043415033586,0,6.74,175.13241790304798,3.316894792035183,26.13,873.41,83.8,0
Niger,Laterite soils,4.079749834554197,0,5.59,99.53335179078957,3.6129767886177073,25.28,891.9,65.39,0
Rice,Laterite soils,83.8775957011866,1,5.5,34.37576356945297,2.294909994831729,29.29,958.76,71.21,0
Gram,Black soils,43.903327920986655,1,6.67,153.1401018257682,2.190934023980345,25.98,903.34,81.12,1
Maize,Red and Yellow soils,73.05988458504615,0,6.95,100.07917652497429,3.303778717019921,20.79,889.01,68.9,0
Soybean,Red and Yellow soils,64.9013741262986,0,5.91,175.0559582444221,3.45476106865228,23.67,825.33,75.47,0
Wheat,Red and Yellow soils,45.9958564972776,0,6.15,199.4706146791189,3.097939236387041,27.69,824.43,63.05,0
Niger,Black soils,2.645006445988896,0,5.92,149.7523142684901,3.7486793601665775,25.89,845.44,72.79,0
Tiwra,Laterite soils,83.03751864098753,0,5.75,103.43937315702806,4.951128879703812,29.81,904.19,73.76,0
Groundnut,Laterite soils,65.31840295659302,0,6.98,141.36645020981774,4.393638773635823,26.8,801.23,79.37,0
Tiwra,Alluvial soils,49.96403886906193,0,6.48,129.23233750459332,1.024483141899196,24.19,849.25,68.13,0
Wheat,Alluvial soils,19.530682289860536,0,6.05,40.60874305282016,2.7283560112256846,25.86,908.76,85.58,0
Tiwra,Alluvial soils,42.73461385557504,1,6.38,46.60885970748865,2.3240919163041704,27.06,915.59,72.91,0
Kulthi,Alluvial soils,61.837349287810135,1,7.0,27.801636027771064,2.6701487722421016,27.42,843.92,81.11,0
Groundnut,Alluvial soils,51.66383286816028,0,6.3,98.78595372126168,1.518977035891242,22.17,839.69,68.25,0
summer paddy,Laterite soils,97.19340985732984,0,7.0,109.52068301196128,2.3271442877923745,30.0,807.74,72.22,0
Rice,Alluvial soils,55.7182474465031,0,6.43,34.65834578689061,2.032096363927362,28.28,852.2,63.42,0
Kulthi,Black soils,5.487798902751413,0,6.01,116.7863204842874,2.954194231161236,24.56,887.77,64.31,0
Urd,Red and Yellow soils,22.62538625387936,1,6.17,187.4545404933927,3.635494046187656,23.63,910.18,78.1,0
Maize,Alluvial soils,34.904783067347054,0,6.74,17.703829613210928,0.5905315307981513,27.95,803.64,90.0,0
Millets,Black soils,8.545620951059774,1,6.46,161.95956637121765,4.866411463972916,29.63,860.9,86.02,1
Wheat,Red and Yellow soils,44.32758410771781,0,6.56,147.39729054115696,3.125924867676585,26.46,943.03,60.91,0
Gram,Alluvial soils,79.26862073639087,1,5.85,169.83024901214273,4.126874099803565,21.61,914.95,82.38,1
Til,Laterite soils,79.80767833149267,1,5.7,195.1869784074493,4.9333156627866845,22.24,842.32,83.91,0
Urd,Black soils,24.427711240308238,0,5.93,40.40200266895553,4.121770237149953,24.21,876.57,88.27,0
Arhar,Laterite soils,10.205047368034332,1,5.99,171.60702634754793,1.5679546063176029,29.03,940.08,72.8,0
Millets,Black soils,3.6021924614231,0,6.3,20.467091914049288,0.5161914575404415,26.57,824.5,82.66,0
Moong,Alluvial soils,42.49140354238396,0,6.23,56.1970084461051,2.8797560145626053,24.33,863.16,72.17,0
Rice,Red and Yellow soils,7.996150840499768,0,6.73,73.07030318124619,1.7926143362906817,27.16,894.02,81.12,0
Jwar,Red and Yellow soils,61.33138378263416,0,6.51,131.90345014994583,3.0456960700275504,20.83,889.88,78.83,0
Wheat,Alluvial soils,91.05415430835896,0,6.98,160.42512776637145,0.6999369117890404,20.86,767.41,89.75,0
Maize,Black soils,65.32355202698167,0,5.5,153.432927891906,1.8221311119500412,21.44,924.4,73.19,0
Til,Red and Yellow soils,63.93819639548853,1,5.8,86.5501462725284,0.8314949690878561,27.7,958.29,71.16,1
Urd,Alluvial soils,18.245949358971803,1,6.52,144.86143436361849,4.22251584341133,27.22,934.01,67.7,1
Rice,Red and Yellow soils,62.88030372406628,0,6.29,69.50062910462015,4.898555948589926,24.9,934.48,76.87,0
Gram,Black soils,7.859205242978358,0,6.27,59.29153611037987,1.2925953541039088,23.44,931.56,72.45,0
Maize,Alluvial soils,34.904783067347054,0,6.96,17.703829613210928,0.5905315307981513,28.8,827.76,86.67,0
Millets,Black soils,51.93747983054598,1,6.25,147.6076818611602,3.4815759318038104,22.39,895.38,85.79,1
Groundnut,Alluvial soils,76.89512894880215,0,6.63,111.20094863538525,4.241037869145725,20.0,802.36,75.17,0
Niger,Black soils,41.408301825253936,1,6.24,31.68152038748095,2.551580468611744,22.84,899.24,66.35,0
Pea,Red and Yellow soils,21.55979018755156,0,6.62,77.78609298703317,3.689048046868987,22.62,815.04,60.99,0
Kulthi,Laterite soils,93.89813650383569,0,6.72,193.230305006838,2.25817436042408,28.44,928.86,60.0,0
Tiwra,Black soils,94.76385180041332,0,6.59,110.7678118617717,0.8166051320582242,27.17,807.83,84.91,0
Groundnut,Red and Yellow soils,44.10436539094836,0,5.71,191.6079760172045,1.0565774612663703,23.78,946.02,74.35,0
Jwar,Alluvial soils,25.85682337890519,1,5.72,102.61050271033608,4.377680196883321,25.83,903.51,87.58,0
summer paddy,Alluvial soils,68.88862950071787,1,5.93,73.83428244149384,0.5966557233781861,28.14,962.34,75.59,1
Millets,Black soils,51.93747983054598,1,6.29,147.6076818611602,3.4815759318038104,22.77,887.93,83.48,1
Mustard,Laterite soils,71.43977713087003,0,5.6,192.4061665391249,2.318230840930169,22.37,912.53,80.23,0
Groundnut,Laterite soils,47.3154015978025,0,5.89,163.00709664528063,2.6080442594736524,20.73,902.58,62.32,0
Masoor,Red and Yellow soils,79.30084242753477,1,6.61,11.043366165214929,1.7972285602299596,20.56,817.42,66.34,0
Moong,Laterite soils,44.60788148262814,1,5.62,83.79284451275134,2.217174315777015,24.02,991.79,63.8,1
Urd,Laterite soils,59.08990961897472,0,5.9,192.0845844938899,2.9650442270922275,22.9,953.61,60.0,0
Niger,Black soils,37.31419938079141,1,7.0,132.93729695324475,2.649581196463151,24.82,886.15,88.14,1
summer paddy,Red and Yellow soils,39.66105407075501,0,6.71,35.35427059036928,1.3256422203939051,21.56,827.23,64.17,0
Urd,Laterite soils,4.197889378619497,0,6.53,90.0138398925223,4.669929373092929,30.0,806.56,79.82,0
Wheat,Alluvial soils,67.4018482677936,0,5.77,27.39069849597884,4.906744463762068,20.79,850.08,62.85,0
Millets,Alluvial soils,11.562316984377864,1,5.87,36.32941582572472,4.6043699786807775,24.8,973.43,68.48,0
Rice,Black soils,51.78490534951984,1,5.58,159.67777079366866,3.8935916410771423,20.0,963.74,78.49,1
Kulthi,Laterite soils,31.16493766854265,0,6.55,37.76578110224007,3.3810076514253757,20.78,898.33,65.57,0
Rice,Laterite soils,25.09494464680028,1,5.97,157.04690334075116,1.926924601319298,20.52,871.75,87.13,1
Masoor,Red and Yellow soils,90.46926764515013,1,6.16,39.5265414675269,4.552431153446992,24.88,909.62,75.85,0
Soybean,Laterite soils,82.5219028825696,1,6.45,120.98570933252736,1.84204637395397,23.59,799.73,90.0,1
Moong,Alluvial soils,30.47426495779317,1,5.88,79.66928665808871,2.6924502123480902,24.34,904.81,76.91,1
Til,Laterite soils,79.9474430875547,1,6.0,173.28889307383915,3.202864513601942,20.43,948.14,60.0,1
Wheat,Black soils,27.701983404171347,1,7.0,165.79370043835235,0.8135175506595091,27.39,765.54,81.63,1
Millets,Laterite soils,48.74312011750155,0,6.25,120.33880048951929,2.4768589850115967,20.0,872.69,79.6,0
Pea,Alluvial soils,63.2123421474168,1,6.31,30.08992185887418,2.1099619017340947,27.9,814.37,66.8,0
Urd,Laterite soils,56.01656404336428,1,5.75,169.6786697669429,1.2509461554512062,28.97,918.48,75.31,1
Tiwra,Black soils,97.158326515426,0,5.5,132.63690929018293,0.9977835566720724,22.98,838.68,73.08,0
Mustard,Laterite soils,3.375598634207229,0,6.74,155.35234889949072,4.286214413194463,23.9,787.49,67.97,0
Tiwra,Red and Yellow soils,45.40305501460495,1,5.55,63.94801167122259,4.253171358306454,27.52,932.66,79.79,1
Urd,Laterite soils,2.7426498464331512,0,5.63,88.14528120125196,4.954035987983664,22.02,910.69,70.69,0
Mustard,Black soils,19.12922251866725,1,5.84,103.50209792378745,2.617585675899809,26.08,904.84,66.57,0
Moong,Black soils,75.01023382812153,1,7.0,27.654315800797047,2.046099335099027,29.11,791.08,66.2,0
Kulthi,Red and Yellow soils,4.874093193902079,0,6.24,58.01984131719706,1.2796791167350348,21.69,928.87,81.84,0
Niger,Black soils,30.080933360930537,0,5.68,52.22680121536878,1.086363801815192,25.41,924.63,71.12,0
Tiwra,Alluvial soils,94.65421714056572,0,5.5,98.95128901135244,3.864899065380877,20.1,864.52,90.0,0
Maize,Red and Yellow soils,73.05988458504615,0,7.0,100.07917652497429,3.303778717019921,21.09,885.66,71.5,0
Tiwra,Laterite soils,83.03751864098753,0,5.97,103.43937315702806,4.951128879703812,29.17,810.38,78.81,0
Kulthi,Alluvial soils,92.5492169547469,1,6.94,172.39818815807868,1.6613788159021248,27.08,902.82,82.79,1
Niger,Laterite soils,4.079749834554197,0,5.75,99.53335179078957,3.6129767886177073,24.27,840.45,67.16,0
Urd,Alluvial soils,37.78258122050927,1,5.67,46.08242628582618,2.6125853106729853,27.83,882.03,73.27,0
Moong,Black soils,70.46581678149187,0,5.92,21.66905565059997,4.032486033053475,21.53,895.68,85.44,0
Kulthi,Alluvial soils,92.5492169547469,1,6.88,172.39818815807868,1.6613788159021248,28.77,755.78,90.0,1
Soybean,Black soils,98.59433372410363,0,5.84,78.26901572028348,4.212803098596902,24.34,828.1,73.51,0
Moong,Laterite soils,44.60788148262814,1,5.87,83.79284451275134,2.217174315777015,26.47,870.71,62.28,1
Millets,Laterite soils,69.8935704948745,0,6.25,32.32819760191878,3.248766454068652,27.95,910.51,83.54,0
Groundnut,Alluvial soils,36.793994091155895,0,6.14,191.11670343048607,4.024925591961438,26.59,875.95,83.15,0
Gram,Alluvial soils,96.98944330900548,0,6.48,18.44939670465994,1.562279272549458,23.79,926.63,74.18,0
Maize,Laterite soils,32.09495506812422,0,6.46,71.06637841499042,4.98667080551723,23.72,889.46,72.79,0
Til,Black soils,58.53364358235279,1,6.82,199.36210175604907,0.7934570356250641,28.42,837.83,80.23,1
Wheat,Red and Yellow soils,45.9958564972776,0,6.24,199.4706146791189,3.097939236387041,28.52,846.27,61.03,0
Til,Red and Yellow soils,63.93819639548853,1,5.83,86.5501462725284,0.8314949690878561,28.23,955.4,65.68,1
Jwar,Alluvial soils,93.969049183815,1,6.37,83.89046853013258,1.8300016425041368,26.1,869.86,87.53,1
Gram,Alluvial soils,44.36061613463463,1,5.59,51.92836348552057,1.185780320544819,20.77,842.38,77.11,1
Gram,Red and Yellow soils,82.07588905682253,0,6.85,18.009491866681152,3.233362891898263,20.0,917.91,82.64,0
Rice,Black soils,5.27909199036012,1,6.75,172.95426825777906,0.8633173028000611,20.49,869.22,62.37,1
Urd,Laterite soils,59.08990961897472,0,6.03,192.0845844938899,2.9650442270922275,22.89,966.53,63.1,0
Jwar,Red and Yellow soils,14.921019331346107,0,5.98,199.58265014089395,3.3401633423800927,21.61,847.85,81.67,0
Millets,Black soils,85.5878730724342,1,6.17,61.37039983559247,3.7262686183632985,26.89,869.64,74.52,0
summer paddy,Laterite soils,14.757076703479033,0,6.48,114.56572536211222,3.841667344001905,23.26,900.48,75.37,0
Arhar,Black soils,7.8885965708143235,0,6.66,22.190126691675964,1.5355669671957597,24.13,831.48,80.24,0
Jwar,Alluvial soils,33.52139305008494,1,6.14,170.24519022942422,1.7358279923002595,24.77,963.1,62.47,1
Jwar,Black soils,6.792207993494205,1,5.69,141.9426703662678,3.0373075279627453,26.78,894.62,79.06,0
Masoor,Black soils,76.58104466203038,0,6.1,112.258823548082,0.8441663455221252,26.46,926.33,66.57,0
Urd,Laterite soils,56.01656404336428,1,5.6,169.6786697669429,1.2509461554512062,29.78,968.01,78.43,1
Rice,Black soils,51.78490534951984,1,5.55,159.67777079366866,3.8935916410771423,21.85,970.32,76.36,1
Jwar,Red and Yellow soils,14.921019331346107,0,5.99,199.58265014089395,3.3401633423800927,22.84,919.25,85.03,0
Moong,Alluvial soils,40.61480583667867,1,5.72,166.39544242161517,4.281051864970563,29.0,950.78,62.61,1
Mustard,Laterite soils,53.54515854139666,1,6.81,108.2514903397496,3.718948332542829,24.92,796.87,73.44,1
Tiwra,Laterite soils,77.41000299816143,0,5.67,102.68567704073148,4.5790889615245725,20.0,833.25,64.25,0
Tiwra,Laterite soils,83.03751864098753,0,5.61,103.43937315702806,4.951128879703812,29.7,943.94,75.98,0
summer paddy,Laterite soils,34.066071163832795,1,6.26,149.23083239700463,4.611200027303879,27.74,835.77,72.78,1
Maize,Red and Yellow soils,60.85170379581952,1,6.13,154.7840778557563,1.2002355013252552,24.17,933.3,74.47,1
Til,Red and Yellow soils,80.31440413281457,0,6.09,77.60609722671164,0.5869799739884878,27.15,963.81,68.43,0
Groundnut,Alluvial soils,77.64734025846953,1,6.92,30.1290536211666,2.4437057909109408,24.42,895.71,64.75,0
Tiwra,Red and Yellow soils,36.11241183442073,0,5.69,127.43746461709286,3.6934087696499662,28.17,957.89,61.21,0
Masoor,Black soils,57.674849565932185,0,6.13,50.45115979273248,1.5982455206728323,23.97,966.68,61.03,0
Jwar,Black soils,58.43929542154972,1,5.98,16.566631578535365,3.473426184998023,21.1,901.57,68.43,0
Tiwra,Black soils,94.76385180041332,0,6.44,110.7678118617717,0.8166051320582242,27.54,919.54,88.48,0
Moong,Alluvial soils,26.489067920660645,1,6.0,57.774369919506846,4.0238207365493945,21.84,908.47,87.0,1
Pea,Red and Yellow soils,21.55979018755156,0,6.69,77.78609298703317,3.689048046868987,22.51,795.18,63.69,0
Mustard,Alluvial soils,29.138359213116704,0,6.4,163.4305505984715,3.5913293882148416,26.09,889.03,66.73,0
Urd,Red and Yellow soils,45.498714553357374,0,6.75,78.41811791005178,2.4597531594443405,23.29,880.08,76.34,0
Soybean,Laterite soils,50.60103662954688,0,5.93,171.12574873717588,2.589034966808882,21.03,852.49,74.12,0
Urd,Alluvial soils,37.78258122050927,1,5.67,46.08242628582618,2.6125853106729853,28.62,910.57,74.49,0
Pea,Black soils,96.80767801393904,0,6.69,195.8016411514046,1.166165615757137,24.0,840.63,75.72,0
Millets,Black soils,3.6021924614231,0,6.37,20.467091914049288,0.5161914575404415,25.68,870.05,82.23,0
Kulthi,Black soils,67.84108048066902,1,6.68,44.23042527392003,2.349613359680567,23.89,901.99,76.83,0
Urd,Red and Yellow soils,22.62538625387936,1,6.01,187.4545404933927,3.635494046187656,22.62,914.59,84.2,0
Groundnut,Red and Yellow soils,44.10436539094836,0,5.65,191.6079760172045,1.0565774612663703,21.86,966.17,74.42,0
Maize,Black soils,19.463557757075588,0,6.68,125.4704718867283,2.598418486481846,22.45,883.08,82.38,0
Wheat,Alluvial soils,67.4018482677936,0,5.92,27.39069849597884,4.906744463762068,21.42,897.08,63.13,0
Masoor,Alluvial soils,71.71208281936302,0,6.7,31.377403355249527,1.0655330314056928,26.95,868.55,65.51,0
Moong,Alluvial soils,30.47426495779317,1,5.78,79.66928665808871,2.6924502123480902,25.0,954.94,73.48,1
Jwar,Black soils,58.43929542154972,1,5.66,16.566631578535365,3.473426184998023,23.13,880.6,66.37,0
Jwar,Laterite soils,20.52338382586908,0,6.83,39.04821267421946,2.0258284690301904,24.32,886.27,73.51,0
Kulthi,Alluvial soils,54.81048353532652,1,6.09,24.193410570245213,4.594332152474536,25.2,875.34,61.07,0
Maize,Laterite soils,32.09495506812422,0,6.76,71.06637841499042,4.98667080551723,24.61,935.76,70.76,0
Soybean,Black soils,39.78177453222698,0,5.69,94.97051601405003,2.865401887107058,26.85,855.04,69.42,0
Millets,Red and Yellow soils,17.122970872144943,1,6.26,60.7652239322664,2.3761285663683043,26.55,827.24,74.23,1
Soybean,Red and Yellow soils,8.583758015057295,1,6.54,20.154563205107696,4.90903272481961,20.86,794.9,83.49,0
Millets,Black soils,85.5878730724342,1,6.03,61.37039983559247,3.7262686183632985,26.57,935.29,78.44,0
Mustard,Red and Yellow soils,47.35020570684794,1,6.81,14.979387934802954,2.7212244906205534,23.31,790.68,72.19,0
Millets,Black soils,51.93747983054598,1,5.89,147.6076818611602,3.4815759318038104,23.79,904.95,88.52,1
Tiwra,Red and Yellow soils,12.71408322731068,0,5.67,16.77495232897338,2.110155905799066,23.05,936.69,85.08,0
Masoor,Alluvial soils,17.051062582241848,1,6.87,158.50864420956958,2.1741170604411213,24.23,823.64,81.43,1
Soybean,Red and Yellow soils,79.46057483174057,0,6.57,150.462155599481,3.444350816677973,20.55,901.26,84.59,0
Moong,Alluvial soils,40.61480583667867,1,5.97,166.39544242161517,4.281051864970563,28.31,848.57,60.0,1
Jwar,Red and Yellow soils,61.33138378263416,0,6.35,131.90345014994583,3.0456960700275504,20.0,800.44,78.84,0
Jwar,Laterite soils,52.03647167552329,1,6.62,64.66675150721977,1.1856502725788038,29.72,934.54,67.73,1
summer paddy,Alluvial soils,68.88862950071787,1,5.86,73.83428244149384,0.5966557233781861,27.01,922.37,77.79,1
Til,Alluvial soils,85.22978983877745,1,5.68,14.770261505983694,1.7336147501948824,25.0,960.51,66.26,0
Niger,Black soils,56.17716140693022,1,6.48,42.88801275230651,2.992074792161899,25.82,942.82,69.84,0
Tiwra,Laterite soils,66.59744978514821,1,6.39,180.71957832423595,3.992147155611458,30.0,903.01,78.22,0
Arhar,Laterite soils,10.205047368034332,1,6.24,171.60702634754793,1.5679546063176029,27.03,842.87,77.51,0
Pea,Red and Yellow soils,43.446323388532846,0,6.89,141.32630646402174,3.2583353976805944,29.69,884.7,63.55,0
Masoor,Alluvial soils,88.17766186897569,0,5.51,13.862974164951854,3.4365674693025685,26.39,980.19,75.96,0
Maize,Black soils,19.463557757075588,0,6.4,125.4704718867283,2.598418486481846,23.03,838.34,79.26,0
Groundnut,Alluvial soils,76.89512894880215,0,6.7,111.20094863538525,4.241037869145725,20.0,801.4,72.11,0
Millets,Black soils,6.907493912567169,0,6.57,84.40519823967013,2.862263975769026,26.49,801.78,85.66,0
Niger,Red and Yellow soils,54.18360976009397,1,6.89,118.99187835760888,4.683784908669928,23.3,824.2,77.15,1
Kulthi,Black soils,18.967225361011167,0,6.68,10.664611709977248,0.7513002185498734,20.67,837.23,60.27,0
Maize,Black soils,87.75885918969198,0,5.69,139.78469040599293,1.3665129133839682,27.73,880.87,87.95,0
Pea,Red and Yellow soils,14.258821823399837,1,6.58,181.6323051076012,4.302368943900499,25.27,799.02,68.77,1
Gram,Black soils,43.903327920986655,1,7.0,153.1401018257682,2.190934023980345,25.85,888.35,81.34,1
Mustard,Alluvial soils,91.82905732992558,1,6.58,53.74481212887618,1.5966321610404377,24.49,810.14,68.62,1
Moong,Laterite soils,4.258463097456195,0,5.58,181.9289995636216,3.8846723421151497,25.54,843.65,75.04,0
Arhar,Laterite soils,74.64442798330771,1,5.94,155.32653226232352,1.9369977433354968,28.23,955.45,85.14,1
Gram,Alluvial soils,96.9050114005799,0,6.5,122.13502087504426,2.056511701070491,20.85,843.37,86.47,0
Millets,Alluvial soils,23.54097596703025,1,6.69,57.43568008837477,1.5978107189656572,24.63,814.39,83.75,1
Millets,Laterite soils,69.8935704948745,0,6.58,32.32819760191878,3.248766454068652,27.44,793.9,83.46,0
Til,Black soils,85.01927690614711,0,6.58,142.2143460301832,3.3364185717505808,21.29,795.28,79.52,0
Rice,Black soils,68.42984036578169,0,6.31,121.15296547268264,2.6923847070482827,29.86,840.14,90.0,0
Soybean,Alluvial soils,45.929950244441066,1,6.44,146.06295145488895,4.868631700892124,26.7,812.46,72.9,0
Jwar,Red and Yellow soils,54.09861316205604,1,5.7,43.55196900142567,2.5235327567755976,27.65,871.72,69.56,0
Gram,Black soils,18.54638357946299,1,5.67,34.31846563723244,1.5054079551932045,25.18,942.26,67.67,0
Arhar,Laterite soils,10.205047368034332,1,6.29,171.60702634754793,1.5679546063176029,27.08,803.57,73.56,0
Kulthi,Alluvial soils,95.13326238868204,1,6.8,125.509145492839,4.864218401260991,24.61,941.52,64.37,1
Gram,Black soils,48.6773164556799,1,5.68,69.28313557959125,2.0201114088284804,21.62,842.98,80.0,1
Pea,Black soils,52.66967119754954,1,5.9,193.05858625795943,1.4970629237169906,27.44,857.98,86.56,1
summer paddy,Alluvial soils,62.00398399717235,0,6.78,38.761830651487706,4.14766925501463,22.43,773.28,79.48,0
Jwar,Alluvial soils,87.5833721223469,0,6.47,73.36725049269779,3.5742192788952645,28.86,881.1,66.57,0
Millets,Red and Yellow soils,70.98318926589636,1,6.89,74.80825570491946,3.7312992983988873,26.69,792.09,62.74,1
Kulthi,Laterite soils,6.566266666595126,1,6.63,182.44291675508293,2.3480193489739687,25.25,887.76,68.43,1
Rice,Laterite soils,25.09494464680028,1,6.3,157.04690334075116,1.926924601319298,21.03,849.32,87.4,1
Groundnut,Laterite soils,81.6554741475988,1,6.9,86.15027954705378,1.14379756440237,24.01,785.24,73.47,1
Jwar,Laterite soils,20.52338382586908,0,7.0,39.04821267421946,2.0258284690301904,24.78,915.0,74.75,0
Millets,Red and Yellow soils,70.98318926589636,1,6.74,74.80825570491946,3.7312992983988873,26.26,921.63,60.0,1
Masoor,Red and Yellow soils,15.573043648692993,0,5.5,40.394151236744186,2.3537196802479925,26.41,927.86,69.07,0
Mustard,Laterite soils,71.43977713087003,0,5.95,192.4061665391249,2.318230840930169,20.0,826.16,74.89,0
summer paddy,Black soils,99.14865361366142,0,6.44,134.30705078512983,1.949386589804747,23.69,824.33,60.9,0
Maize,Red and Yellow soils,83.97676737225935,0,5.68,174.8228236194111,1.95984723189331,25.09,945.41,79.94,0
Maize,Alluvial soils,25.96962093356883,0,5.79,159.78724651759555,2.4066244155234733,20.25,952.13,70.95,0
Tiwra,Black soils,94.76385180041332,0,6.56,110.7678118617717,0.8166051320582242,27.56,895.71,83.28,0
Jwar,Black soils,57.1131845366664,0,6.41,85.61927717435609,3.85322871870764,24.58,844.63,60.0,0
Jwar,Alluvial soils,87.5833721223469,0,6.21,73.36725049269779,3.5742192788952645,28.4,857.6,62.35,0
Urd,Alluvial soils,37.78258122050927,1,5.72,46.08242628582618,2.6125853106729853,28.71,904.43,73.6,0
Groundnut,Alluvial soils,77.64734025846953,1,6.56,30.1290536211666,2.4437057909109408,23.0,897.73,64.99,0
Urd,Black soils,24.427711240308238,0,5.91,40.40200266895553,4.121770237149953,24.3,800.6,86.68,0
Kulthi,Red and Yellow soils,71.95464735059075,0,6.51,143.26123077544585,2.2065192855643185,25.63,821.51,75.81,0
Jwar,Black soils,58.43929542154972,1,5.8,16.566631578535365,3.473426184998023,21.58,937.42,68.13,0
Pea,Laterite soils,23.804071407579336,1,6.42,131.24557260272172,3.669244395754899,27.15,877.93,83.45,1
Rice,Alluvial soils,54.82894674818631,0,6.48,199.60504257664195,1.60459882847338,22.74,864.27,65.24,0
Masoor,Red and Yellow soils,84.52316916652465,1,6.37,136.06206737070266,3.720799011587236,25.6,930.62,75.04,1
summer paddy,Laterite soils,97.19340985732984,0,6.69,109.52068301196128,2.3271442877923745,28.78,894.77,66.94,0
Jwar,Alluvial soils,89.71217350262663,0,6.77,25.10256180019756,4.094914179917966,21.74,882.06,69.59,0
Arhar,Alluvial soils,16.947340444794044,0,6.78,115.46353355361116,3.294811394244745,23.11,809.99,74.49,0
Millets,Alluvial soils,66.1773521263443,1,6.53,121.45483757861142,4.880676349583943,25.09,904.65,64.17,1
Niger,Laterite soils,14.75564765833209,1,5.92,43.53470873409088,3.958799053421168,28.23,853.85,82.58,0
Rice,Black soils,5.27909199036012,1,6.89,172.95426825777906,0.8633173028000611,20.88,909.4,60.0,1
Soybean,Laterite soils,13.10812731307866,1,5.77,178.12965587280345,2.260207718353315,30.0,876.3,77.05,1
Kulthi,Black soils,18.967225361011167,0,7.0,10.664611709977248,0.7513002185498734,20.92,874.11,60.16,0
Til,Red and Yellow soils,80.31440413281457,0,5.84,77.60609722671164,0.5869799739884878,26.17,887.64,68.42,0
Soybean,Black soils,80.18699184832587,1,6.05,66.79895680678409,2.870925046781913,29.68,931.61,80.51,1
Til,Laterite soils,89.66061130236088,0,5.79,138.96491601693197,2.999699639608014,26.02,814.62,89.0,0
Gram,Black soils,33.36100018676664,1,6.24,77.38147579324998,4.486073743546642,28.57,908.1,67.81,1
Masoor,Red and Yellow soils,84.52316916652465,1,6.28,136.06206737070266,3.720799011587236,25.32,831.71,77.11,1
Til,Black soils,58.53364358235279,1,6.75,199.36210175604907,0.7934570356250641,28.66,873.86,78.2,1
Soybean,Red and Yellow soils,79.46057483174057,0,6.65,150.462155599481,3.444350816677973,21.26,896.79,84.8,0
Rice,Laterite soils,6.748270550218036,0,5.9,153.16939920228737,1.174174578363922,24.66,884.67,60.0,0
Millets,Laterite soils,43.90448238355727,0,6.12,165.51927153855505,0.5251230931434431,22.07,831.93,67.75,0
Kulthi,Alluvial soils,61.837349287810135,1,6.71,27.801636027771064,2.6701487722421016,26.55,851.73,80.26,0
Gram,Black soils,7.538508193294686,1,6.53,22.895319575658647,0.7515476161379425,23.33,824.71,90.0,0
Mustard,Black soils,8.188474407011933,1,7.0,47.59586392867045,2.8105878706836,20.22,836.78,61.77,0
Urd,Black soils,30.25969736488654,0,5.97,28.04568065397041,1.8011830369833524,27.16,876.55,83.96,0
Gram,Red and Yellow soils,19.447014158096326,0,7.0,144.3782799628782,2.1302329607260293,29.13,861.96,81.77,0
Masoor,Red and Yellow soils,90.46926764515013,1,6.25,39.5265414675269,4.552431153446992,26.41,847.86,78.05,0
summer paddy,Laterite soils,34.066071163832795,1,6.62,149.23083239700463,4.611200027303879,26.47,824.43,78.93,1
Soybean,Laterite soils,82.5219028825696,1,6.14,120.98570933252736,1.84204637395397,21.86,940.9,90.0,1
Pea,Red and Yellow soils,77.1904149781785,1,6.24,159.6942075375746,3.61915464017993,25.83,942.01,60.0,1
Pea,Red and Yellow soils,14.258821823399837,1,6.59,181.6323051076012,4.302368943900499,26.03,914.33,63.83,1
Arhar,Alluvial soils,84.94829653763078,0,6.45,148.30405234987228,2.085751113035552,25.36,856.62,76.75,0
summer paddy,Alluvial soils,62.00398399717235,0,6.68,38.761830651487706,4.14766925501463,24.51,878.86,75.16,0
Tiwra,Laterite soils,99.79302285723834,1,6.16,28.356863022535748,2.7788430905388597,24.35,807.05,89.62,0
Til,Laterite soils,79.80767833149267,1,5.77,195.1869784074493,4.9333156627866845,24.54,908.39,82.66,0
summer paddy,Alluvial soils,68.88862950071787,1,6.06,73.83428244149384,0.5966557233781861,28.1,867.37,79.47,1
Maize,Black soils,38.61061367320439,0,6.32,170.31722106664762,0.5080767595702489,22.29,809.19,68.26,0
Masoor,Alluvial soils,17.051062582241848,1,6.86,158.50864420956958,2.1741170604411213,22.63,767.25,79.56,1
Gram,Black soils,43.903327920986655,1,6.63,153.1401018257682,2.190934023980345,27.91,930.91,83.57,1
Niger,Red and Yellow soils,16.887171155387144,1,6.1,22.167450486029797,2.846606265660132,26.82,907.65,73.8,0
Rice,Red and Yellow soils,94.9606118039142,0,5.68,54.1128672085785,1.619877527026648,22.1,837.7,61.52,0
summer paddy,Red and Yellow soils,1.3568197489404303,1,5.85,169.14624833347128,4.405057679473639,28.12,962.33,78.65,0
Kulthi,Red and Yellow soils,71.95464735059075,0,6.54,143.26123077544585,2.2065192855643185,24.03,882.75,79.54,0
Millets,Black soils,6.907493912567169,0,6.87,84.40519823967013,2.862263975769026,28.47,834.95,81.24,0
Mustard,Alluvial soils,12.351657408054075,1,5.77,74.45869273649792,2.028361205368407,20.0,856.34,78.15,1
Millets,Black soils,3.6021924614231,0,6.07,20.467091914049288,0.5161914575404415,28.22,797.16,82.64,0
Millets,Red and Yellow soils,60.97944387000568,0,6.4,183.50464510721,2.1363469721664288,29.01,946.06,70.45,0
Gram,Laterite soils,25.539681660071125,1,6.68,24.59636681009846,2.769413193485069,21.54,797.82,73.9,0
Moong,Laterite soils,44.60788148262814,1,5.8,83.79284451275134,2.217174315777015,24.52,841.89,61.84,1
summer paddy,Red and Yellow soils,23.656969306526207,1,6.7,160.81222387384514,2.887401159556615,30.0,804.96,62.05,1
Tiwra,Laterite soils,99.79302285723834,1,6.09,28.356863022535748,2.7788430905388597,24.36,873.14,87.76,0
Niger,Red and Yellow soils,30.05926746262701,0,5.54,171.41131547239257,3.621531844526511,29.33,914.57,62.02,0
Moong,Black soils,68.47419592831014,1,5.92,62.139746561585554,1.7248326329770518,25.68,857.59,74.69,0
Millets,Alluvial soils,83.4164579675254,0,6.46,146.3607032263529,4.542588877178431,24.3,862.43,86.49,0
Til,Alluvial soils,25.073589779047172,0,7.0,173.56684832753513,0.5153972218655465,27.89,853.23,64.79,0
Soybean,Alluvial soils,45.929950244441066,1,6.49,146.06295145488895,4.868631700892124,26.06,916.35,76.5,0
Masoor,Black soils,35.88229477097293,0,6.9,78.05785247904603,3.7076108701053294,26.88,829.92,62.39,0
Tiwra,Black soils,97.158326515426,0,5.5,132.63690929018293,0.9977835566720724,22.34,914.78,71.83,0
Kulthi,Black soils,18.967225361011167,0,6.81,10.664611709977248,0.7513002185498734,21.8,789.86,66.35,0
Urd,Alluvial soils,91.70252765931488,0,6.77,15.605923247840275,3.5094411666075778,23.58,855.6,77.48,0
Wheat,Laterite soils,92.6074773325522,1,5.54,171.06465646258272,1.1677687279613973,23.85,925.94,80.24,1
Masoor,Alluvial soils,17.051062582241848,1,6.96,158.50864420956958,2.1741170604411213,23.08,818.62,77.22,1
Jwar,Laterite soils,85.67941919967865,1,5.81,155.92944761114924,4.804050202111057,28.82,938.86,61.42,1
Tiwra,Laterite soils,83.03751864098753,0,5.79,103.43937315702806,4.951128879703812,29.8,960.03,72.35,0
Pea,Laterite soils,23.804071407579336,1,6.48,131.24557260272172,3.669244395754899,28.18,803.05,78.44,1
Pea,Alluvial soils,17.17303816819014,0,5.6,163.3134475429299,2.644391106796571,25.74,957.43,70.59,0
Masoor,Black soils,95.87154982405876,1,6.73,129.9810832257704,0.5034414484512415,20.0,944.08,60.0,1
Masoor,Alluvial soils,45.92043415033586,0,6.88,175.13241790304798,3.316894792035183,28.19,794.47,82.96,0
Kulthi,Black soils,39.49071677717886,0,6.21,60.39751234176016,3.8970756841866954,26.77,890.65,72.15,0
Gram,Black soils,33.36100018676664,1,6.21,77.38147579324998,4.486073743546642,26.98,956.19,61.52,1
Moong,Laterite soils,47.72185492708941,0,7.0,108.96450143039937,2.7671496106270737,30.0,863.8,82.86,0
summer paddy,Laterite soils,97.19340985732984,0,6.72,109.52068301196128,2.3271442877923745,28.5,863.17,67.0,0
Soybean,Black soils,99.34559799516776,0,7.0,135.6931179241448,1.381824872493303,21.89,875.89,71.35,0
Arhar,Laterite soils,10.205047368034332,1,6.18,171.60702634754793,1.5679546063176029,27.35,944.47,71.53,0
Masoor,Alluvial soils,45.62108056768259,0,6.6,174.13879435365195,4.357303858339503,26.14,857.32,60.73,0
Niger,Laterite soils,14.75564765833209,1,5.61,43.53470873409088,3.958799053421168,29.58,881.82,80.74,0
Maize,Black soils,19.410359181755048,0,5.67,167.23117270851932,4.392858700280796,27.48,856.21,60.0,0
Rice,Laterite soils,83.8775957011866,1,5.5,34.37576356945297,2.294909994831729,29.3,862.63,72.02,0
Rice,Black soils,5.27909199036012,1,6.92,172.95426825777906,0.8633173028000611,20.7,849.05,63.3,1
Gram,Alluvial soils,16.672643607007103,0,6.16,103.22443146605498,0.846637066382314,20.0,879.56,62.9,0
Urd,Alluvial soils,18.245949358971803,1,6.45,144.86143436361849,4.22251584341133,27.89,845.69,71.01,1
Urd,Alluvial soils,61.5620526784047,1,5.91,104.44263990041502,2.5721342995786207,22.92,888.96,84.96,1
Moong,Alluvial soils,40.61480583667867,1,5.96,166.39544242161517,4.281051864970563,28.16,912.64,64.82,1
Urd,Laterite soils,2.7426498464331512,0,5.93,88.14528120125196,4.954035987983664,21.6,947.46,65.96,0
Til,Laterite soils,79.9474430875547,1,5.59,173.28889307383915,3.202864513601942,23.31,852.32,60.97,1
Jwar,Alluvial soils,21.797420722217726,0,6.46,83.75345151111428,2.0437014769879367,27.04,788.02,90.0,0
Pea,Red and Yellow soils,45.88200025350533,0,6.82,166.4197314414131,0.7604645881312596,25.15,819.94,67.2,0
summer paddy,Alluvial soils,68.88862950071787,1,6.06,73.83428244149384,0.5966557233781861,27.22,895.63,79.34,1
Maize,Alluvial soils,84.40064941289427,0,6.73,117.3407974676231,2.5830017311527627,27.76,785.34,90.0,0
Wheat,Laterite soils,7.276797004040833,0,6.2,117.16853925930828,3.99316410162361,26.35,829.92,89.84,0
Pea,Laterite soils,37.95291147089761,1,6.7,155.92154634208538,1.0961422182962492,23.44,917.46,79.59,1
Wheat,Alluvial soils,67.4018482677936,0,5.79,27.39069849597884,4.906744463762068,21.04,842.59,64.8,0
Groundnut,Laterite soils,65.31840295659302,0,6.95,141.36645020981774,4.393638773635823,26.21,908.34,82.36,0
Moong,Alluvial soils,40.61480583667867,1,5.99,166.39544242161517,4.281051864970563,27.73,925.67,63.63,1
Wheat,Alluvial soils,86.54297981140141,0,6.74,108.46872549256152,3.65827855817515,20.41,800.88,63.33,0
Masoor,Alluvial soils,45.62108056768259,0,6.71,174.13879435365195,4.357303858339503,26.86,917.83,61.46,0
Masoor,Red and Yellow soils,79.30084242753477,1,6.83,11.043366165214929,1.7972285602299596,21.2,923.68,66.28,0
Masoor,Alluvial soils,88.17766186897569,0,5.85,13.862974164951854,3.4365674693025685,27.15,875.31,77.92,0
Til,Red and Yellow soils,85.94972915026943,1,5.79,124.22027903539907,4.9855581453472375,21.15,894.73,82.87,1
Pea,Red and Yellow soils,45.88200025350533,0,6.69,166.4197314414131,0.7604645881312596,25.0,870.94,65.39,0
Urd,Alluvial soils,37.78258122050927,1,5.66,46.08242628582618,2.6125853106729853,28.03,900.03,71.94,0
Rice,Alluvial soils,36.01014845087093,0,6.03,95.5705372998716,0.9837850209673618,21.13,903.52,73.54,0
Wheat,Laterite soils,92.6074773325522,1,5.63,171.06465646258272,1.1677687279613973,24.96,887.91,74.87,1
Maize,Alluvial soils,34.904783067347054,0,6.78,17.703829613210928,0.5905315307981513,28.99,876.22,87.69,0
Soybean,Red and Yellow soils,8.583758015057295,1,6.73,20.154563205107696,4.90903272481961,20.0,875.68,88.95,0
Soybean,Black soils,76.5747447185727,0,6.39,55.80956789226062,1.6624085030446671,21.69,807.2,84.77,0
Kulthi,Black soils,93.64418332139984,1,5.54,135.85787194702743,2.7374408939283854,29.33,828.41,89.64,1
Arhar,Alluvial soils,84.94829653763078,0,6.5,148.30405234987228,2.085751113035552,23.83,832.78,75.2,0
Urd,Red and Yellow soils,80.12909695909734,0,7.0,70.99504826835619,4.201089365152599,27.59,759.82,85.76,0
Urd,Alluvial soils,37.78258122050927,1,6.0,46.08242628582618,2.6125853106729853,27.66,895.34,71.59,0
Jwar,Black soils,85.02489644764282,0,6.06,141.69070379804322,2.338065364164532,25.62,899.72,61.98,0
Groundnut,Black soils,13.083322941050284,0,5.95,85.59418473765709,3.41430524157662,24.2,955.09,67.25,0
Jwar,Alluvial soils,87.5833721223469,0,6.25,73.36725049269779,3.5742192788952645,29.62,836.96,63.63,0
Groundnut,Laterite soils,47.3154015978025,0,6.14,163.00709664528063,2.6080442594736524,22.62,911.61,65.04,0
Rice,Red and Yellow soils,7.996150840499768,0,6.8,73.07030318124619,1.7926143362906817,25.64,912.37,76.79,0
Maize,Black soils,19.410359181755048,0,5.54,167.23117270851932,4.392858700280796,28.2,970.37,63.64,0
Til,Laterite soils,60.02344822552675,0,6.44,196.68461063428768,1.6314438342398223,30.0,804.76,67.58,0
Millets,Alluvial soils,11.562316984377864,1,5.81,36.32941582572472,4.6043699786807775,24.54,936.4,65.7,0
Moong,Laterite soils,75.26532755569725,1,5.81,43.65731320402202,3.3010974637817863,28.13,894.19,61.28,0
Tiwra,Red and Yellow soils,12.71408322731068,0,5.9,16.77495232897338,2.110155905799066,22.29,804.18,86.4,0
Wheat,Alluvial soils,86.54297981140141,0,6.88,108.46872549256152,3.65827855817515,20.11,879.46,60.13,0
Rice,Black soils,5.27909199036012,1,6.94,172.95426825777906,0.8633173028000611,20.0,795.38,67.04,1
Tiwra,Laterite soils,44.157514598221695,0,6.16,20.786220688080256,4.760647059177217,22.15,849.17,70.65,0
Groundnut,Alluvial soils,51.66383286816028,0,6.23,98.78595372126168,1.518977035891242,20.08,902.46,68.81,0
summer paddy,Laterite soils,80.66896941192711,0,6.41,54.11712191845815,3.2515109543711493,28.92,954.01,62.92,0
Moong,Alluvial soils,42.49140354238396,0,6.27,56.1970084461051,2.8797560145626053,25.46,937.6,74.48,0
Soybean,Black soils,43.93909969768636,1,6.97,187.44094250103575,3.156684445310398,26.84,873.22,88.85,1
Rice,Black soils,51.78490534951984,1,5.5,159.67777079366866,3.8935916410771423,20.0,926.87,80.01,1
Millets,Red and Yellow soils,60.97944387000568,0,6.13,183.50464510721,2.1363469721664288,29.51,880.86,63.29,0
Pea,Red and Yellow soils,14.258821823399837,1,6.47,181.6323051076012,4.302368943900499,25.43,949.98,63.85,1
Moong,Alluvial soils,72.89801626222972,0,6.25,147.08444454896002,1.630372576341142,29.79,889.67,64.88,0
Rice,Black soils,68.42984036578169,0,6.4,121.15296547268264,2.6923847070482827,29.77,793.67,85.53,0
Maize,Black soils,65.32355202698167,0,5.85,153.432927891906,1.8221311119500412,22.53,921.17,71.54,0
Masoor,Red and Yellow soils,90.46926764515013,1,5.98,39.5265414675269,4.552431153446992,24.77,850.13,77.8,0
Urd,Black soils,54.97589680292262,1,6.02,182.3901767961132,0.6312941161897548,24.45,942.25,84.16,0
Masoor,Black soils,57.674849565932185,0,6.21,50.45115979273248,1.5982455206728323,25.17,856.73,66.1,0
Jwar,Alluvial soils,25.85682337890519,1,5.5,102.61050271033608,4.377680196883321,25.09,874.05,82.94,0
Niger,Laterite soils,14.75564765833209,1,5.65,43.53470873409088,3.958799053421168,28.8,954.68,82.12,0
Niger,Red and Yellow soils,30.05926746262701,0,5.6,171.41131547239257,3.621531844526511,29.43,979.48,67.17,0
Millets,Alluvial soils,66.1773521263443,1,6.44,121.45483757861142,4.880676349583943,24.64,815.89,69.5,1
Til,Black soils,85.01927690614711,0,6.64,142.2143460301832,3.3364185717505808,21.91,914.54,77.91,0
Kulthi,Red and Yellow soils,4.874093193902079,0,6.17,58.01984131719706,1.2796791167350348,23.15,820.0,81.32,0
Til,Laterite soils,72.63236990744744,0,6.26,91.21425103639508,0.6719788045907025,28.84,848.4,66.13,0
Maize,Black soils,73.32267007953085,0,5.78,47.49317757286676,0.6835265598024884,23.86,837.99,71.68,0
Groundnut,Red and Yellow soils,38.75737864428302,0,6.59,87.85159170492055,4.987331613193882,29.25,908.34,60.03,0
Pea,Black soils,52.66967119754954,1,6.11,193.05858625795943,1.4970629237169906,28.67,857.75,87.44,1
Jwar,Red and Yellow soils,14.921019331346107,0,6.02,199.58265014089395,3.3401633423800927,24.41,841.05,83.35,0
Maize,Laterite soils,32.09495506812422,0,6.77,71.06637841499042,4.98667080551723,24.85,822.79,72.47,0
Millets,Black soils,8.545620951059774,1,6.67,161.95956637121765,4.866411463972916,30.0,924.67,84.6,1
summer paddy,Laterite soils,14.757076703479033,0,6.06,114.56572536211222,3.841667344001905,21.62,866.7,73.19,0
Jwar,Laterite soils,92.81866674409925,1,6.2,159.32913111736443,4.144766898974626,23.17,883.84,80.58,0
Jwar,Laterite soils,52.03647167552329,1,6.38,64.66675150721977,1.1856502725788038,28.84,866.61,65.73,1
Masoor,Black soils,95.87154982405876,1,6.52,129.9810832257704,0.5034414484512415,20.0,817.73,63.04,1
Gram,Black soils,7.859205242978358,0,6.3,59.29153611037987,1.2925953541039088,24.12,828.44,70.83,0
Kulthi,Laterite soils,93.89813650383569,0,6.57,193.230305006838,2.25817436042408,27.85,904.57,60.0,0
summer paddy,Laterite soils,14.757076703479033,0,5.99,114.56572536211222,3.841667344001905,23.86,865.95,75.05,0
Mustard,Black soils,49.5300825663572,0,5.53,153.43110336778798,4.824259422343958,26.31,958.85,90.0,0
Maize,Black soils,38.61061367320439,0,6.05,170.31722106664762,0.5080767595702489,22.29,861.37,69.2,0
Niger,Black soils,37.31419938079141,1,6.87,132.93729695324475,2.649581196463151,25.4,912.98,86.79,1
Urd,Red and Yellow soils,80.12909695909734,0,7.0,70.99504826835619,4.201089365152599,27.07,800.75,81.43,0
Pea,Red and Yellow soils,43.446323388532846,0,6.79,141.32630646402174,3.2583353976805944,28.63,917.87,64.82,0
Maize,Alluvial soils,34.904783067347054,0,7.0,17.703829613210928,0.5905315307981513,28.74,893.23,86.46,0
Niger,Laterite soils,4.079749834554197,0,5.6,99.53335179078957,3.6129767886177073,24.63,952.37,65.34,0
Urd,Red and Yellow soils,22.62538625387936,1,5.93,187.4545404933927,3.635494046187656,22.12,903.07,80.3,0
Til,Alluvial soils,95.1984444835079,0,6.03,142.64313814170387,3.0749607676792494,26.85,887.07,85.88,0
Moong,Laterite soils,47.72185492708941,0,7.0,108.96450143039937,2.7671496106270737,28.11,889.68,86.45,0
Tiwra,Alluvial soils,57.12809708824221,1,6.59,197.0604365484146,3.9823961897083984,23.39,928.85,64.37,1
Gram,Alluvial soils,16.672643607007103,0,6.32,103.22443146605498,0.846637066382314,20.0,929.74,60.28,0
Niger,Black soils,56.17716140693022,1,6.92,42.88801275230651,2.992074792161899,26.58,899.22,66.7,0
Niger,Laterite soils,4.079749834554197,0,5.5,99.53335179078957,3.6129767886177073,23.9,964.05,67.46,0
Wheat,Red and Yellow soils,44.32758410771781,0,6.73,147.39729054115696,3.125924867676585,23.98,815.03,61.69,0
Gram,Black soils,7.859205242978358,0,6.12,59.29153611037987,1.2925953541039088,22.9,839.89,67.51,0
Gram,Laterite soils,53.836448220478616,0,6.04,15.2236049976858,0.9405202056930708,24.17,965.92,66.12,0
Gram,Red and Yellow soils,63.32634654351951,1,5.6,83.0836277339837,1.436439024649144,26.53,935.61,85.12,1
Pea,Red and Yellow soils,14.258821823399837,1,6.58,181.6323051076012,4.302368943900499,26.45,887.81,67.66,1
Arhar,Laterite soils,74.64442798330771,1,6.13,155.32653226232352,1.9369977433354968,28.83,899.64,89.19,1
Moong,Laterite soils,4.258463097456195,0,5.71,181.9289995636216,3.8846723421151497,27.07,874.39,74.52,0
Maize,Alluvial soils,34.904783067347054,0,6.91,17.703829613210928,0.5905315307981513,27.39,834.91,86.08,0
Millets,Alluvial soils,23.54097596703025,1,6.76,57.43568008837477,1.5978107189656572,27.15,890.75,86.37,1
Niger,Alluvial soils,30.9149550672235,0,7.0,25.390180382606133,4.890082443067278,20.94,822.82,83.62,0
Soybean,Laterite soils,71.15073745457829,1,5.83,34.43015994612051,2.8276033668845826,28.32,908.74,67.68,0
Gram,Red and Yellow soils,34.74768672244927,1,6.82,33.58119022402276,1.9181663035284728,30.0,795.39,66.91,0
Wheat,Alluvial soils,86.54297981140141,0,6.95,108.46872549256152,3.65827855817515,20.0,931.38,67.39,0
Masoor,Red and Yellow soils,42.05432526241285,0,7.0,90.60728467834542,3.089700259916918,26.63,803.7,68.23,0
Arhar,Alluvial soils,93.266516769375,0,6.13,151.91084094712255,4.153019042714469,25.82,855.68,72.38,0
Kulthi,Alluvial soils,95.13326238868204,1,6.71,125.509145492839,4.864218401260991,25.39,828.37,60.33,1
Til,Black soils,58.53364358235279,1,6.86,199.36210175604907,0.7934570356250641,29.13,829.39,80.47,1
Mustard,Red and Yellow soils,47.35020570684794,1,6.87,14.979387934802954,2.7212244906205534,23.91,849.46,78.91,0
Kulthi,Laterite soils,31.16493766854265,0,6.62,37.76578110224007,3.3810076514253757,20.66,839.19,68.09,0
Urd,Alluvial soils,18.245949358971803,1,6.6,144.86143436361849,4.22251584341133,27.78,940.53,72.59,1
Kulthi,Black soils,18.967225361011167,0,6.8,10.664611709977248,0.7513002185498734,20.14,887.29,64.04,0
Kulthi,Black soils,93.64418332139984,1,5.77,135.85787194702743,2.7374408939283854,30.0,913.21,89.26,1
Gram,Black soils,43.903327920986655,1,6.64,153.1401018257682,2.190934023980345,25.64,928.67,78.03,1
Arhar,Alluvial soils,16.947340444794044,0,7.0,115.46353355361116,3.294811394244745,22.89,873.05,71.45,0
Rice,Laterite soils,83.79467762655149,0,6.7,33.31006222633755,2.783971589852677,22.16,894.26,86.15,0
Moong,Alluvial soils,30.47426495779317,1,5.5,79.66928665808871,2.6924502123480902,23.65,926.86,78.33,1
Gram,Alluvial soils,96.98944330900548,0,6.43,18.44939670465994,1.562279272549458,23.45,808.42,71.8,0
Maize,Black soils,37.59082546376269,1,5.94,177.66269564708426,3.0725046924698143,22.48,925.24,77.17,0
Arhar,Laterite soils,10.205047368034332,1,5.82,171.60702634754793,1.5679546063176029,29.53,964.75,74.19,0
Rice,Black soils,52.65669190477372,1,6.15,134.8384120738132,3.631008437924299,28.8,945.4,63.85,1
summer paddy,Alluvial soils,49.74984625046088,1,6.57,177.06316827987376,3.0524203994909347,22.1,913.9,80.93,1
Pea,Laterite soils,23.44233244018282,0,6.34,87.75414749046334,4.298467138068505,24.6,933.62,90.0,0
Urd,Red and Yellow soils,80.12909695909734,0,6.72,70.99504826835619,4.201089365152599,27.35,923.96,84.26,0
Rice,Red and Yellow soils,7.996150840499768,0,6.95,73.07030318124619,1.7926143362906817,24.71,795.33,78.46,0
Jwar,Red and Yellow soils,81.05182096520964,1,5.76,198.10884266676885,4.3258916692421066,24.94,875.97,70.3,1
Millets,Alluvial soils,23.54097596703025,1,6.61,57.43568008837477,1.5978107189656572,26.12,925.9,82.44,1
Arhar,Alluvial soils,84.94829653763078,0,6.54,148.30405234987228,2.085751113035552,25.71,807.72,80.81,0
Gram,Laterite soils,25.539681660071125,1,6.74,24.59636681009846,2.769413193485069,21.7,800.0,74.53,0
Maize,Laterite soils,32.09495506812422,0,6.83,71.06637841499042,4.98667080551723,22.99,911.41,73.44,0
Millets,Alluvial soils,23.54097596703025,1,6.55,57.43568008837477,1.5978107189656572,25.39,821.11,87.8,1
Maize,Black soils,73.32267007953085,0,5.98,47.49317757286676,0.6835265598024884,25.93,824.21,69.32,0
Millets,Black soils,46.115623150526005,1,6.36,177.58949627751142,1.0156582803711816,29.55,804.28,69.89,1
Tiwra,Red and Yellow soils,36.11241183442073,0,5.72,127.43746461709286,3.6934087696499662,28.5,885.92,62.86,0
Maize,Red and Yellow soils,83.97676737225935,0,5.51,174.8228236194111,1.95984723189331,22.99,952.98,85.47,0
Millets,Red and Yellow soils,70.98318926589636,1,7.0,74.80825570491946,3.7312992983988873,26.25,886.69,63.03,1
Til,Alluvial soils,20.130363157001845,1,6.27,96.39301275682372,3.99987462399122,25.84,845.27,61.72,1
Rice,Laterite soils,83.79467762655149,0,6.91,33.31006222633755,2.783971589852677,20.74,802.62,84.21,0
Arhar,Laterite soils,74.64442798330771,1,6.21,155.32653226232352,1.9369977433354968,27.74,928.55,83.18,1
Mustard,Laterite soils,2.422650386748149,1,5.63,50.003662732995785,1.3339062519960363,29.84,991.65,61.43,1
Jwar,Laterite soils,83.11521733640478,1,5.67,135.05875811788147,2.826652317689744,24.69,946.75,61.25,1
Millets,Laterite soils,57.962788657384245,1,6.45,176.98515468543576,1.3308049793192296,28.98,874.59,74.02,1
Mustard,Black soils,8.188474407011933,1,6.95,47.59586392867045,2.8105878706836,20.0,873.51,65.22,0
Wheat,Laterite soils,92.6074773325522,1,5.57,171.06465646258272,1.1677687279613973,24.75,966.77,79.42,1
Niger,Black soils,41.408301825253936,1,6.12,31.68152038748095,2.551580468611744,22.15,911.61,64.56,0
Tiwra,Laterite soils,88.94512805109724,0,5.83,56.3932872429863,2.278022077517278,20.5,875.95,82.43,0
Wheat,Alluvial soils,54.78604267673645,0,6.83,83.84981090417665,4.083958299034335,21.78,764.27,88.53,0
Groundnut,Alluvial soils,77.64734025846953,1,6.6,30.1290536211666,2.4437057909109408,22.07,827.35,62.05,0
Groundnut,Alluvial soils,51.66383286816028,0,6.6,98.78595372126168,1.518977035891242,22.38,856.82,64.49,0
Niger,Alluvial soils,40.72168891707997,1,6.26,64.74785133657514,2.41594149570782,24.36,899.64,72.4,1
Kulthi,Laterite soils,93.89813650383569,0,6.81,193.230305006838,2.25817436042408,29.28,835.38,61.08,0
Jwar,Red and Yellow soils,28.76255629578411,1,6.05,177.41725250309972,0.8627567390016935,24.46,846.16,72.84,1
Soybean,Alluvial soils,1.0845160463029235,0,5.82,132.15140054930788,1.295639412046346,24.4,947.91,81.71,0
Jwar,Black soils,85.02489644764282,0,5.96,141.69070379804322,2.338065364164532,26.58,888.61,60.21,0
Mustard,Alluvial soils,12.351657408054075,1,6.03,74.45869273649792,2.028361205368407,22.1,955.91,76.24,1
Wheat,Red and Yellow soils,58.75812809075228,0,5.92,61.15233492569079,2.7512492589727047,21.16,922.03,65.94,0
Groundnut,Laterite soils,47.3154015978025,0,6.16,163.00709664528063,2.6080442594736524,22.41,818.01,64.15,0
summer paddy,Black soils,8.760454270055591,0,5.89,159.97290035688565,2.4566092291501533,26.22,958.87,67.4,0
Jwar,Alluvial soils,87.5833721223469,0,6.66,73.36725049269779,3.5742192788952645,28.68,893.4,61.76,0
Millets,Laterite soils,43.23591197416306,1,7.0,119.119475832171,0.6911915449376529,25.01,905.83,70.02,1
Gram,Red and Yellow soils,34.74768672244927,1,6.61,33.58119022402276,1.9181663035284728,30.0,816.59,63.99,0
Soybean,Red and Yellow soils,3.422005573134409,1,6.86,184.83881346960908,0.628547000211728,28.48,850.52,64.1,1
Til,Black soils,72.8747310808644,1,6.78,23.94593504567197,0.5056538319244093,20.59,886.55,83.53,0
Tiwra,Alluvial soils,57.12809708824221,1,6.77,197.0604365484146,3.9823961897083984,24.05,807.92,70.39,1
Arhar,Black soils,7.8885965708143235,0,6.65,22.190126691675964,1.5355669671957597,23.08,894.9,82.07,0
Tiwra,Alluvial soils,7.949464529363647,1,7.0,26.11128283567805,0.5044061015460503,21.49,816.23,81.37,0
Pea,Laterite soils,33.75432868239185,1,6.05,80.1683655296807,2.515180774620488,23.1,828.62,69.28,1
Groundnut,Black soils,13.083322941050284,0,6.15,85.59418473765709,3.41430524157662,23.63,932.11,64.95,0
Mustard,Black soils,83.04704930059059,1,6.89,164.2968639673771,3.2910142681176096,21.93,808.43,90.0,1
Tiwra,Alluvial soils,57.12809708824221,1,6.75,197.0604365484146,3.9823961897083984,24.59,878.63,71.34,1
Groundnut,Black soils,13.083322941050284,0,6.0,85.59418473765709,3.41430524157662,23.46,926.25,66.24,0
Wheat,Red and Yellow soils,45.9958564972776,0,6.26,199.4706146791189,3.097939236387041,27.44,869.36,64.42,0
Millets,Alluvial soils,66.1773521263443,1,6.5,121.45483757861142,4.880676349583943,24.3,819.91,64.76,1
Pea,Black soils,94.11254095151456,0,7.0,74.32011188400841,3.278071802192412,25.52,908.58,83.5,0
Mustard,Laterite soils,3.375598634207229,0,7.0,155.35234889949072,4.286214413194463,22.92,826.05,69.27,0
Masoor,Alluvial soils,71.71208281936302,0,6.66,31.377403355249527,1.0655330314056928,25.9,921.55,65.25,0
Gram,Alluvial soils,40.02287500376711,1,6.78,152.92792867079348,3.896782705565548,26.13,886.64,62.47,1
Tiwra,Alluvial soils,7.949464529363647,1,6.78,26.11128283567805,0.5044061015460503,21.61,901.3,83.31,0
Jwar,Laterite soils,51.52716525625736,0,5.5,117.26931971045472,4.763386070226863,26.53,915.42,60.0,0
Niger,Alluvial soils,30.9149550672235,0,6.74,25.390180382606133,4.890082443067278,22.76,854.46,84.32,0
Gram,Alluvial soils,6.631856397258757,1,6.6,199.531133950268,4.800063599754694,22.23,915.22,84.14,0
Maize,Laterite soils,32.09495506812422,0,6.62,71.06637841499042,4.98667080551723,23.17,866.05,68.44,0
Pea,Red and Yellow soils,14.258821823399837,1,6.37,181.6323051076012,4.302368943900499,27.81,942.59,64.97,1
Pea,Laterite soils,23.804071407579336,1,6.55,131.24557260272172,3.669244395754899,28.19,901.74,79.9,1
Rice,Red and Yellow soils,94.9606118039142,0,5.59,54.1128672085785,1.619877527026648,23.14,986.4,66.07,0
Til,Red and Yellow soils,85.94972915026943,1,5.5,124.22027903539907,4.9855581453472375,20.0,925.5,83.82,1
Jwar,Alluvial soils,8.770750022223734,1,6.04,115.99582439793596,2.540243063469655,22.47,890.23,89.94,1
Millets,Black soils,46.115623150526005,1,6.8,177.58949627751142,1.0156582803711816,27.72,920.97,73.09,1
Mustard,Black soils,48.223606509415184,0,5.7,42.21612474828965,3.626063543977249,28.02,851.42,71.51,0
Til,Laterite soils,82.11526872345533,0,6.12,179.22366038694898,3.004640999287888,25.21,945.01,66.19,0
Urd,Red and Yellow soils,80.12909695909734,0,7.0,70.99504826835619,4.201089365152599,27.65,765.26,80.32,0
Niger,Laterite soils,58.342897767539576,0,6.18,30.396351069572987,0.6188329381507388,26.37,843.55,82.79,0
Tiwra,Laterite soils,66.59744978514821,1,6.5,180.71957832423595,3.992147155611458,28.94,900.55,81.31,0
Pea,Black soils,60.61327630651897,1,6.15,71.88729840163472,3.3834428136844004,27.71,911.37,64.02,1
Pea,Laterite soils,23.44233244018282,0,6.06,87.75414749046334,4.298467138068505,23.6,921.41,90.0,0
Masoor,Red and Yellow soils,79.30084242753477,1,7.0,11.043366165214929,1.7972285602299596,21.01,912.84,64.66,0
Urd,Laterite soils,56.01656404336428,1,5.85,169.6786697669429,1.2509461554512062,29.82,945.81,77.35,1
Tiwra,Laterite soils,44.157514598221695,0,6.23,20.786220688080256,4.760647059177217,24.23,911.36,69.77,0
Kulthi,Alluvial soils,61.837349287810135,1,6.92,27.801636027771064,2.6701487722421016,26.72,900.78,78.78,0
Rice,Laterite soils,6.748270550218036,0,5.95,153.16939920228737,1.174174578363922,24.76,961.65,60.0,0
Niger,Red and Yellow soils,4.301026088036883,0,6.73,145.61804214220632,2.0812368730220943,22.1,817.77,73.89,0
Wheat,Red and Yellow soils,58.75812809075228,0,5.81,61.15233492569079,2.7512492589727047,21.47,904.98,69.02,0
Masoor,Red and Yellow soils,90.46926764515013,1,6.1,39.5265414675269,4.552431153446992,25.15,955.26,78.91,0
Wheat,Alluvial soils,54.78604267673645,0,6.61,83.84981090417665,4.083958299034335,21.45,851.06,90.0,0
Soybean,Black soils,39.78177453222698,0,5.86,94.97051601405003,2.865401887107058,27.12,891.69,65.59,0
Millets,Laterite soils,19.45015786212121,1,6.93,27.201414090139878,0.6815101265907944,23.91,774.4,83.19,0
Pea,Alluvial soils,17.17303816819014,0,5.53,163.3134475429299,2.644391106796571,26.8,841.7,66.9,0
Millets,Laterite soils,48.74312011750155,0,5.93,120.33880048951929,2.4768589850115967,20.0,964.83,74.41,0
Jwar,Red and Yellow soils,81.05182096520964,1,5.5,198.10884266676885,4.3258916692421066,23.16,917.35,72.27,1
Kulthi,Alluvial soils,61.837349287810135,1,6.69,27.801636027771064,2.6701487722421016,26.69,922.09,77.58,0
Tiwra,Red and Yellow soils,27.092825029366224,1,5.83,153.70269592651675,1.2125187749279782,26.22,869.81,65.95,1
Til,Laterite soils,60.02344822552675,0,6.39,196.68461063428768,1.6314438342398223,29.66,940.41,70.59,0
Til,Black soils,72.8747310808644,1,6.87,23.94593504567197,0.5056538319244093,20.17,887.12,85.7,0
Groundnut,Black soils,87.53054551977526,0,5.61,172.43490927868564,4.158548482629399,29.79,880.63,70.89,0
Gram,Red and Yellow soils,82.24193371365227,1,6.15,186.49446950562293,3.4182091680119338,20.6,892.23,60.0,1
Tiwra,Black soils,97.158326515426,0,5.5,132.63690929018293,0.9977835566720724,20.13,875.13,69.27,0
Niger,Alluvial soils,30.9149550672235,0,6.7,25.390180382606133,4.890082443067278,22.18,903.47,79.95,0
Masoor,Red and Yellow soils,42.05432526241285,0,7.0,90.60728467834542,3.089700259916918,24.39,913.29,65.22,0
Pea,Black soils,94.11254095151456,0,6.9,74.32011188400841,3.278071802192412,24.02,853.32,83.82,0
Jwar,Black soils,57.1131845366664,0,6.37,85.61927717435609,3.85322871870764,25.99,819.69,60.0,0
Niger,Black soils,30.080933360930537,0,5.93,52.22680121536878,1.086363801815192,26.63,868.36,67.89,0
Til,Laterite soils,60.02344822552675,0,6.44,196.68461063428768,1.6314438342398223,28.87,923.83,67.07,0
Niger,Red and Yellow soils,4.301026088036883,0,6.61,145.61804214220632,2.0812368730220943,22.9,803.78,71.35,0
Wheat,Laterite soils,92.6074773325522,1,5.71,171.06465646258272,1.1677687279613973,24.59,944.53,75.36,1
Urd,Red and Yellow soils,80.12909695909734,0,7.0,70.99504826835619,4.201089365152599,27.07,818.6,83.72,0
Til,Alluvial soils,25.073589779047172,0,6.93,173.56684832753513,0.5153972218655465,27.04,928.28,65.31,0
Soybean,Black soils,43.93909969768636,1,6.72,187.44094250103575,3.156684445310398,26.86,887.97,85.35,1
Gram,Alluvial soils,79.26862073639087,1,5.83,169.83024901214273,4.126874099803565,21.87,944.28,83.83,1
summer paddy,Red and Yellow soils,1.3568197489404303,1,6.14,169.14624833347128,4.405057679473639,28.81,815.67,81.51,0
Kulthi,Red and Yellow soils,71.95464735059075,0,6.93,143.26123077544585,2.2065192855643185,25.86,859.57,76.24,0
Gram,Alluvial soils,92.8493387422751,1,6.74,64.25799140275164,4.914860850641632,27.52,785.51,77.74,1
Jwar,Laterite soils,83.27429064883648,1,5.69,66.97405545052723,4.904528295647274,24.5,858.96,63.14,1
Jwar,Red and Yellow soils,54.09861316205604,1,5.54,43.55196900142567,2.5235327567755976,27.77,846.26,73.13,0
Moong,Alluvial soils,40.61480583667867,1,5.69,166.39544242161517,4.281051864970563,29.3,926.38,62.23,1
Moong,Black soils,70.46581678149187,0,5.85,21.66905565059997,4.032486033053475,21.23,838.87,81.81,0
Wheat,Black soils,27.701983404171347,1,6.99,165.79370043835235,0.8135175506595091,26.42,808.13,87.57,1
Millets,Laterite soils,19.45015786212121,1,6.6,27.201414090139878,0.6815101265907944,23.17,860.76,80.99,0
Moong,Laterite soils,66.7431644007017,1,6.24,36.37326995857885,1.941595947520944,23.28,807.35,72.55,0
Gram,Alluvial soils,40.02287500376711,1,6.68,152.92792867079348,3.896782705565548,26.42,879.38,61.73,1
Arhar,Alluvial soils,91.85485510003234,0,6.22,76.53287840752338,1.2994679672213083,29.53,930.05,79.33,0
Pea,Red and Yellow soils,32.745807896062146,1,5.95,26.481396356110054,4.152733501535543,23.12,818.37,87.0,0
Pea,Laterite soils,23.44233244018282,0,6.22,87.75414749046334,4.298467138068505,22.88,912.72,85.62,0
summer paddy,Alluvial soils,5.634581766188527,1,6.41,70.69578532542236,3.804381772475503,22.66,903.15,75.2,1
Tiwra,Black soils,14.00913180874091,1,5.77,192.864017307691,3.587869631963185,24.34,912.94,71.59,1
Arhar,Laterite soils,74.64442798330771,1,6.12,155.32653226232352,1.9369977433354968,27.7,842.01,85.36,1
Kulthi,Alluvial soils,17.77720417995551,1,6.71,186.6233951811228,2.9967585527538096,21.94,913.62,64.2,1
Gram,Red and Yellow soils,63.32634654351951,1,5.73,83.0836277339837,1.436439024649144,27.08,930.53,85.92,1
Maize,Black soils,38.61061367320439,0,6.01,170.31722106664762,0.5080767595702489,24.03,961.27,67.04,0
Til,Black soils,72.8747310808644,1,6.67,23.94593504567197,0.5056538319244093,21.46,838.61,83.82,0
Tiwra,Alluvial soils,94.65421714056572,0,5.5,98.95128901135244,3.864899065380877,21.1,894.0,90.0,0
Jwar,Alluvial soils,33.52139305008494,1,6.15,170.24519022942422,1.7358279923002595,26.84,910.38,60.57,1
Gram,Black soils,7.859205242978358,0,6.53,59.29153611037987,1.2925953541039088,22.46,899.86,71.03,0
Til,Laterite soils,79.80767833149267,1,5.83,195.1869784074493,4.9333156627866845,23.41,913.59,78.3,0
Jwar,Alluvial soils,89.71217350262663,0,6.68,25.10256180019756,4.094914179917966,21.53,899.81,69.1,0
Jwar,Laterite soils,83.27429064883648,1,5.98,66.97405545052723,4.904528295647274,25.92,942.44,66.36,1
Pea,Black soils,35.50207418332751,0,6.24,155.1924950643728,4.558757044762429,25.93,894.16,76.4,0
Pea,Laterite soils,33.75432868239185,1,6.0,80.1683655296807,2.515180774620488,23.48,923.11,64.74,1
Pea,Black soils,60.61327630651897,1,6.08,71.88729840163472,3.3834428136844004,27.29,884.65,60.0,1
Groundnut,Laterite soils,65.31840295659302,0,7.0,141.36645020981774,4.393638773635823,26.34,828.16,84.12,0
summer paddy,Red and Yellow soils,1.3568197489404303,1,6.23,169.14624833347128,4.405057679473639,30.0,883.85,83.22,0
Wheat,Laterite soils,92.6074773325522,1,5.71,171.06465646258272,1.1677687279613973,22.5,860.11,75.88,1
Urd,Laterite soils,2.7426498464331512,0,5.56,88.14528120125196,4.954035987983664,24.49,955.96,64.68,0
Pea,Laterite soils,23.44233244018282,0,6.4,87.75414749046334,4.298467138068505,22.47,805.03,86.8,0
Jwar,Laterite soils,85.67941919967865,1,5.61,155.92944761114924,4.804050202111057,30.0,855.06,60.46,1
Kulthi,Black soils,64.62899831981025,0,6.63,83.52491651545493,1.5690018255421825,22.56,837.53,62.27,0
Tiwra,Alluvial soils,42.73461385557504,1,6.53,46.60885970748865,2.3240919163041704,26.94,847.37,71.33,0
Rice,Alluvial soils,45.02207961303291,1,5.74,183.9060120825367,2.2666440011155182,27.33,918.57,85.72,1
Moong,Laterite soils,4.258463097456195,0,5.64,181.9289995636216,3.8846723421151497,25.88,975.21,75.23,0
Pea,Black soils,35.50207418332751,0,5.88,155.1924950643728,4.558757044762429,27.07,890.2,70.38,0
Rice,Alluvial soils,45.02207961303291,1,6.01,183.9060120825367,2.2666440011155182,28.06,877.65,86.09,1
Soybean,Black soils,43.93909969768636,1,6.73,187.44094250103575,3.156684445310398,27.35,824.47,83.19,1
Millets,Laterite soils,57.962788657384245,1,6.18,176.98515468543576,1.3308049793192296,29.71,794.52,80.41,1
Wheat,Laterite soils,7.276797004040833,0,6.11,117.16853925930828,3.99316410162361,24.17,901.31,86.02,0
Millets,Alluvial soils,11.562316984377864,1,5.91,36.32941582572472,4.6043699786807775,25.82,933.19,65.62,0
summer paddy,Red and Yellow soils,39.66105407075501,0,6.68,35.35427059036928,1.3256422203939051,21.05,887.14,64.11,0
Wheat,Red and Yellow soils,44.32758410771781,0,6.53,147.39729054115696,3.125924867676585,24.73,855.96,63.29,0
Jwar,Alluvial soils,50.27501027132872,0,6.78,103.71091740391591,4.248261783890516,23.75,865.01,63.08,0
Gram,Red and Yellow soils,14.573215619358535,1,5.71,57.09839965697187,3.9514705976890343,26.38,960.98,86.04,0
Maize,Alluvial soils,25.96962093356883,0,5.5,159.78724651759555,2.4066244155234733,20.0,880.7,71.46,0
Urd,Black soils,11.274410889490516,0,6.64,112.43829037819636,4.276394728505107,27.33,923.66,79.45,0
summer paddy,Laterite soils,90.855464380136,0,5.5,88.93461010502237,2.2896711723008787,24.1,910.2,84.69,0
summer paddy,Red and Yellow soils,73.54687524942415,0,5.75,142.93725689571534,4.918276974920083,23.45,926.38,67.79,0
Millets,Black soils,8.545620951059774,1,6.42,161.95956637121765,4.866411463972916,28.8,778.77,87.46,1
Kulthi,Alluvial soils,61.837349287810135,1,6.96,27.801636027771064,2.6701487722421016,25.14,865.56,83.39,0
Millets,Alluvial soils,83.4164579675254,0,6.72,146.3607032263529,4.542588877178431,23.21,833.45,82.91,0
Groundnut,Black soils,87.53054551977526,0,5.61,172.43490927868564,4.158548482629399,30.0,960.72,69.17,0
Moong,Laterite soils,47.72185492708941,0,7.0,108.96450143039937,2.7671496106270737,29.05,833.74,82.52,0
Kulthi,Laterite soils,1.9575813458450015,0,6.47,135.07179394615684,2.663615249026792,22.94,817.97,82.29,0
Jwar,Red and Yellow soils,61.33138378263416,0,6.21,131.90345014994583,3.0456960700275504,20.73,896.72,84.1,0
Jwar,Black soils,6.792207993494205,1,5.71,141.9426703662678,3.0373075279627453,26.96,904.97,79.14,0
Arhar,Alluvial soils,84.94829653763078,0,6.67,148.30405234987228,2.085751113035552,25.22,877.52,80.41,0
Pea,Alluvial soils,17.17303816819014,0,5.55,163.3134475429299,2.644391106796571,27.73,901.15,65.85,0
Maize,Laterite soils,59.61861413363324,1,5.74,135.50678958732516,2.9379073788004195,24.56,860.19,82.94,1
Kulthi,Laterite soils,6.566266666595126,1,6.72,182.44291675508293,2.3480193489739687,24.06,898.4,66.69,1
Pea,Red and Yellow soils,77.1904149781785,1,6.34,159.6942075375746,3.61915464017993,26.87,924.3,60.0,1
summer paddy,Black soils,8.760454270055591,0,5.88,159.97290035688565,2.4566092291501533,27.56,963.96,68.7,0
summer paddy,Laterite soils,99.68532353972208,1,6.48,36.79724244169026,0.5887722514342346,27.44,860.78,64.89,0
Moong,Alluvial soils,42.49140354238396,0,6.06,56.1970084461051,2.8797560145626053,26.02,855.65,78.36,0
Kulthi,Laterite soils,93.89813650383569,0,6.72,193.230305006838,2.25817436042408,29.54,799.62,60.0,0
Jwar,Alluvial soils,3.1422931695712104,0,5.7,124.9568629244877,1.2982647039962512,29.12,947.61,81.37,0
Millets,Laterite soils,43.23591197416306,1,6.96,119.119475832171,0.6911915449376529,24.79,808.91,64.39,1
Moong,Black soils,66.35159251639024,0,5.95,154.92011886243904,4.532794847215374,27.37,917.16,68.7,0
Masoor,Black soils,35.88229477097293,0,6.86,78.05785247904603,3.7076108701053294,24.59,828.59,60.0,0
Kulthi,Laterite soils,20.90726535219855,0,6.89,98.52331092318568,2.606152200854422,25.03,921.28,76.4,0
Millets,Alluvial soils,23.54097596703025,1,6.57,57.43568008837477,1.5978107189656572,25.63,869.63,85.22,1
Soybean,Laterite soils,13.10812731307866,1,5.9,178.12965587280345,2.260207718353315,28.33,828.82,72.46,1
Soybean,Black soils,43.93909969768636,1,6.95,187.44094250103575,3.156684445310398,26.55,887.94,83.25,1
Jwar,Alluvial soils,3.1422931695712104,0,5.65,124.9568629244877,1.2982647039962512,26.54,817.18,79.87,0
Millets,Laterite soils,11.564782214969178,1,6.69,120.43280013719917,3.7676132617091977,24.23,873.81,60.04,1
Til,Alluvial soils,74.9101007065359,0,6.29,139.00895124661432,4.160729142666699,25.8,852.85,88.82,0
Urd,Black soils,11.274410889490516,0,7.0,112.43829037819636,4.276394728505107,26.64,841.29,82.74,0
Tiwra,Laterite soils,87.1125768798161,0,5.5,155.6761395244254,3.972236580663137,29.07,870.99,66.93,0
summer paddy,Black soils,99.14865361366142,0,6.06,134.30705078512983,1.949386589804747,22.21,926.13,63.29,0
Til,Black soils,46.52242066000872,0,5.83,142.37837594275828,2.13191427436652,26.17,889.45,65.24,0
Mustard,Laterite soils,3.375598634207229,0,7.0,155.35234889949072,4.286214413194463,23.7,849.7,67.43,0
Soybean,Laterite soils,50.60103662954688,0,6.07,171.12574873717588,2.589034966808882,20.0,818.18,75.9,0
Mustard,Laterite soils,95.8059931058451,0,5.61,103.02761838487882,4.034661034793127,21.44,913.51,60.0,0
Jwar,Laterite soils,20.52338382586908,0,6.71,39.04821267421946,2.0258284690301904,23.47,857.46,71.86,0
summer paddy,Laterite soils,68.33971322490649,1,6.9,21.80492518759846,3.622176401026044,22.48,794.06,75.18,0
Millets,Alluvial soils,45.51927766356464,0,5.81,17.637805914713663,4.038528886844827,21.87,829.53,64.16,0
Arhar,Alluvial soils,16.947340444794044,0,6.91,115.46353355361116,3.294811394244745,23.34,808.77,76.79,0
Pea,Red and Yellow soils,45.88200025350533,0,6.89,166.4197314414131,0.7604645881312596,25.94,803.55,66.01,0
Wheat,Alluvial soils,86.54297981140141,0,7.0,108.46872549256152,3.65827855817515,22.45,850.32,64.04,0
Wheat,Red and Yellow soils,19.63023274762661,0,6.04,132.24686057442185,4.182026033346189,29.32,813.32,69.39,0
Arhar,Red and Yellow soils,89.63418660147754,0,5.89,197.40269607320457,2.917209527133356,24.83,857.69,77.94,0
Soybean,Black soils,76.5747447185727,0,6.28,55.80956789226062,1.6624085030446671,20.59,927.16,84.36,0
summer paddy,Alluvial soils,49.74984625046088,1,6.6,177.06316827987376,3.0524203994909347,21.71,786.18,79.29,1
Tiwra,Red and Yellow soils,49.47275930960727,1,6.96,64.97986652212177,4.40748983958334,25.3,833.98,85.96,0
Tiwra,Laterite soils,41.61828535466275,1,6.26,25.379723997991185,4.950763297623329,24.47,969.85,62.0,0
Jwar,Laterite soils,83.27429064883648,1,6.11,66.97405545052723,4.904528295647274,25.91,925.77,63.79,1
Rice,Alluvial soils,45.02207961303291,1,6.02,183.9060120825367,2.2666440011155182,26.14,821.15,90.0,1
Maize,Red and Yellow soils,92.61970763557478,1,6.88,58.18133438986627,3.1266305880832834,27.83,846.52,64.49,0
Urd,Black soils,54.97589680292262,1,5.74,182.3901767961132,0.6312941161897548,25.2,811.23,83.12,0
Soybean,Laterite soils,13.10812731307866,1,5.75,178.12965587280345,2.260207718353315,29.66,912.02,71.97,1
Mustard,Laterite soils,95.8059931058451,0,5.61,103.02761838487882,4.034661034793127,20.0,880.21,60.0,0
Millets,Red and Yellow soils,17.122970872144943,1,6.17,60.7652239322664,2.3761285663683043,27.09,845.72,74.21,1
Masoor,Black soils,56.607644110296,0,6.3,14.313069493331705,2.07281804952572,27.14,848.97,70.86,0
Urd,Laterite soils,59.08990961897472,0,5.78,192.0845844938899,2.9650442270922275,23.36,947.19,63.26,0
Til,Red and Yellow soils,63.93819639548853,1,6.26,86.5501462725284,0.8314949690878561,27.3,956.21,67.31,1
Rice,Laterite soils,83.8775957011866,1,5.5,34.37576356945297,2.294909994831729,27.55,841.45,72.7,0
Soybean,Alluvial soils,1.0845160463029235,0,6.15,132.15140054930788,1.295639412046346,22.91,948.17,86.18,0
Tiwra,Laterite soils,99.79302285723834,1,6.42,28.356863022535748,2.7788430905388597,24.83,931.36,90.0,0
Masoor,Red and Yellow soils,15.573043648692993,0,5.5,40.394151236744186,2.3537196802479925,27.34,883.91,69.85,0
Moong,Laterite soils,44.60788148262814,1,5.94,83.79284451275134,2.217174315777015,26.45,855.0,68.19,1
Maize,Black soils,25.60173042272508,1,6.82,165.05125349950538,2.360850866018045,30.0,930.36,63.3,1
Gram,Black soils,48.6773164556799,1,5.5,69.28313557959125,2.0201114088284804,22.33,917.1,80.55,1
Groundnut,Alluvial soils,76.89512894880215,0,6.93,111.20094863538525,4.241037869145725,20.17,903.87,69.17,0
Til,Alluvial soils,85.22978983877745,1,5.68,14.770261505983694,1.7336147501948824,25.57,859.49,64.41,0
Urd,Black soils,11.274410889490516,0,6.59,112.43829037819636,4.276394728505107,28.35,810.01,83.35,0
Masoor,Red and Yellow soils,84.52316916652465,1,6.34,136.06206737070266,3.720799011587236,24.71,807.96,74.01,1
Millets,Red and Yellow soils,17.122970872144943,1,6.08,60.7652239322664,2.3761285663683043,26.86,966.79,72.26,1
Niger,Black soils,41.408301825253936,1,6.2,31.68152038748095,2.551580468611744,22.02,825.19,66.78,0
Kulthi,Black soils,5.487798902751413,0,5.89,116.7863204842874,2.954194231161236,24.23,983.49,60.0,0
Til,Laterite soils,82.11526872345533,0,5.79,179.22366038694898,3.004640999287888,25.5,955.41,68.24,0
Soybean,Black soils,39.78177453222698,0,5.8,94.97051601405003,2.865401887107058,26.09,861.21,65.01,0
Soybean,Alluvial soils,73.18122507589274,0,5.73,84.15235572039454,4.546057014434088,23.01,896.37,86.46,0
Maize,Laterite soils,32.09495506812422,0,6.86,71.06637841499042,4.98667080551723,24.21,854.42,69.57,0
Mustard,Laterite soils,61.737953589033744,0,6.04,65.69585886371809,1.5602596870875736,25.13,866.73,86.62,0
Tiwra,Alluvial soils,42.73461385557504,1,6.39,46.60885970748865,2.3240919163041704,26.67,840.22,73.95,0
Moong,Alluvial soils,30.47426495779317,1,5.75,79.66928665808871,2.6924502123480902,22.42,926.71,73.39,1
Groundnut,Alluvial soils,77.64734025846953,1,6.52,30.1290536211666,2.4437057909109408,24.15,901.54,65.68,0
Moong,Laterite soils,15.751845797753464,1,6.36,116.91939141246866,1.6379793852651496,21.16,942.34,63.07,1
Til,Laterite soils,79.9474430875547,1,5.94,173.28889307383915,3.202864513601942,20.66,901.27,62.52,1
Masoor,Alluvial soils,45.62108056768259,0,6.51,174.13879435365195,4.357303858339503,25.56,910.33,64.5,0
Tiwra,Red and Yellow soils,97.38715723126916,1,6.33,137.4889698215875,2.0734056158904988,25.47,885.38,84.41,1
Masoor,Alluvial soils,45.62108056768259,0,6.71,174.13879435365195,4.357303858339503,27.33,871.76,64.19,0
Niger,Black soils,37.31419938079141,1,6.93,132.93729695324475,2.649581196463151,25.01,793.66,87.99,1
Maize,Alluvial soils,34.904783067347054,0,7.0,17.703829613210928,0.5905315307981513,28.15,872.03,90.0,0
Groundnut,Red and Yellow soils,96.74499664722,1,5.93,178.92269764733769,2.42511046193267,29.75,952.37,80.36,1
Tiwra,Alluvial soils,94.65421714056572,0,5.57,98.95128901135244,3.864899065380877,21.72,827.44,90.0,0
Soybean,Black soils,80.18699184832587,1,6.35,66.79895680678409,2.870925046781913,30.0,919.39,86.19,1
Masoor,Black soils,76.58104466203038,0,6.15,112.258823548082,0.8441663455221252,27.71,879.53,70.87,0
summer paddy,Red and Yellow soils,23.656969306526207,1,6.69,160.81222387384514,2.887401159556615,29.63,868.88,66.84,1
Soybean,Black soils,43.93909969768636,1,6.93,187.44094250103575,3.156684445310398,25.79,843.07,87.66,1
Til,Black soils,58.53364358235279,1,6.95,199.36210175604907,0.7934570356250641,29.48,822.18,80.86,1
Mustard,Black soils,48.223606509415184,0,5.64,42.21612474828965,3.626063543977249,28.02,881.42,76.18,0
Moong,Red and Yellow soils,6.70159104623501,0,6.46,154.37849353994258,1.4738508434764648,20.0,822.44,63.9,0
Moong,Alluvial soils,26.489067920660645,1,5.64,57.774369919506846,4.0238207365493945,22.69,923.52,81.76,1
Arhar,Alluvial soils,84.94829653763078,0,6.35,148.30405234987228,2.085751113035552,25.33,906.5,75.97,0
Pea,Red and Yellow soils,77.1904149781785,1,6.26,159.6942075375746,3.61915464017993,24.3,920.51,64.57,1
Rice,Laterite soils,6.748270550218036,0,6.24,153.16939920228737,1.174174578363922,24.28,964.43,64.23,0
Rice,Black soils,51.78490534951984,1,5.69,159.67777079366866,3.8935916410771423,20.31,967.25,74.41,1
Masoor,Black soils,32.78096124453907,1,6.06,155.80477364636056,4.464364499262837,27.87,848.9,89.07,1
Pea,Red and Yellow soils,21.55979018755156,0,6.7,77.78609298703317,3.689048046868987,23.06,874.09,63.33,0
Urd,Red and Yellow soils,80.12909695909734,0,6.72,70.99504826835619,4.201089365152599,27.74,871.18,86.36,0
Til,Laterite soils,89.66061130236088,0,5.5,138.96491601693197,2.999699639608014,25.57,840.37,90.0,0
Jwar,Black soils,85.02489644764282,0,5.88,141.69070379804322,2.338065364164532,24.46,849.24,62.95,0
Pea,Red and Yellow soils,57.89621108388996,1,5.74,140.3534641806105,3.0806227397827857,26.24,952.25,87.08,1
Jwar,Laterite soils,20.52338382586908,0,6.7,39.04821267421946,2.0258284690301904,23.89,938.19,72.3,0
Kulthi,Alluvial soils,54.81048353532652,1,6.07,24.193410570245213,4.594332152474536,26.2,904.48,60.0,0
Moong,Red and Yellow soils,40.84306264961799,1,6.65,123.39168044535634,4.282926461335064,25.71,829.1,66.97,1
Masoor,Alluvial soils,88.17766186897569,0,5.5,13.862974164951854,3.4365674693025685,26.29,964.35,74.94,0
Wheat,Laterite soils,7.276797004040833,0,5.96,117.16853925930828,3.99316410162361,23.82,846.59,87.75,0
Gram,Alluvial soils,40.02287500376711,1,6.88,152.92792867079348,3.896782705565548,24.14,924.84,60.28,1
Arhar,Alluvial soils,16.947340444794044,0,7.0,115.46353355361116,3.294811394244745,23.5,852.58,71.51,0
Millets,Alluvial soils,23.54097596703025,1,6.43,57.43568008837477,1.5978107189656572,24.86,839.3,84.59,1
Jwar,Red and Yellow soils,61.33138378263416,0,6.55,131.90345014994583,3.0456960700275504,20.84,862.73,80.32,0
Rice,Laterite soils,6.748270550218036,0,5.78,153.16939920228737,1.174174578363922,25.95,851.09,62.61,0
Maize,Red and Yellow soils,69.73343459088427,0,5.74,159.39192951392974,3.210066085264966,26.88,854.97,74.47,0
Wheat,Alluvial soils,19.530682289860536,0,6.03,40.60874305282016,2.7283560112256846,25.74,925.07,78.8,0
Moong,Alluvial soils,26.489067920660645,1,5.58,57.774369919506846,4.0238207365493945,22.43,844.12,81.49,1
Tiwra,Laterite soils,44.157514598221695,0,6.45,20.786220688080256,4.760647059177217,24.08,928.92,76.89,0
Kulthi,Red and Yellow soils,4.874093193902079,0,5.9,58.01984131719706,1.2796791167350348,20.74,934.84,84.67,0
Masoor,Alluvial soils,88.17766186897569,0,5.63,13.862974164951854,3.4365674693025685,25.94,847.89,80.61,0
summer paddy,Laterite soils,14.757076703479033,0,6.36,114.56572536211222,3.841667344001905,23.43,850.18,75.53,0
Wheat,Alluvial soils,19.530682289860536,0,5.87,40.60874305282016,2.7283560112256846,26.92,839.53,78.42,0
Millets,Laterite soils,43.23591197416306,1,7.0,119.119475832171,0.6911915449376529,25.97,879.1,65.15,1
Maize,Red and Yellow soils,69.73343459088427,0,5.7,159.39192951392974,3.210066085264966,26.9,835.45,71.3,0
summer paddy,Laterite soils,34.066071163832795,1,6.51,149.23083239700463,4.611200027303879,26.06,814.11,72.84,1
Gram,Red and Yellow soils,82.07588905682253,0,6.81,18.009491866681152,3.233362891898263,20.3,888.6,77.28,0
Tiwra,Red and Yellow soils,97.38715723126916,1,6.14,137.4889698215875,2.0734056158904988,26.72,812.46,86.49,1
Wheat,Alluvial soils,54.78604267673645,0,6.55,83.84981090417665,4.083958299034335,21.19,869.99,90.0,0
Rice,Red and Yellow soils,7.996150840499768,0,6.98,73.07030318124619,1.7926143362906817,26.8,908.76,80.72,0
Mustard,Alluvial soils,5.985936900346184,1,5.52,55.23498004685733,0.9143669321101572,22.54,845.17,68.65,1
Tiwra,Laterite soils,60.57467976893646,1,5.77,164.37331614576615,2.163674478018338,25.76,892.2,68.0,0
Jwar,Black soils,85.02489644764282,0,5.83,141.69070379804322,2.338065364164532,26.8,923.68,60.0,0
Moong,Alluvial soils,26.489067920660645,1,5.72,57.774369919506846,4.0238207365493945,23.38,905.94,81.32,1
summer paddy,Alluvial soils,62.00398399717235,0,6.98,38.761830651487706,4.14766925501463,23.19,889.71,74.92,0
Moong,Alluvial soils,74.91849185092191,1,6.17,35.66011307470839,3.274662483685392,20.98,817.82,90.0,0
Mustard,Black soils,19.12922251866725,1,5.86,103.50209792378745,2.617585675899809,27.38,901.72,71.03,0
Jwar,Black soils,43.34241591110462,0,6.22,55.8071284120974,4.114829632169133,21.44,843.73,83.43,0
Tiwra,Black soils,14.00913180874091,1,5.52,192.864017307691,3.587869631963185,24.18,939.1,72.05,1
Tiwra,Laterite soils,60.57467976893646,1,5.87,164.37331614576615,2.163674478018338,23.43,895.72,67.55,0
Groundnut,Black soils,77.0287821542821,1,5.93,28.30353013570137,1.0980962288868708,29.35,908.42,79.31,0
summer paddy,Laterite soils,99.68532353972208,1,6.49,36.79724244169026,0.5887722514342346,27.29,831.46,69.64,0
summer paddy,Alluvial soils,5.634581766188527,1,6.48,70.69578532542236,3.804381772475503,21.03,855.64,76.7,1
Gram,Black soils,43.903327920986655,1,7.0,153.1401018257682,2.190934023980345,27.39,787.68,79.91,1
Groundnut,Red and Yellow soils,96.74499664722,1,5.92,178.92269764733769,2.42511046193267,29.42,920.64,82.2,1
Maize,Alluvial soils,84.40064941289427,0,6.95,117.3407974676231,2.5830017311527627,30.0,778.65,85.5,0
Rice,Black soils,52.65669190477372,1,6.12,134.8384120738132,3.631008437924299,28.68,829.34,62.59,1
Til,Laterite soils,79.9474430875547,1,6.02,173.28889307383915,3.202864513601942,20.52,894.64,60.26,1
Moong,Alluvial soils,30.47426495779317,1,5.5,79.66928665808871,2.6924502123480902,22.45,936.03,80.62,1
Kulthi,Alluvial soils,67.60628023713699,0,5.75,34.05724834084618,3.7087473186135087,29.53,920.11,60.0,0
Urd,Laterite soils,2.7426498464331512,0,5.98,88.14528120125196,4.954035987983664,22.82,869.17,68.73,0
Til,Alluvial soils,85.22978983877745,1,5.74,14.770261505983694,1.7336147501948824,24.76,879.35,64.59,0
Millets,Alluvial soils,23.54097596703025,1,6.84,57.43568008837477,1.5978107189656572,25.31,916.86,85.43,1
summer paddy,Alluvial soils,92.14077589708448,0,5.73,37.26311684885115,2.4051624361938035,21.99,855.94,81.0,0
Millets,Laterite soils,43.90448238355727,0,5.79,165.51927153855505,0.5251230931434431,21.07,945.78,70.59,0
Mustard,Alluvial soils,5.985936900346184,1,5.5,55.23498004685733,0.9143669321101572,24.64,855.07,64.97,1
Tiwra,Laterite soils,41.61828535466275,1,6.35,25.379723997991185,4.950763297623329,26.66,850.79,61.51,0
Moong,Black soils,66.35159251639024,0,5.94,154.92011886243904,4.532794847215374,27.88,926.3,63.34,0
Wheat,Laterite soils,7.276797004040833,0,6.21,117.16853925930828,3.99316410162361,24.53,942.15,85.97,0
Rice,Alluvial soils,36.01014845087093,0,6.15,95.5705372998716,0.9837850209673618,22.41,818.14,73.67,0
Kulthi,Alluvial soils,67.60628023713699,0,5.5,34.05724834084618,3.7087473186135087,28.68,943.37,60.0,0
Masoor,Red and Yellow soils,79.30084242753477,1,6.99,11.043366165214929,1.7972285602299596,23.05,932.96,64.46,0
Soybean,Alluvial soils,45.929950244441066,1,6.43,146.06295145488895,4.868631700892124,28.11,851.46,72.01,0
Mustard,Laterite soils,50.57716960311954,0,6.2,79.28921525200687,1.641631398260391,25.66,898.19,84.04,0
Soybean,Black soils,98.59433372410363,0,5.99,78.26901572028348,4.212803098596902,23.31,941.08,69.47,0
Pea,Laterite soils,33.75432868239185,1,6.05,80.1683655296807,2.515180774620488,22.75,833.91,68.99,1
Soybean,Black soils,98.59433372410363,0,5.76,78.26901572028348,4.212803098596902,25.22,824.38,74.99,0
Tiwra,Red and Yellow soils,16.381665237746383,1,6.06,84.8078611948209,1.039182547558261,24.86,893.84,74.37,0
Gram,Alluvial soils,16.672643607007103,0,6.09,103.22443146605498,0.846637066382314,21.63,925.68,66.98,0
Millets,Alluvial soils,45.51927766356464,0,6.19,17.637805914713663,4.038528886844827,20.88,828.65,66.68,0
Urd,Laterite soils,4.197889378619497,0,6.88,90.0138398925223,4.669929373092929,28.6,802.96,76.93,0
Wheat,Black soils,27.701983404171347,1,6.68,165.79370043835235,0.8135175506595091,26.58,847.92,84.32,1
summer paddy,Laterite soils,34.066071163832795,1,6.29,149.23083239700463,4.611200027303879,28.34,853.42,79.07,1
Urd,Laterite soils,3.1424283074838835,1,5.85,78.7181102480801,3.652081641177272,25.78,821.82,85.65,1
Pea,Laterite soils,86.12529571965065,1,5.72,65.74792040384469,1.4305217882726928,25.07,865.32,89.77,1
Kulthi,Alluvial soils,54.81048353532652,1,5.67,24.193410570245213,4.594332152474536,27.33,939.96,63.5,0
Urd,Laterite soils,56.01656404336428,1,5.5,169.6786697669429,1.2509461554512062,27.72,938.12,77.8,1
Masoor,Red and Yellow soils,63.29267823677274,1,5.65,149.29521124251127,1.6236523171898996,20.0,948.05,63.68,1
Pea,Black soils,60.61327630651897,1,6.0,71.88729840163472,3.3834428136844004,26.38,860.37,62.4,1
Moong,Laterite soils,15.751845797753464,1,6.29,116.91939141246866,1.6379793852651496,21.81,854.75,62.63,1
Tiwra,Laterite soils,46.4327359055748,0,6.59,65.38166189792891,1.8247075099447776,24.96,893.4,79.88,0
Gram,Alluvial soils,16.672643607007103,0,6.23,103.22443146605498,0.846637066382314,20.0,876.4,66.98,0
Mustard,Black soils,8.188474407011933,1,7.0,47.59586392867045,2.8105878706836,20.11,827.55,65.1,0
summer paddy,Alluvial soils,68.88862950071787,1,5.99,73.83428244149384,0.5966557233781861,27.9,883.39,78.45,1
Til,Alluvial soils,20.130363157001845,1,5.9,96.39301275682372,3.99987462399122,24.24,900.66,62.05,1
Jwar,Laterite soils,20.52338382586908,0,6.81,39.04821267421946,2.0258284690301904,23.08,936.54,68.1,0
Jwar,Red and Yellow soils,28.76255629578411,1,6.04,177.41725250309972,0.8627567390016935,24.48,830.27,72.91,1
Kulthi,Alluvial soils,54.81048353532652,1,6.02,24.193410570245213,4.594332152474536,26.86,968.19,65.29,0
Gram,Red and Yellow soils,19.447014158096326,0,6.66,144.3782799628782,2.1302329607260293,29.58,818.07,83.03,0
Niger,Laterite soils,14.75564765833209,1,5.9,43.53470873409088,3.958799053421168,28.31,921.75,80.59,0
Tiwra,Laterite soils,88.94512805109724,0,5.5,56.3932872429863,2.278022077517278,20.22,891.51,85.59,0
Soybean,Black soils,76.5747447185727,0,6.07,55.80956789226062,1.6624085030446671,21.09,945.06,88.38,0
Masoor,Red and Yellow soils,63.29267823677274,1,5.57,149.29521124251127,1.6236523171898996,20.3,844.48,64.21,1
Gram,Red and Yellow soils,14.573215619358535,1,5.5,57.09839965697187,3.9514705976890343,26.72,887.21,81.52,0
Jwar,Laterite soils,83.11521733640478,1,5.83,135.05875811788147,2.826652317689744,24.34,869.73,61.32,1
Gram,Red and Yellow soils,14.573215619358535,1,5.61,57.09839965697187,3.9514705976890343,26.9,889.15,88.49,0
Mustard,Laterite soils,50.57716960311954,0,5.77,79.28921525200687,1.641631398260391,24.65,935.94,81.78,0
Masoor,Red and Yellow soils,34.865602801136006,1,5.53,74.53290343716962,0.976484678989204,21.86,907.4,62.25,1
Maize,Red and Yellow soils,75.04133314858224,0,5.5,126.6451520573656,2.7235491072147164,26.6,953.32,60.27,0
Maize,Red and Yellow soils,73.05988458504615,0,6.87,100.07917652497429,3.303778717019921,20.34,827.66,65.28,0
Millets,Alluvial soils,3.618996042561992,0,6.35,195.20677589698155,0.9929670665083924,27.55,896.19,89.04,0
Rice,Alluvial soils,45.02207961303291,1,5.59,183.9060120825367,2.2666440011155182,28.32,896.4,88.95,1
Pea,Alluvial soils,16.94988061339748,1,6.75,184.5564527018232,4.554417666294789,25.11,938.4,67.83,1
Gram,Red and Yellow soils,19.447014158096326,0,7.0,144.3782799628782,2.1302329607260293,27.54,857.8,85.08,0
Jwar,Alluvial soils,93.969049183815,1,6.79,83.89046853013258,1.8300016425041368,24.34,829.29,85.31,1
Niger,Black soils,56.17716140693022,1,6.56,42.88801275230651,2.992074792161899,25.74,830.73,72.41,0
Soybean,Black soils,99.34559799516776,0,6.76,135.6931179241448,1.381824872493303,23.41,805.92,73.32,0
Mustard,Laterite soils,71.43977713087003,0,5.93,192.4061665391249,2.318230840930169,21.41,889.97,73.66,0
Masoor,Red and Yellow soils,90.46926764515013,1,6.2,39.5265414675269,4.552431153446992,24.97,818.91,72.8,0
Pea,Red and Yellow soils,62.89562385255008,1,6.11,137.36228110423383,3.989132493505775,25.33,936.15,81.65,0
Urd,Laterite soils,56.01656404336428,1,5.67,169.6786697669429,1.2509461554512062,29.17,975.32,74.25,1
Gram,Alluvial soils,16.672643607007103,0,6.08,103.22443146605498,0.846637066382314,21.27,922.15,66.87,0
Til,Black soils,46.52242066000872,0,5.76,142.37837594275828,2.13191427436652,26.94,834.84,64.9,0
Pea,Black soils,35.50207418332751,0,6.14,155.1924950643728,4.558757044762429,28.55,901.27,68.58,0
Arhar,Red and Yellow soils,89.63418660147754,0,5.61,197.40269607320457,2.917209527133356,23.96,909.71,75.58,0
Soybean,Alluvial soils,45.929950244441066,1,6.36,146.06295145488895,4.868631700892124,28.12,801.07,71.82,0
Niger,Alluvial soils,30.9149550672235,0,6.93,25.390180382606133,4.890082443067278,20.14,903.69,80.4,0
Pea,Laterite soils,86.12529571965065,1,5.82,65.74792040384469,1.4305217882726928,24.33,874.42,89.63,1
summer paddy,Laterite soils,57.82058689786627,0,5.81,53.81319082011551,2.8357837897845606,21.86,877.67,79.69,0
Tiwra,Alluvial soils,7.949464529363647,1,6.79,26.11128283567805,0.5044061015460503,21.92,777.62,77.23,0
Arhar,Laterite soils,70.69460626460166,0,6.29,128.31657060515244,4.766392383485942,24.69,804.48,90.0,0
Gram,Red and Yellow soils,14.573215619358535,1,5.65,57.09839965697187,3.9514705976890343,28.12,942.73,81.65,0
Jwar,Laterite soils,51.52716525625736,0,5.5,117.26931971045472,4.763386070226863,24.78,863.36,60.0,0
Jwar,Red and Yellow soils,14.921019331346107,0,6.13,199.58265014089395,3.3401633423800927,21.94,839.64,85.33,0
Jwar,Black soils,57.1131845366664,0,6.32,85.61927717435609,3.85322871870764,23.92,913.05,60.0,0
Maize,Black soils,65.32355202698167,0,5.87,153.432927891906,1.8221311119500412,22.05,876.68,71.69,0
Kulthi,Black soils,93.64418332139984,1,5.5,135.85787194702743,2.7374408939283854,30.0,936.6,90.0,1
Maize,Black soils,37.59082546376269,1,6.23,177.66269564708426,3.0725046924698143,24.47,909.24,77.96,0
Kulthi,Laterite soils,6.566266666595126,1,6.66,182.44291675508293,2.3480193489739687,23.09,925.63,72.86,1
Groundnut,Red and Yellow soils,96.74499664722,1,5.73,178.92269764733769,2.42511046193267,27.53,873.97,82.49,1
Millets,Laterite soils,11.564782214969178,1,6.53,120.43280013719917,3.7676132617091977,25.17,929.25,60.0,1
Maize,Alluvial soils,34.904783067347054,0,6.78,17.703829613210928,0.5905315307981513,26.46,917.23,86.39,0
Arhar,Laterite soils,10.205047368034332,1,6.23,171.60702634754793,1.5679546063176029,28.22,841.22,71.65,0
Wheat,Alluvial soils,91.05415430835896,0,6.89,160.42512776637145,0.6999369117890404,22.98,794.42,88.49,0
Pea,Red and Yellow soils,57.89621108388996,1,6.14,140.3534641806105,3.0806227397827857,28.18,849.05,88.31,1
Moong,Alluvial soils,74.91849185092191,1,6.35,35.66011307470839,3.274662483685392,21.93,781.62,90.0,0
Niger,Laterite soils,14.75564765833209,1,5.6,43.53470873409088,3.958799053421168,29.84,950.15,84.0,0
Pea,Laterite soils,23.44233244018282,0,6.42,87.75414749046334,4.298467138068505,21.68,926.03,89.68,0
Kulthi,Black soils,67.84108048066902,1,6.81,44.23042527392003,2.349613359680567,22.41,862.55,76.86,0
Maize,Black soils,38.61061367320439,0,5.94,170.31722106664762,0.5080767595702489,24.55,938.9,65.36,0
Til,Alluvial soils,85.22978983877745,1,5.56,14.770261505983694,1.7336147501948824,26.42,873.74,64.54,0
summer paddy,Alluvial soils,68.88862950071787,1,6.14,73.83428244149384,0.5966557233781861,28.17,911.86,74.16,1
Pea,Alluvial soils,34.82813570853206,1,6.95,39.67680173556278,0.8048689074476658,29.31,840.79,73.28,0
Masoor,Black soils,57.674849565932185,0,6.17,50.45115979273248,1.5982455206728323,23.55,884.42,62.38,0
Gram,Black soils,78.84309895532813,1,6.33,101.37659921705163,0.5595492491183836,20.13,850.62,79.5,0
summer paddy,Laterite soils,68.33971322490649,1,6.86,21.80492518759846,3.622176401026044,22.54,883.02,74.91,0
Maize,Red and Yellow soils,73.05988458504615,0,6.95,100.07917652497429,3.303778717019921,20.45,774.78,71.0,0
Groundnut,Alluvial soils,51.66383286816028,0,6.64,98.78595372126168,1.518977035891242,21.67,822.21,64.73,0
Rice,Black soils,68.42984036578169,0,6.56,121.15296547268264,2.6923847070482827,29.63,815.1,90.0,0
Rice,Alluvial soils,45.02207961303291,1,5.89,183.9060120825367,2.2666440011155182,26.51,809.98,90.0,1
Gram,Red and Yellow soils,19.447014158096326,0,7.0,144.3782799628782,2.1302329607260293,30.0,821.51,82.75,0
Millets,Laterite soils,11.564782214969178,1,6.52,120.43280013719917,3.7676132617091977,24.65,944.99,60.0,1
Niger,Laterite soils,4.079749834554197,0,5.5,99.53335179078957,3.6129767886177073,24.75,895.54,68.77,0
Soybean,Laterite soils,13.10812731307866,1,5.67,178.12965587280345,2.260207718353315,30.0,868.33,79.26,1
Rice,Red and Yellow soils,94.9606118039142,0,5.6,54.1128672085785,1.619877527026648,22.5,878.72,62.68,0
Pea,Black soils,96.80767801393904,0,6.46,195.8016411514046,1.166165615757137,22.7,920.82,79.57,0
Rice,Alluvial soils,49.78214071680444,0,6.63,54.89730595991944,1.04622923932641,23.05,917.44,74.4,0
summer paddy,Red and Yellow soils,73.54687524942415,0,5.5,142.93725689571534,4.918276974920083,25.84,839.71,68.78,0
Maize,Alluvial soils,34.904783067347054,0,6.68,17.703829613210928,0.5905315307981513,26.8,814.11,90.0,0
Pea,Red and Yellow soils,14.258821823399837,1,6.27,181.6323051076012,4.302368943900499,26.57,907.45,69.11,1
Til,Red and Yellow soils,63.93819639548853,1,6.14,86.5501462725284,0.8314949690878561,28.87,836.07,71.64,1
Niger,Black soils,37.31419938079141,1,7.0,132.93729695324475,2.649581196463151,22.86,908.04,81.43,1
Rice,Alluvial soils,54.82894674818631,0,6.1,199.60504257664195,1.60459882847338,22.82,906.57,69.89,0
Arhar,Laterite soils,10.205047368034332,1,6.06,171.60702634754793,1.5679546063176029,27.26,878.66,77.59,0
Moong,Red and Yellow soils,6.70159104623501,0,6.81,154.37849353994258,1.4738508434764648,21.03,816.43,60.0,0
Jwar,Black soils,85.02489644764282,0,6.14,141.69070379804322,2.338065364164532,26.86,842.52,62.37,0
Maize,Alluvial soils,14.964041185953416,1,6.75,139.1026557896301,1.843602189402552,26.45,797.37,72.88,1
Rice,Alluvial soils,49.78214071680444,0,6.57,54.89730595991944,1.04622923932641,22.31,796.71,74.82,0
Soybean,Black soils,76.5747447185727,0,5.97,55.80956789226062,1.6624085030446671,21.03,872.49,82.87,0
Jwar,Red and Yellow soils,69.32300344575232,0,7.0,63.73200903681688,0.6010337902162692,26.9,794.34,87.28,0
Arhar,Red and Yellow soils,89.63418660147754,0,5.92,197.40269607320457,2.917209527133356,24.58,814.94,76.89,0
Mustard,Laterite soils,50.57716960311954,0,6.13,79.28921525200687,1.641631398260391,25.58,817.61,83.88,0
summer paddy,Alluvial soils,7.078898910240252,1,5.75,133.05676737201873,2.8391106476553305,23.2,804.19,88.81,0
Mustard,Alluvial soils,5.985936900346184,1,5.63,55.23498004685733,0.9143669321101572,24.05,884.09,65.98,1
Tiwra,Alluvial soils,7.949464529363647,1,6.72,26.11128283567805,0.5044061015460503,20.0,807.44,83.75,0
Arhar,Laterite soils,10.205047368034332,1,5.99,171.60702634754793,1.5679546063176029,28.54,822.86,78.49,0
Wheat,Alluvial soils,54.78604267673645,0,6.92,83.84981090417665,4.083958299034335,22.36,838.14,86.98,0
Kulthi,Black soils,5.487798902751413,0,5.96,116.7863204842874,2.954194231161236,23.72,898.94,62.68,0
summer paddy,Alluvial soils,92.14077589708448,0,5.5,37.26311684885115,2.4051624361938035,21.71,858.84,78.63,0
Pea,Red and Yellow soils,57.89621108388996,1,5.81,140.3534641806105,3.0806227397827857,27.93,838.7,89.22,1
Maize,Black soils,87.75885918969198,0,5.66,139.78469040599293,1.3665129133839682,27.58,943.61,89.33,0
Arhar,Alluvial soils,93.266516769375,0,6.36,151.91084094712255,4.153019042714469,27.98,838.68,75.2,0
Arhar,Black soils,7.8885965708143235,0,6.69,22.190126691675964,1.5355669671957597,24.66,807.67,86.74,0
Moong,Laterite soils,75.26532755569725,1,5.74,43.65731320402202,3.3010974637817863,28.64,899.78,60.0,0
Tiwra,Black soils,63.70051960241635,1,6.55,78.64897896002441,4.51494091656409,22.98,817.7,90.0,0
Arhar,Red and Yellow soils,86.86720496550913,0,6.12,40.99567176940299,0.9693659789832094,23.95,879.57,88.24,0
Maize,Red and Yellow soils,75.04133314858224,0,5.64,126.6451520573656,2.7235491072147164,24.24,960.5,60.79,0
Urd,Red and Yellow soils,45.498714553357374,0,6.89,78.41811791005178,2.4597531594443405,24.07,890.9,82.76,0
Til,Laterite soils,72.63236990744744,0,6.16,91.21425103639508,0.6719788045907025,29.13,899.99,72.57,0
Millets,Red and Yellow soils,60.97944387000568,0,6.43,183.50464510721,2.1363469721664288,28.26,839.91,66.49,0
Kulthi,Laterite soils,1.9575813458450015,0,6.54,135.07179394615684,2.663615249026792,20.63,897.06,77.45,0
Gram,Red and Yellow soils,19.447014158096326,0,7.0,144.3782799628782,2.1302329607260293,28.42,810.98,85.01,0
Masoor,Red and Yellow soils,34.865602801136006,1,5.84,74.53290343716962,0.976484678989204,20.27,874.95,62.52,1
Tiwra,Red and Yellow soils,49.47275930960727,1,6.88,64.97986652212177,4.40748983958334,26.14,781.39,90.0,0
Rice,Black soils,51.78490534951984,1,5.73,159.67777079366866,3.8935916410771423,20.61,979.73,72.31,1
Tiwra,Laterite soils,46.4327359055748,0,6.28,65.38166189792891,1.8247075099447776,23.49,836.7,78.6,0
Maize,Red and Yellow soils,69.73343459088427,0,5.7,159.39192951392974,3.210066085264966,24.42,853.03,76.34,0
Tiwra,Alluvial soils,28.87196897058254,0,7.0,17.161441426265586,4.476599320211214,30.0,908.28,68.7,0
Groundnut,Alluvial soils,76.89512894880215,0,6.9,111.20094863538525,4.241037869145725,21.03,853.71,75.13,0
Millets,Laterite soils,43.90448238355727,0,6.14,165.51927153855505,0.5251230931434431,21.25,890.11,66.53,0
Millets,Alluvial soils,43.70916466330876,1,5.71,39.41587779577248,2.043259526678144,28.06,944.97,90.0,0
Millets,Black soils,85.5878730724342,1,5.92,61.37039983559247,3.7262686183632985,27.78,856.77,73.22,0
Tiwra,Red and Yellow soils,27.092825029366224,1,5.69,153.70269592651675,1.2125187749279782,28.23,849.49,63.17,1
Til,Black soils,85.01927690614711,0,6.48,142.2143460301832,3.3364185717505808,21.55,810.9,78.71,0
Groundnut,Black soils,87.53054551977526,0,5.57,172.43490927868564,4.158548482629399,30.0,900.83,70.82,0
Til,Red and Yellow soils,85.94972915026943,1,5.5,124.22027903539907,4.9855581453472375,20.94,886.67,78.77,1
Pea,Red and Yellow soils,43.446323388532846,0,6.93,141.32630646402174,3.2583353976805944,28.43,811.71,66.85,0
Pea,Laterite soils,23.804071407579336,1,6.4,131.24557260272172,3.669244395754899,27.55,902.17,85.55,1
Urd,Black soils,11.274410889490516,0,6.82,112.43829037819636,4.276394728505107,27.9,802.43,80.69,0
Pea,Alluvial soils,17.17303816819014,0,5.5,163.3134475429299,2.644391106796571,28.5,985.79,69.8,0
Pea,Red and Yellow soils,32.745807896062146,1,5.89,26.481396356110054,4.152733501535543,23.36,833.92,84.3,0
Mustard,Laterite soils,95.8059931058451,0,5.68,103.02761838487882,4.034661034793127,20.94,869.27,62.44,0
Rice,Black soils,5.27909199036012,1,6.71,172.95426825777906,0.8633173028000611,20.56,930.1,63.28,1
Jwar,Alluvial soils,25.85682337890519,1,5.5,102.61050271033608,4.377680196883321,24.83,904.77,87.45,0
summer paddy,Black soils,60.308079523188816,0,6.56,43.46443527108601,3.000106367186519,26.79,802.9,77.65,0
Groundnut,Black soils,87.53054551977526,0,5.74,172.43490927868564,4.158548482629399,29.37,981.9,69.17,0
Pea,Red and Yellow soils,32.745807896062146,1,5.8,26.481396356110054,4.152733501535543,25.82,881.5,88.5,0
Jwar,Black soils,6.792207993494205,1,5.91,141.9426703662678,3.0373075279627453,27.89,947.21,82.39,0
Millets,Laterite soils,11.564782214969178,1,6.32,120.43280013719917,3.7676132617091977,24.03,812.73,60.0,1
Gram,Red and Yellow soils,14.573215619358535,1,5.83,57.09839965697187,3.9514705976890343,25.8,888.55,85.26,0
Til,Red and Yellow soils,85.94972915026943,1,5.5,124.22027903539907,4.9855581453472375,20.0,844.45,80.55,1
Gram,Red and Yellow soils,82.07588905682253,0,6.94,18.009491866681152,3.233362891898263,20.0,882.59,75.64,0
Moong,Alluvial soils,40.61480583667867,1,6.04,166.39544242161517,4.281051864970563,28.16,834.45,61.86,1
Tiwra,Alluvial soils,57.12809708824221,1,6.71,197.0604365484146,3.9823961897083984,24.55,863.72,70.82,1
Pea,Laterite soils,23.44233244018282,0,6.13,87.75414749046334,4.298467138068505,22.21,867.34,87.26,0
Gram,Alluvial soils,6.631856397258757,1,6.65,199.531133950268,4.800063599754694,21.42,814.93,86.42,0
Maize,Black soils,37.59082546376269,1,6.11,177.66269564708426,3.0725046924698143,22.93,873.47,81.2,0
Groundnut,Laterite soils,81.6554741475988,1,6.7,86.15027954705378,1.14379756440237,24.5,902.02,78.71,1
Rice,Laterite soils,83.8775957011866,1,5.51,34.37576356945297,2.294909994831729,28.27,852.18,70.31,0
Gram,Laterite soils,25.539681660071125,1,6.67,24.59636681009846,2.769413193485069,21.47,855.75,76.48,0
Mustard,Alluvial soils,12.351657408054075,1,5.89,74.45869273649792,2.028361205368407,20.19,887.37,77.02,1
Mustard,Laterite soils,50.57716960311954,0,5.96,79.28921525200687,1.641631398260391,26.68,874.74,86.81,0
Masoor,Red and Yellow soils,42.05432526241285,0,6.88,90.60728467834542,3.089700259916918,26.07,824.82,63.02,0
Millets,Laterite soils,69.8935704948745,0,6.28,32.32819760191878,3.248766454068652,25.71,795.94,84.26,0
Jwar,Red and Yellow soils,81.05182096520964,1,5.66,198.10884266676885,4.3258916692421066,22.84,942.32,73.17,1
Rice,Laterite soils,25.09494464680028,1,5.95,157.04690334075116,1.926924601319298,20.44,857.82,86.45,1
Moong,Laterite soils,75.26532755569725,1,5.96,43.65731320402202,3.3010974637817863,28.03,845.86,60.64,0
Maize,Black soils,73.32267007953085,0,5.7,47.49317757286676,0.6835265598024884,23.34,904.61,66.72,0
Til,Laterite soils,79.80767833149267,1,5.76,195.1869784074493,4.9333156627866845,22.86,965.0,78.7,0
Niger,Red and Yellow soils,16.887171155387144,1,6.08,22.167450486029797,2.846606265660132,26.86,864.2,70.48,0
Rice,Black soils,52.65669190477372,1,5.96,134.8384120738132,3.631008437924299,30.0,940.23,67.25,1
Masoor,Red and Yellow soils,42.05432526241285,0,7.0,90.60728467834542,3.089700259916918,26.24,863.79,65.98,0
Niger,Black soils,30.080933360930537,0,5.66,52.22680121536878,1.086363801815192,24.31,987.07,69.44,0
summer paddy,Laterite soils,99.68532353972208,1,6.48,36.79724244169026,0.5887722514342346,28.04,874.7,62.9,0
Urd,Alluvial soils,91.70252765931488,0,6.63,15.605923247840275,3.5094411666075778,24.64,834.03,78.01,0
Groundnut,Laterite soils,47.3154015978025,0,6.14,163.00709664528063,2.6080442594736524,20.89,846.25,60.0,0
Niger,Alluvial soils,30.9149550672235,0,7.0,25.390180382606133,4.890082443067278,21.09,835.16,78.09,0
Arhar,Black soils,58.272667448535096,0,5.53,146.75311324207283,0.571651324312384,21.29,906.32,69.04,0
Rice,Red and Yellow soils,62.88030372406628,0,6.26,69.50062910462015,4.898555948589926,26.01,956.24,70.35,0
Millets,Red and Yellow soils,17.122970872144943,1,6.27,60.7652239322664,2.3761285663683043,27.34,955.76,69.55,1
Rice,Red and Yellow soils,7.996150840499768,0,6.9,73.07030318124619,1.7926143362906817,25.21,797.08,82.14,0
Niger,Laterite soils,58.342897767539576,0,6.11,30.396351069572987,0.6188329381507388,24.85,952.3,82.8,0
Til,Red and Yellow soils,80.31440413281457,0,6.17,77.60609722671164,0.5869799739884878,28.33,925.13,69.18,0
Gram,Black soils,33.36100018676664,1,6.41,77.38147579324998,4.486073743546642,28.9,845.2,61.94,1
Urd,Red and Yellow soils,21.596618772360653,1,6.75,136.9355851898517,2.343072110888093,20.0,859.53,89.49,1
Kulthi,Laterite soils,97.05327118037404,1,6.96,33.70437264492988,4.118308574057645,26.19,820.38,72.15,0
Til,Laterite soils,89.66061130236088,0,5.5,138.96491601693197,2.999699639608014,26.71,961.94,89.4,0
Rice,Black soils,51.78490534951984,1,5.71,159.67777079366866,3.8935916410771423,21.35,864.77,76.23,1
Pea,Black soils,94.11254095151456,0,7.0,74.32011188400841,3.278071802192412,23.46,828.26,83.22,0
Soybean,Alluvial soils,45.929950244441066,1,6.28,146.06295145488895,4.868631700892124,25.68,920.64,73.16,0
Rice,Red and Yellow soils,94.9606118039142,0,5.68,54.1128672085785,1.619877527026648,22.4,872.86,62.63,0
Wheat,Alluvial soils,86.54297981140141,0,6.8,108.46872549256152,3.65827855817515,20.48,850.65,61.69,0
Arhar,Laterite soils,96.60763642238672,0,6.78,133.99567920563555,1.2167870909791818,20.96,905.78,79.76,0
Moong,Laterite soils,4.258463097456195,0,5.88,181.9289995636216,3.8846723421151497,25.98,882.7,80.05,0
Pea,Black soils,35.50207418332751,0,6.03,155.1924950643728,4.558757044762429,26.19,837.97,70.33,0
Urd,Laterite soils,4.197889378619497,0,6.75,90.0138398925223,4.669929373092929,30.0,878.27,82.89,0
Soybean,Black soils,39.78177453222698,0,5.5,94.97051601405003,2.865401887107058,27.22,866.05,69.34,0
Masoor,Red and Yellow soils,15.573043648692993,0,5.5,40.394151236744186,2.3537196802479925,25.41,989.3,70.01,0
summer paddy,Alluvial soils,68.88862950071787,1,6.05,73.83428244149384,0.5966557233781861,28.05,924.28,74.91,1
Gram,Laterite soils,53.836448220478616,0,5.96,15.2236049976858,0.9405202056930708,22.39,966.32,60.5,0
Wheat,Laterite soils,92.6074773325522,1,5.85,171.06465646258272,1.1677687279613973,23.38,836.97,79.51,1
Millets,Alluvial soils,66.1773521263443,1,6.12,121.45483757861142,4.880676349583943,24.34,860.29,63.84,1
Groundnut,Black soils,87.53054551977526,0,5.5,172.43490927868564,4.158548482629399,30.0,940.7,72.84,0
Niger,Laterite soils,4.079749834554197,0,5.76,99.53335179078957,3.6129767886177073,24.64,962.94,72.2,0
Gram,Laterite soils,94.10126247062009,0,5.58,72.58126430651672,2.1511369511760727,26.95,966.66,60.0,0
Wheat,Red and Yellow soils,45.9958564972776,0,6.36,199.4706146791189,3.097939236387041,29.31,924.33,60.0,0
Pea,Alluvial soils,16.94988061339748,1,6.82,184.5564527018232,4.554417666294789,26.04,823.09,63.91,1
Wheat,Alluvial soils,86.71163811325147,1,5.93,54.94653337104506,3.359167289944513,26.94,854.86,82.21,1
summer paddy,Laterite soils,68.33971322490649,1,7.0,21.80492518759846,3.622176401026044,20.0,924.47,74.78,0
Masoor,Black soils,57.674849565932185,0,6.17,50.45115979273248,1.5982455206728323,24.96,817.36,67.29,0
summer paddy,Laterite soils,90.855464380136,0,5.5,88.93461010502237,2.2896711723008787,23.85,926.09,81.9,0
Niger,Black soils,56.17716140693022,1,6.76,42.88801275230651,2.992074792161899,26.1,914.66,70.25,0
Kulthi,Alluvial soils,54.81048353532652,1,5.74,24.193410570245213,4.594332152474536,25.2,952.89,60.0,0
Gram,Alluvial soils,92.8493387422751,1,6.75,64.25799140275164,4.914860850641632,29.2,844.78,78.82,1
Masoor,Red and Yellow soils,84.52316916652465,1,5.93,136.06206737070266,3.720799011587236,27.16,853.69,76.03,1
Rice,Black soils,68.42984036578169,0,6.56,121.15296547268264,2.6923847070482827,30.0,828.36,85.5,0
Mustard,Laterite soils,61.737953589033744,0,5.82,65.69585886371809,1.5602596870875736,24.23,924.76,84.71,0
Groundnut,Alluvial soils,7.595586649378683,1,6.97,32.52112578042177,2.090866635406147,22.02,797.11,60.57,0
Urd,Alluvial soils,37.78258122050927,1,5.6,46.08242628582618,2.6125853106729853,28.27,898.07,71.83,0
Moong,Black soils,70.46581678149187,0,5.84,21.66905565059997,4.032486033053475,20.52,833.22,79.56,0
Millets,Alluvial soils,45.51927766356464,0,6.09,17.637805914713663,4.038528886844827,23.51,860.34,63.41,0
Gram,Red and Yellow soils,82.24193371365227,1,6.04,186.49446950562293,3.4182091680119338,20.0,880.35,64.19,1
Maize,Red and Yellow soils,83.97676737225935,0,5.56,174.8228236194111,1.95984723189331,25.05,839.13,83.65,0
Millets,Black soils,49.27248131847189,0,6.37,53.90095521876777,1.2019846474142255,21.95,920.09,81.55,0
Jwar,Alluvial soils,87.5833721223469,0,6.61,73.36725049269779,3.5742192788952645,27.65,952.96,64.37,0
Millets,Red and Yellow soils,70.98318926589636,1,6.63,74.80825570491946,3.7312992983988873,25.55,888.39,60.19,1
Soybean,Red and Yellow soils,79.46057483174057,0,6.42,150.462155599481,3.444350816677973,20.58,873.31,81.96,0
Millets,Black soils,85.5878730724342,1,6.19,61.37039983559247,3.7262686183632985,27.28,823.14,72.35,0
Wheat,Black soils,27.701983404171347,1,6.84,165.79370043835235,0.8135175506595091,25.79,821.61,82.24,1
Til,Red and Yellow soils,85.94972915026943,1,5.59,124.22027903539907,4.9855581453472375,20.17,843.76,81.68,1
Kulthi,Black soils,23.189085786347796,0,6.03,189.8627111419892,2.7848888056767773,29.97,865.66,84.7,0
Jwar,Black soils,28.67326065577008,0,6.33,62.69765596562617,3.9383874571860433,22.31,883.83,82.2,0
Rice,Alluvial soils,54.82894674818631,0,6.25,199.60504257664195,1.60459882847338,21.07,950.31,70.83,0
Urd,Alluvial soils,37.78258122050927,1,5.79,46.08242628582618,2.6125853106729853,29.41,835.56,71.23,0
Tiwra,Alluvial soils,49.96403886906193,0,6.61,129.23233750459332,1.024483141899196,24.66,797.62,64.4,0
Masoor,Alluvial soils,17.051062582241848,1,6.79,158.50864420956958,2.1741170604411213,22.37,810.01,74.79,1
Gram,Red and Yellow soils,53.08813320922549,1,6.49,28.808142321819524,3.1415169004795302,26.8,838.65,62.42,0
Kulthi,Laterite soils,31.16493766854265,0,6.55,37.76578110224007,3.3810076514253757,22.64,820.17,69.27,0
Tiwra,Laterite soils,41.61828535466275,1,6.47,25.379723997991185,4.950763297623329,25.12,943.31,63.78,0
Til,Black soils,58.53364358235279,1,6.7,199.36210175604907,0.7934570356250641,29.33,839.84,77.29,1
Til,Black soils,46.52242066000872,0,5.57,142.37837594275828,2.13191427436652,26.95,975.83,60.0,0
Groundnut,Alluvial soils,76.89512894880215,0,6.62,111.20094863538525,4.241037869145725,20.0,856.36,74.34,0
Millets,Laterite soils,43.23591197416306,1,6.75,119.119475832171,0.6911915449376529,25.84,783.46,69.57,1
Moong,Alluvial soils,40.61480583667867,1,5.97,166.39544242161517,4.281051864970563,28.73,934.65,60.0,1
Millets,Alluvial soils,83.4164579675254,0,6.33,146.3607032263529,4.542588877178431,24.58,794.16,84.24,0
summer paddy,Alluvial soils,68.88862950071787,1,6.26,73.83428244149384,0.5966557233781861,27.87,797.39,75.58,1
Masoor,Red and Yellow soils,63.29267823677274,1,5.5,149.29521124251127,1.6236523171898996,20.0,895.03,64.25,1
Kulthi,Black soils,67.84108048066902,1,7.0,44.23042527392003,2.349613359680567,22.14,759.55,81.17,0
Moong,Laterite soils,1.3350146708237651,0,5.98,27.21836674974315,4.5485522285277975,26.26,881.32,63.25,0
Gram,Black soils,18.54638357946299,1,5.85,34.31846563723244,1.5054079551932045,26.05,835.17,73.18,0
Wheat,Laterite soils,7.276797004040833,0,6.2,117.16853925930828,3.99316410162361,23.74,932.38,85.13,0
Moong,Laterite soils,1.3350146708237651,0,6.21,27.21836674974315,4.5485522285277975,28.84,877.04,63.72,0
Pea,Red and Yellow soils,62.89562385255008,1,5.95,137.36228110423383,3.989132493505775,23.98,833.31,86.27,0
Millets,Alluvial soils,95.28279889194648,1,6.58,29.144702967043564,4.024157339354911,22.13,815.49,69.0,0
Gram,Laterite soils,94.10126247062009,0,5.9,72.58126430651672,2.1511369511760727,25.12,973.23,60.0,0
Masoor,Black soils,35.88229477097293,0,6.69,78.05785247904603,3.7076108701053294,26.8,912.2,60.0,0
Urd,Black soils,11.274410889490516,0,6.87,112.43829037819636,4.276394728505107,27.81,918.07,83.15,0
Til,Laterite soils,79.80767833149267,1,5.96,195.1869784074493,4.9333156627866845,22.55,949.13,77.25,0
Kulthi,Black soils,23.189085786347796,0,6.17,189.8627111419892,2.7848888056767773,29.51,885.69,84.47,0
summer paddy,Alluvial soils,92.14077589708448,0,5.5,37.26311684885115,2.4051624361938035,20.55,920.95,81.27,0
Kulthi,Red and Yellow soils,77.23112760032592,0,7.0,189.48722932169497,0.7063293420201492,24.41,854.68,77.65,0
Niger,Red and Yellow soils,4.301026088036883,0,6.49,145.61804214220632,2.0812368730220943,22.21,937.45,66.68,0
Mustard,Black soils,48.223606509415184,0,5.78,42.21612474828965,3.626063543977249,27.42,863.66,76.28,0
Millets,Alluvial soils,66.1773521263443,1,6.45,121.45483757861142,4.880676349583943,24.26,859.2,68.86,1
Wheat,Red and Yellow soils,19.63023274762661,0,5.71,132.24686057442185,4.182026033346189,27.86,930.42,67.13,0
Jwar,Laterite soils,92.81866674409925,1,6.0,159.32913111736443,4.144766898974626,20.91,918.3,80.85,0
Maize,Black soils,25.60173042272508,1,6.82,165.05125349950538,2.360850866018045,29.85,898.84,67.57,1
Moong,Laterite soils,4.258463097456195,0,5.61,181.9289995636216,3.8846723421151497,26.17,942.34,73.81,0
Moong,Laterite soils,44.60788148262814,1,5.87,83.79284451275134,2.217174315777015,26.05,867.44,64.96,1
Urd,Laterite soils,2.7426498464331512,0,5.78,88.14528120125196,4.954035987983664,23.94,847.44,70.95,0
Soybean,Black soils,76.5747447185727,0,6.24,55.80956789226062,1.6624085030446671,20.0,784.19,88.28,0
Urd,Alluvial soils,18.245949358971803,1,6.39,144.86143436361849,4.22251584341133,27.38,821.05,65.61,1
Jwar,Laterite soils,20.52338382586908,0,6.85,39.04821267421946,2.0258284690301904,22.36,863.42,70.88,0
Maize,Black soils,25.60173042272508,1,7.0,165.05125349950538,2.360850866018045,30.0,867.03,66.18,1
Jwar,Laterite soils,52.03647167552329,1,6.47,64.66675150721977,1.1856502725788038,28.31,869.83,64.24,1
Urd,Laterite soils,56.01656404336428,1,5.5,169.6786697669429,1.2509461554512062,28.56,874.38,72.34,1
Rice,Black soils,68.42984036578169,0,6.34,121.15296547268264,2.6923847070482827,30.0,792.81,90.0,0
Pea,Red and Yellow soils,45.88200025350533,0,6.79,166.4197314414131,0.7604645881312596,24.89,910.2,68.74,0
Mustard,Laterite soils,53.54515854139666,1,6.4,108.2514903397496,3.718948332542829,26.74,867.79,67.69,1
Millets,Black soils,15.194191435755716,1,6.13,139.19187074455024,2.3495259339216563,28.85,946.25,71.2,1
summer paddy,Alluvial soils,80.44770135267859,0,6.85,29.64755058306169,4.7260075846814615,23.2,764.68,89.97,0
Tiwra,Red and Yellow soils,49.47275930960727,1,6.6,64.97986652212177,4.40748983958334,24.66,775.79,88.12,0
Masoor,Black soils,35.88229477097293,0,6.78,78.05785247904603,3.7076108701053294,24.49,851.06,60.5,0
Gram,Alluvial soils,40.02287500376711,1,6.93,152.92792867079348,3.896782705565548,25.34,834.68,63.26,1
Urd,Black soils,24.427711240308238,0,6.24,40.40200266895553,4.121770237149953,23.13,814.31,85.49,0
Til,Black soils,85.01927690614711,0,6.5,142.2143460301832,3.3364185717505808,20.0,842.37,80.87,0
Maize,Laterite soils,80.06913248485557,0,6.55,60.5239790933438,1.7659599285259715,29.09,911.17,66.71,0
Jwar,Laterite soils,20.52338382586908,0,6.96,39.04821267421946,2.0258284690301904,23.0,799.73,69.65,0
Masoor,Red and Yellow soils,42.05432526241285,0,7.0,90.60728467834542,3.089700259916918,25.42,814.71,66.92,0
Kulthi,Alluvial soils,92.5492169547469,1,6.61,172.39818815807868,1.6613788159021248,28.34,790.77,88.53,1
Mustard,Alluvial soils,2.3002039972834387,0,6.83,145.61959193869544,2.519545815592032,24.51,806.52,76.22,0
Groundnut,Black soils,13.083322941050284,0,5.73,85.59418473765709,3.41430524157662,23.8,907.18,61.95,0
Moong,Laterite soils,75.26532755569725,1,5.84,43.65731320402202,3.3010974637817863,27.91,921.93,64.39,0
Pea,Laterite soils,13.913505998801302,1,6.16,198.6012534110168,2.571015400924413,24.64,890.03,64.35,1
Kulthi,Red and Yellow soils,4.874093193902079,0,6.14,58.01984131719706,1.2796791167350348,20.52,800.44,83.85,0
Mustard,Laterite soils,61.737953589033744,0,5.77,65.69585886371809,1.5602596870875736,26.06,819.49,79.81,0
Jwar,Laterite soils,92.81866674409925,1,6.23,159.32913111736443,4.144766898974626,20.83,846.21,75.48,0
summer paddy,Alluvial soils,62.00398399717235,0,6.69,38.761830651487706,4.14766925501463,24.88,845.41,78.61,0
summer paddy,Alluvial soils,68.88862950071787,1,5.99,73.83428244149384,0.5966557233781861,26.4,878.44,74.89,1
Tiwra,Black soils,14.00913180874091,1,5.58,192.864017307691,3.587869631963185,23.94,888.56,77.89,1
Kulthi,Alluvial soils,95.13326238868204,1,6.47,125.509145492839,4.864218401260991,24.22,866.06,61.21,1
Kulthi,Red and Yellow soils,77.23112760032592,0,6.73,189.48722932169497,0.7063293420201492,24.5,837.74,80.78,0
Arhar,Alluvial soils,16.947340444794044,0,7.0,115.46353355361116,3.294811394244745,23.84,868.0,69.57,0
Urd,Laterite soils,2.7426498464331512,0,5.96,88.14528120125196,4.954035987983664,23.3,916.5,64.13,0
Millets,Alluvial soils,83.4164579675254,0,6.41,146.3607032263529,4.542588877178431,24.73,910.72,86.6,0
Rice,Black soils,68.42984036578169,0,6.28,121.15296547268264,2.6923847070482827,28.33,862.3,90.0,0
Jwar,Black soils,85.02489644764282,0,5.82,141.69070379804322,2.338065364164532,25.76,899.43,62.83,0
Wheat,Red and Yellow soils,45.9958564972776,0,6.16,199.4706146791189,3.097939236387041,28.87,968.62,60.0,0
Mustard,Black soils,8.188474407011933,1,7.0,47.59586392867045,2.8105878706836,20.0,791.82,65.75,0
Maize,Black soils,65.32355202698167,0,5.87,153.432927891906,1.8221311119500412,22.56,884.09,72.14,0
Tiwra,Black soils,63.70051960241635,1,6.75,78.64897896002441,4.51494091656409,20.34,850.2,86.97,0
Jwar,Red and Yellow soils,81.05182096520964,1,5.67,198.10884266676885,4.3258916692421066,23.47,838.65,68.83,1
Pea,Alluvial soils,63.2123421474168,1,6.11,30.08992185887418,2.1099619017340947,27.33,918.32,60.78,0
Jwar,Laterite soils,51.52716525625736,0,5.64,117.26931971045472,4.763386070226863,27.06,881.84,60.25,0
Pea,Black soils,94.11254095151456,0,7.0,74.32011188400841,3.278071802192412,24.77,788.52,84.51,0
Tiwra,Laterite soils,46.4327359055748,0,6.35,65.38166189792891,1.8247075099447776,23.31,880.34,79.61,0
Urd,Laterite soils,4.197889378619497,0,6.7,90.0138398925223,4.669929373092929,29.57,907.11,76.19,0
Masoor,Red and Yellow soils,90.46926764515013,1,5.94,39.5265414675269,4.552431153446992,24.45,848.52,77.11,0
Maize,Alluvial soils,25.96962093356883,0,5.54,159.78724651759555,2.4066244155234733,21.71,976.46,67.89,0
Millets,Black soils,6.907493912567169,0,6.75,84.40519823967013,2.862263975769026,26.77,891.76,86.89,0
Maize,Black soils,87.75885918969198,0,5.91,139.78469040599293,1.3665129133839682,26.27,811.06,88.86,0
Soybean,Alluvial soils,73.18122507589274,0,5.68,84.15235572039454,4.546057014434088,25.67,954.62,83.3,0
Kulthi,Red and Yellow soils,71.95464735059075,0,6.83,143.26123077544585,2.2065192855643185,23.85,861.48,78.33,0
Rice,Laterite soils,25.09494464680028,1,6.26,157.04690334075116,1.926924601319298,23.08,935.04,89.56,1
summer paddy,Black soils,99.14865361366142,0,6.04,134.30705078512983,1.949386589804747,23.62,920.2,60.0,0
Millets,Alluvial soils,45.51927766356464,0,6.11,17.637805914713663,4.038528886844827,21.25,898.38,62.04,0
Urd,Alluvial soils,91.70252765931488,0,6.54,15.605923247840275,3.5094411666075778,22.36,897.07,77.23,0
Wheat,Alluvial soils,54.78604267673645,0,6.53,83.84981090417665,4.083958299034335,21.12,846.84,86.65,0
Millets,Alluvial soils,43.70916466330876,1,5.92,39.41587779577248,2.043259526678144,25.37,911.3,90.0,0
Kulthi,Alluvial soils,54.81048353532652,1,5.82,24.193410570245213,4.594332152474536,25.79,878.97,63.64,0
Kulthi,Laterite soils,93.89813650383569,0,6.6,193.230305006838,2.25817436042408,29.38,948.39,60.0,0
Moong,Red and Yellow soils,40.84306264961799,1,6.45,123.39168044535634,4.282926461335064,24.41,891.74,64.25,1
Maize,Black soils,19.410359181755048,0,5.52,167.23117270851932,4.392858700280796,25.64,925.88,60.0,0
Arhar,Laterite soils,70.69460626460166,0,6.29,128.31657060515244,4.766392383485942,25.3,916.75,85.26,0
Wheat,Red and Yellow soils,58.75812809075228,0,5.68,61.15233492569079,2.7512492589727047,22.75,916.2,64.13,0
Jwar,Alluvial soils,77.34890187462672,0,6.09,187.39893140589743,4.13407204546712,23.07,845.42,67.41,0
Gram,Red and Yellow soils,19.447014158096326,0,7.0,144.3782799628782,2.1302329607260293,27.56,872.24,84.49,0
Pea,Red and Yellow soils,45.88200025350533,0,6.79,166.4197314414131,0.7604645881312596,24.36,853.78,66.6,0
Kulthi,Laterite soils,67.55487925578505,0,7.0,79.33838476518439,4.877362795825739,28.69,842.48,90.0,0
Pea,Laterite soils,13.913505998801302,1,6.07,198.6012534110168,2.571015400924413,24.95,822.22,61.14,1
Tiwra,Laterite soils,88.94512805109724,0,5.66,56.3932872429863,2.278022077517278,22.18,939.74,83.81,0
Til,Alluvial soils,25.073589779047172,0,7.0,173.56684832753513,0.5153972218655465,25.21,835.75,70.08,0
Rice,Laterite soils,83.79467762655149,0,6.79,33.31006222633755,2.783971589852677,20.72,843.59,84.36,0
Gram,Laterite soils,25.539681660071125,1,6.77,24.59636681009846,2.769413193485069,20.55,846.37,74.78,0
Til,Alluvial soils,74.9101007065359,0,6.29,139.00895124661432,4.160729142666699,24.74,845.72,90.0,0
Gram,Alluvial soils,6.631856397258757,1,6.39,199.531133950268,4.800063599754694,22.85,916.58,84.23,0
Masoor,Red and Yellow soils,90.46926764515013,1,6.12,39.5265414675269,4.552431153446992,25.33,827.31,79.01,0
Mustard,Black soils,83.04704930059059,1,6.96,164.2968639673771,3.2910142681176096,22.19,893.65,90.0,1
Jwar,Alluvial soils,75.59152131396844,1,6.77,79.91476651727123,4.875495742078561,21.25,782.01,74.54,1
Groundnut,Laterite soils,81.6554741475988,1,6.97,86.15027954705378,1.14379756440237,25.57,835.97,73.7,1
summer paddy,Alluvial soils,5.634581766188527,1,6.57,70.69578532542236,3.804381772475503,21.19,798.18,80.74,1
Maize,Red and Yellow soils,75.04133314858224,0,5.78,126.6451520573656,2.7235491072147164,25.88,854.82,66.74,0
summer paddy,Alluvial soils,7.078898910240252,1,5.68,133.05676737201873,2.8391106476553305,22.98,870.82,88.32,0
summer paddy,Laterite soils,57.82058689786627,0,6.15,53.81319082011551,2.8357837897845606,20.0,802.86,75.73,0
Soybean,Black soils,43.93909969768636,1,7.0,187.44094250103575,3.156684445310398,27.56,812.42,85.78,1
Maize,Black soils,19.410359181755048,0,5.54,167.23117270851932,4.392858700280796,25.53,851.61,64.65,0
Masoor,Red and Yellow soils,34.865602801136006,1,5.81,74.53290343716962,0.976484678989204,20.0,934.79,63.38,1
Niger,Red and Yellow soils,30.05926746262701,0,5.72,171.41131547239257,3.621531844526511,30.0,904.24,64.51,0
Masoor,Red and Yellow soils,63.29267823677274,1,5.86,149.29521124251127,1.6236523171898996,20.0,924.95,60.0,1
Gram,Alluvial soils,16.672643607007103,0,6.37,103.22443146605498,0.846637066382314,20.0,941.18,62.08,0
Soybean,Laterite soils,82.5219028825696,1,6.26,120.98570933252736,1.84204637395397,21.39,934.21,89.42,1
Groundnut,Laterite soils,73.65874563961616,0,5.91,22.36466943541153,2.773808931043931,24.73,953.31,60.0,0
Gram,Alluvial soils,11.03940647751555,0,6.77,53.34742166871745,2.74635152842651,27.23,826.06,74.35,0
Maize,Alluvial soils,34.904783067347054,0,7.0,17.703829613210928,0.5905315307981513,28.94,756.91,88.15,0
Groundnut,Black soils,77.0287821542821,1,6.0,28.30353013570137,1.0980962288868708,29.77,905.07,82.06,0
Soybean,Laterite soils,13.10812731307866,1,5.5,178.12965587280345,2.260207718353315,30.0,873.39,73.38,1
Tiwra,Red and Yellow soils,12.71408322731068,0,5.79,16.77495232897338,2.110155905799066,21.03,955.52,88.9,0
Moong,Black soils,75.01023382812153,1,7.0,27.654315800797047,2.046099335099027,28.9,908.49,62.47,0
Gram,Alluvial soils,92.8493387422751,1,6.43,64.25799140275164,4.914860850641632,29.9,911.29,75.29,1
Tiwra,Black soils,14.00913180874091,1,5.93,192.864017307691,3.587869631963185,24.9,894.0,72.26,1
Mustard,Alluvial soils,2.3002039972834387,0,6.58,145.61959193869544,2.519545815592032,24.99,904.2,76.1,0
Rice,Alluvial soils,55.7182474465031,0,6.1,34.65834578689061,2.032096363927362,28.43,833.73,65.76,0
Mustard,Black soils,49.5300825663572,0,5.5,153.43110336778798,4.824259422343958,26.6,951.51,84.71,0
Millets,Red and Yellow soils,17.122970872144943,1,6.33,60.7652239322664,2.3761285663683043,26.32,954.14,68.04,1
Groundnut,Alluvial soils,51.66383286816028,0,6.37,98.78595372126168,1.518977035891242,22.62,930.9,67.45,0
Niger,Laterite soils,58.342897767539576,0,6.1,30.396351069572987,0.6188329381507388,24.09,832.76,85.93,0
Til,Red and Yellow soils,63.93819639548853,1,5.87,86.5501462725284,0.8314949690878561,27.01,824.95,69.35,1
Pea,Red and Yellow soils,32.745807896062146,1,5.99,26.481396356110054,4.152733501535543,23.61,925.57,90.0,0
Rice,Laterite soils,36.067847125393314,1,5.92,45.080516013725855,3.846756333323527,20.43,894.56,60.0,0
Til,Red and Yellow soils,63.93819639548853,1,6.23,86.5501462725284,0.8314949690878561,27.26,846.53,70.99,1
Gram,Red and Yellow soils,19.447014158096326,0,7.0,144.3782799628782,2.1302329607260293,27.55,762.65,85.53,0
Jwar,Black soils,65.54709453271963,1,6.2,14.774203291276631,4.843878235764788,25.01,883.88,78.87,0
Pea,Red and Yellow soils,62.89562385255008,1,6.01,137.36228110423383,3.989132493505775,24.87,865.93,84.38,0
Moong,Alluvial soils,30.47426495779317,1,5.5,79.66928665808871,2.6924502123480902,24.09,899.17,73.24,1
Pea,Black soils,96.80767801393904,0,6.68,195.8016411514046,1.166165615757137,21.6,850.96,76.76,0
Moong,Laterite soils,44.60788148262814,1,5.88,83.79284451275134,2.217174315777015,25.77,860.77,64.49,1
Millets,Alluvial soils,95.28279889194648,1,6.22,29.144702967043564,4.024157339354911,23.39,873.22,71.71,0
Jwar,Laterite soils,51.52716525625736,0,5.5,117.26931971045472,4.763386070226863,25.98,931.18,62.21,0
Urd,Laterite soils,66.47259153046967,1,6.39,141.76502902740526,2.4215107907859093,28.64,816.28,70.84,1
Gram,Laterite soils,25.539681660071125,1,6.72,24.59636681009846,2.769413193485069,20.1,803.0,78.3,0
Groundnut,Alluvial soils,77.64734025846953,1,6.48,30.1290536211666,2.4437057909109408,22.12,952.06,61.47,0
Arhar,Alluvial soils,16.947340444794044,0,6.66,115.46353355361116,3.294811394244745,24.2,929.69,76.55,0
Arhar,Alluvial soils,91.85485510003234,0,6.38,76.53287840752338,1.2994679672213083,28.43,945.0,79.92,0
Wheat,Red and Yellow soils,58.75812809075228,0,6.06,61.15233492569079,2.7512492589727047,22.52,928.24,67.15,0
Niger,Black soils,41.408301825253936,1,6.52,31.68152038748095,2.551580468611744,23.52,835.46,63.43,0
Mustard,Black soils,19.12922251866725,1,5.6,103.50209792378745,2.617585675899809,28.03,867.62,70.49,0
Tiwra,Red and Yellow soils,16.381665237746383,1,5.96,84.8078611948209,1.039182547558261,25.12,812.83,78.16,0
summer paddy,Red and Yellow soils,1.3568197489404303,1,6.0,169.14624833347128,4.405057679473639,29.77,945.87,77.96,0
Moong,Laterite soils,4.258463097456195,0,5.5,181.9289995636216,3.8846723421151497,24.77,934.02,77.38,0
Moong,Alluvial soils,40.61480583667867,1,5.72,166.39544242161517,4.281051864970563,29.05,843.96,60.0,1
Pea,Laterite soils,86.12529571965065,1,5.71,65.74792040384469,1.4305217882726928,25.55,904.15,85.75,1
Gram,Red and Yellow soils,82.24193371365227,1,6.29,186.49446950562293,3.4182091680119338,20.0,830.28,62.34,1
Rice,Black soils,52.65669190477372,1,6.26,134.8384120738132,3.631008437924299,28.58,954.25,63.02,1
Til,Laterite soils,82.11526872345533,0,5.88,179.22366038694898,3.004640999287888,26.32,906.63,67.78,0
Kulthi,Red and Yellow soils,4.874093193902079,0,5.86,58.01984131719706,1.2796791167350348,20.38,833.16,81.38,0
Tiwra,Laterite soils,66.59744978514821,1,6.63,180.71957832423595,3.992147155611458,29.6,914.55,82.96,0
Tiwra,Red and Yellow soils,12.71408322731068,0,5.92,16.77495232897338,2.110155905799066,21.81,934.02,84.45,0
Moong,Laterite soils,66.7431644007017,1,6.18,36.37326995857885,1.941595947520944,22.14,926.21,77.9,0
Pea,Black soils,52.66967119754954,1,5.94,193.05858625795943,1.4970629237169906,27.48,889.79,85.91,1
Tiwra,Black soils,63.70051960241635,1,6.58,78.64897896002441,4.51494091656409,21.74,803.12,90.0,0
Maize,Red and Yellow soils,69.73343459088427,0,5.91,159.39192951392974,3.210066085264966,26.51,935.89,72.26,0
Soybean,Laterite soils,71.15073745457829,1,5.72,34.43015994612051,2.8276033668845826,26.76,880.66,73.82,0
Kulthi,Alluvial soils,17.77720417995551,1,6.65,186.6233951811228,2.9967585527538096,21.95,916.24,61.51,1
Millets,Laterite soils,43.23591197416306,1,6.8,119.119475832171,0.6911915449376529,27.68,853.6,71.3,1
Wheat,Laterite soils,92.6074773325522,1,5.93,171.06465646258272,1.1677687279613973,24.29,820.25,74.04,1
Gram,Red and Yellow soils,19.447014158096326,0,6.77,144.3782799628782,2.1302329607260293,29.23,788.79,87.42,0
Tiwra,Laterite soils,88.94512805109724,0,5.69,56.3932872429863,2.278022077517278,22.09,898.8,82.34,0
Niger,Red and Yellow soils,54.18360976009397,1,6.88,118.99187835760888,4.683784908669928,22.3,856.03,80.73,1
Gram,Black soils,33.36100018676664,1,6.28,77.38147579324998,4.486073743546642,28.34,834.51,63.58,1
Groundnut,Alluvial soils,76.89512894880215,0,6.86,111.20094863538525,4.241037869145725,20.0,830.61,69.05,0
Millets,Black soils,46.115623150526005,1,6.56,177.58949627751142,1.0156582803711816,27.11,794.58,72.62,1
Til,Black soils,46.52242066000872,0,5.54,142.37837594275828,2.13191427436652,24.9,837.32,66.1,0
Til,Red and Yellow soils,80.31440413281457,0,6.09,77.60609722671164,0.5869799739884878,26.53,931.59,68.82,0
Groundnut,Laterite soils,73.65874563961616,0,6.01,22.36466943541153,2.773808931043931,25.05,960.57,65.18,0
Pea,Red and Yellow soils,77.1904149781785,1,6.2,159.6942075375746,3.61915464017993,24.67,864.42,64.45,1
Urd,Laterite soils,2.7426498464331512,0,5.81,88.14528120125196,4.954035987983664,21.79,971.78,65.92,0
Jwar,Alluvial soils,25.85682337890519,1,5.76,102.61050271033608,4.377680196883321,25.23,910.91,86.27,0
Wheat,Alluvial soils,67.4018482677936,0,6.15,27.39069849597884,4.906744463762068,20.0,963.44,65.18,0
Wheat,Red and Yellow soils,19.63023274762661,0,5.87,132.24686057442185,4.182026033346189,27.47,912.98,63.4,0
Urd,Alluvial soils,37.78258122050927,1,5.79,46.08242628582618,2.6125853106729853,28.2,823.52,69.8,0
Soybean,Black soils,47.0521959690072,0,6.6,89.55122834530016,0.8923742776619482,23.1,807.21,77.3,0
Millets,Black soils,49.27248131847189,0,6.38,53.90095521876777,1.2019846474142255,22.17,945.77,77.02,0
Soybean,Laterite soils,82.5219028825696,1,6.39,120.98570933252736,1.84204637395397,23.52,858.34,86.59,1
Soybean,Black soils,99.34559799516776,0,6.74,135.6931179241448,1.381824872493303,22.51,841.41,74.48,0
Mustard,Red and Yellow soils,47.35020570684794,1,6.63,14.979387934802954,2.7212244906205534,24.08,871.76,79.87,0
Gram,Black soils,48.6773164556799,1,5.67,69.28313557959125,2.0201114088284804,23.61,882.97,83.13,1
Moong,Alluvial soils,30.47426495779317,1,5.64,79.66928665808871,2.6924502123480902,23.43,893.99,80.74,1
Urd,Red and Yellow soils,22.62538625387936,1,5.99,187.4545404933927,3.635494046187656,21.67,820.62,82.88,0
Jwar,Black soils,58.43929542154972,1,5.64,16.566631578535365,3.473426184998023,21.88,866.5,67.25,0
summer paddy,Red and Yellow soils,1.3568197489404303,1,5.82,169.14624833347128,4.405057679473639,28.83,819.7,83.76,0
Gram,Black soils,7.859205242978358,0,6.11,59.29153611037987,1.2925953541039088,21.95,860.3,67.56,0
summer paddy,Laterite soils,97.19340985732984,0,6.86,109.52068301196128,2.3271442877923745,30.0,908.54,70.24,0
Millets,Black soils,6.907493912567169,0,6.68,84.40519823967013,2.862263975769026,26.14,878.06,84.17,0
Masoor,Black soils,32.78096124453907,1,5.62,155.80477364636056,4.464364499262837,28.32,854.54,88.8,1
Tiwra,Black soils,51.6709483055929,0,6.99,135.42477390060515,3.1134728386348294,23.65,856.24,85.69,0
Til,Alluvial soils,74.9101007065359,0,6.52,139.00895124661432,4.160729142666699,26.11,847.8,89.62,0
Masoor,Black soils,56.607644110296,0,6.45,14.313069493331705,2.07281804952572,27.75,902.5,70.23,0
Pea,Alluvial soils,63.2123421474168,1,6.29,30.08992185887418,2.1099619017340947,26.86,845.93,67.54,0
Niger,Red and Yellow soils,30.05926746262701,0,5.68,171.41131547239257,3.621531844526511,27.97,954.47,66.7,0
Soybean,Laterite soils,50.60103662954688,0,5.99,171.12574873717588,2.589034966808882,20.0,933.65,71.92,0
Niger,Black soils,41.408301825253936,1,6.44,31.68152038748095,2.551580468611744,21.77,941.45,69.19,0
Urd,Black soils,30.25969736488654,0,5.9,28.04568065397041,1.8011830369833524,27.51,834.51,89.23,0
Millets,Alluvial soils,83.4164579675254,0,6.69,146.3607032263529,4.542588877178431,24.27,787.15,85.22,0
Niger,Alluvial soils,30.9149550672235,0,6.92,25.390180382606133,4.890082443067278,21.65,918.78,81.87,0
Wheat,Alluvial soils,67.4018482677936,0,5.89,27.39069849597884,4.906744463762068,21.48,959.21,63.31,0
Jwar,Red and Yellow soils,28.76255629578411,1,6.31,177.41725250309972,0.8627567390016935,25.23,872.69,71.16,1
Pea,Laterite soils,13.913505998801302,1,6.16,198.6012534110168,2.571015400924413,26.63,833.97,68.48,1
Soybean,Alluvial soils,1.0845160463029235,0,6.13,132.15140054930788,1.295639412046346,24.81,945.85,87.39,0
Arhar,Laterite soils,74.64442798330771,1,6.36,155.32653226232352,1.9369977433354968,26.68,781.16,88.49,1
Wheat,Laterite soils,92.6074773325522,1,5.85,171.06465646258272,1.1677687279613973,22.64,885.59,80.46,1
Tiwra,Laterite soils,77.41000299816143,0,5.69,102.68567704073148,4.5790889615245725,20.44,896.48,64.55,0
Urd,Laterite soils,4.197889378619497,0,6.93,90.0138398925223,4.669929373092929,29.98,828.92,83.33,0
Masoor,Black soils,95.87154982405876,1,6.71,129.9810832257704,0.5034414484512415,21.24,863.43,63.5,1
Tiwra,Laterite soils,77.41000299816143,0,5.98,102.68567704073148,4.5790889615245725,20.0,968.24,64.38,0
Millets,Black soils,49.27248131847189,0,6.05,53.90095521876777,1.2019846474142255,23.39,928.85,75.77,0
Til,Laterite soils,79.9474430875547,1,5.87,173.28889307383915,3.202864513601942,22.96,886.28,62.37,1
Soybean,Alluvial soils,1.0845160463029235,0,5.7,132.15140054930788,1.295639412046346,23.86,821.84,84.33,0
Masoor,Red and Yellow soils,63.29267823677274,1,5.5,149.29521124251127,1.6236523171898996,21.11,858.4,60.0,1
Masoor,Black soils,95.87154982405876,1,6.38,129.9810832257704,0.5034414484512415,20.07,920.9,63.77,1
Moong,Black soils,68.47419592831014,1,6.16,62.139746561585554,1.7248326329770518,25.61,951.11,75.37,0
summer paddy,Laterite soils,57.82058689786627,0,6.0,53.81319082011551,2.8357837897845606,21.06,863.68,77.87,0
Groundnut,Alluvial soils,76.89512894880215,0,6.6,111.20094863538525,4.241037869145725,21.24,852.18,71.1,0
Maize,Alluvial soils,34.904783067347054,0,6.84,17.703829613210928,0.5905315307981513,26.23,900.22,84.9,0
Masoor,Alluvial soils,88.17766186897569,0,5.88,13.862974164951854,3.4365674693025685,27.41,961.25,80.41,0
Urd,Black soils,11.274410889490516,0,6.64,112.43829037819636,4.276394728505107,28.62,817.26,82.05,0
Groundnut,Laterite soils,47.3154015978025,0,5.89,163.00709664528063,2.6080442594736524,22.36,911.86,60.0,0
Tiwra,Laterite soils,60.57467976893646,1,6.14,164.37331614576615,2.163674478018338,23.57,935.38,66.2,0
Til,Laterite soils,60.02344822552675,0,6.55,196.68461063428768,1.6314438342398223,30.0,898.61,70.7,0
Niger,Red and Yellow soils,30.05926746262701,0,5.64,171.41131547239257,3.621531844526511,27.77,854.26,62.48,0
Til,Red and Yellow soils,85.94972915026943,1,5.5,124.22027903539907,4.9855581453472375,21.83,980.88,81.92,1
Urd,Alluvial soils,37.78258122050927,1,6.02,46.08242628582618,2.6125853106729853,26.8,873.6,75.02,0
Wheat,Alluvial soils,86.54297981140141,0,7.0,108.46872549256152,3.65827855817515,22.01,805.38,64.0,0
Moong,Laterite soils,75.26532755569725,1,6.02,43.65731320402202,3.3010974637817863,29.33,891.61,65.49,0
Jwar,Black soils,87.71268641532818,0,6.26,15.698221174437968,2.9018118843038945,23.26,825.27,85.78,0
Jwar,Black soils,65.54709453271963,1,5.86,14.774203291276631,4.843878235764788,26.04,852.22,78.62,0
Millets,Laterite soils,19.45015786212121,1,6.58,27.201414090139878,0.6815101265907944,21.48,780.9,82.92,0
Tiwra,Red and Yellow soils,12.71408322731068,0,5.66,16.77495232897338,2.110155905799066,23.06,930.27,90.0,0
summer paddy,Alluvial soils,62.00398399717235,0,6.61,38.761830651487706,4.14766925501463,23.16,864.5,78.71,0
Pea,Red and Yellow soils,62.89562385255008,1,5.86,137.36228110423383,3.989132493505775,23.69,831.49,85.5,0
Soybean,Alluvial soils,45.929950244441066,1,6.31,146.06295145488895,4.868631700892124,27.33,888.83,73.13,0
Arhar,Alluvial soils,84.94829653763078,0,6.3,148.30405234987228,2.085751113035552,24.32,898.45,79.65,0
Niger,Laterite soils,4.079749834554197,0,5.59,99.53335179078957,3.6129767886177073,25.53,837.21,68.57,0
Jwar,Black soils,87.71268641532818,0,6.22,15.698221174437968,2.9018118843038945,22.19,812.98,88.97,0
Millets,Black soils,46.115623150526005,1,6.48,177.58949627751142,1.0156582803711816,27.57,812.55,68.62,1
Til,Red and Yellow soils,83.59129485493202,0,6.43,36.09993908037054,0.925693566787786,22.35,934.03,67.29,0
Maize,Laterite soils,59.61861413363324,1,5.52,135.50678958732516,2.9379073788004195,23.78,846.37,77.85,1
Moong,Red and Yellow soils,9.326065442028998,0,6.95,172.44853243892462,3.156078875040973,22.17,888.36,72.65,0
Niger,Black soils,56.17716140693022,1,6.87,42.88801275230651,2.992074792161899,26.54,792.75,67.27,0
summer paddy,Laterite soils,99.68532353972208,1,6.66,36.79724244169026,0.5887722514342346,27.39,793.26,69.19,0
Arhar,Alluvial soils,57.32803334236286,1,6.78,178.80845618528306,2.3443978045744327,28.19,825.38,80.21,1
summer paddy,Alluvial soils,5.634581766188527,1,6.41,70.69578532542236,3.804381772475503,22.78,863.74,75.16,1
Soybean,Red and Yellow soils,79.46057483174057,0,6.43,150.462155599481,3.444350816677973,21.83,788.7,85.86,0
Groundnut,Alluvial soils,77.64734025846953,1,6.83,30.1290536211666,2.4437057909109408,21.81,922.63,63.93,0
Kulthi,Laterite soils,20.90726535219855,0,6.85,98.52331092318568,2.606152200854422,25.21,845.67,80.21,0
Tiwra,Laterite soils,99.79302285723834,1,5.99,28.356863022535748,2.7788430905388597,26.38,874.04,85.04,0
Gram,Laterite soils,25.539681660071125,1,6.66,24.59636681009846,2.769413193485069,21.95,830.48,77.52,0
Masoor,Red and Yellow soils,84.52316916652465,1,6.01,136.06206737070266,3.720799011587236,24.7,909.5,79.19,1
Tiwra,Alluvial soils,57.12809708824221,1,6.42,197.0604365484146,3.9823961897083984,24.41,844.09,67.22,1
summer paddy,Red and Yellow soils,39.66105407075501,0,6.62,35.35427059036928,1.3256422203939051,21.24,831.81,67.17,0
Maize,Black soils,19.463557757075588,0,6.41,125.4704718867283,2.598418486481846,23.0,884.27,76.46,0
Masoor,Black soils,95.87154982405876,1,6.71,129.9810832257704,0.5034414484512415,20.0,917.66,60.0,1
Soybean,Red and Yellow soils,79.46057483174057,0,6.34,150.462155599481,3.444350816677973,22.75,870.64,82.14,0
Kulthi,Black soils,64.62899831981025,0,6.53,83.52491651545493,1.5690018255421825,23.39,904.0,60.0,0
Jwar,Laterite soils,52.03647167552329,1,6.57,64.66675150721977,1.1856502725788038,27.85,851.24,65.76,1
Mustard,Laterite soils,50.57716960311954,0,6.24,79.28921525200687,1.641631398260391,25.49,913.75,82.44,0
Til,Red and Yellow soils,85.94972915026943,1,5.51,124.22027903539907,4.9855581453472375,20.25,841.61,77.95,1
Millets,Black soils,49.27248131847189,0,6.23,53.90095521876777,1.2019846474142255,22.73,870.87,77.57,0
Pea,Red and Yellow soils,62.89562385255008,1,6.22,137.36228110423383,3.989132493505775,24.44,901.27,86.56,0
Niger,Alluvial soils,30.9149550672235,0,6.74,25.390180382606133,4.890082443067278,20.0,793.7,80.43,0
Gram,Laterite soils,94.10126247062009,0,5.76,72.58126430651672,2.1511369511760727,24.31,983.89,62.23,0
Soybean,Laterite soils,13.10812731307866,1,5.74,178.12965587280345,2.260207718353315,28.01,879.6,75.11,1
Tiwra,Laterite soils,46.4327359055748,0,6.42,65.38166189792891,1.8247075099447776,25.49,894.87,76.14,0
Mustard,Alluvial soils,91.82905732992558,1,6.31,53.74481212887618,1.5966321610404377,25.12,833.14,72.14,1
Kulthi,Alluvial soils,17.77720417995551,1,6.87,186.6233951811228,2.9967585527538096,20.0,902.29,65.06,1
Urd,Laterite soils,56.01656404336428,1,5.52,169.6786697669429,1.2509461554512062,30.0,866.15,77.68,1
Gram,Black soils,60.6590114165344,0,5.71,89.25746879492321,4.041605590451173,24.39,835.59,83.39,0
Tiwra,Red and Yellow soils,36.11241183442073,0,5.97,127.43746461709286,3.6934087696499662,28.46,886.64,60.71,0
Maize,Red and Yellow soils,69.73343459088427,0,5.92,159.39192951392974,3.210066085264966,26.69,968.06,72.47,0
Pea,Alluvial soils,17.17303816819014,0,5.5,163.3134475429299,2.644391106796571,27.75,883.46,72.32,0
Maize,Red and Yellow soils,69.73343459088427,0,5.84,159.39192951392974,3.210066085264966,25.27,815.68,76.99,0
Niger,Laterite soils,4.079749834554197,0,5.68,99.53335179078957,3.6129767886177073,24.37,940.56,72.77,0
Kulthi,Laterite soils,31.16493766854265,0,6.65,37.76578110224007,3.3810076514253757,21.76,843.76,64.35,0
Til,Black soils,58.53364358235279,1,6.68,199.36210175604907,0.7934570356250641,29.78,877.87,75.43,1
Moong,Black soils,70.46581678149187,0,5.61,21.66905565059997,4.032486033053475,21.82,932.14,78.63,0
summer paddy,Alluvial soils,7.078898910240252,1,5.72,133.05676737201873,2.8391106476553305,25.67,937.69,88.74,0
Jwar,Alluvial soils,89.71217350262663,0,6.57,25.10256180019756,4.094914179917966,22.16,942.66,71.53,0
Gram,Alluvial soils,11.03940647751555,0,6.91,53.34742166871745,2.74635152842651,27.65,818.4,72.36,0
Millets,Black soils,46.115623150526005,1,6.5,177.58949627751142,1.0156582803711816,26.88,878.88,70.68,1
Gram,Black soils,60.6590114165344,0,5.83,89.25746879492321,4.041605590451173,23.66,828.08,86.17,0
Gram,Alluvial soils,11.03940647751555,0,6.68,53.34742166871745,2.74635152842651,25.98,883.84,73.31,0
summer paddy,Red and Yellow soils,39.66105407075501,0,6.25,35.35427059036928,1.3256422203939051,22.41,964.55,60.0,0
Moong,Alluvial soils,72.89801626222972,0,6.3,147.08444454896002,1.630372576341142,30.0,817.63,69.24,0
Gram,Alluvial soils,40.02287500376711,1,6.67,152.92792867079348,3.896782705565548,23.87,850.22,60.0,1
Masoor,Red and Yellow soils,42.05432526241285,0,6.88,90.60728467834542,3.089700259916918,25.46,811.67,65.06,0
Rice,Red and Yellow soils,65.11829897838918,0,6.62,175.61385743537613,1.910934434431556,26.22,881.55,66.14,0
Tiwra,Black soils,63.70051960241635,1,6.63,78.64897896002441,4.51494091656409,21.32,771.77,89.31,0
Gram,Black soils,60.6590114165344,0,5.56,89.25746879492321,4.041605590451173,25.46,970.89,84.36,0
Millets,Laterite soils,43.23591197416306,1,6.84,119.119475832171,0.6911915449376529,26.05,833.24,66.26,1
Niger,Black soils,30.080933360930537,0,5.78,52.22680121536878,1.086363801815192,25.02,850.92,68.95,0
Soybean,Red and Yellow soils,79.46057483174057,0,6.42,150.462155599481,3.444350816677973,20.54,930.67,84.92,0
Masoor,Black soils,95.87154982405876,1,6.82,129.9810832257704,0.5034414484512415,21.68,839.41,63.67,1
Soybean,Black soils,99.34559799516776,0,7.0,135.6931179241448,1.381824872493303,23.33,864.05,75.17,0
Soybean,Black soils,47.0521959690072,0,6.49,89.55122834530016,0.8923742776619482,21.83,923.95,81.53,0
Millets,Black soils,15.194191435755716,1,5.89,139.19187074455024,2.3495259339216563,30.0,832.18,76.19,1
Til,Laterite soils,60.02344822552675,0,6.5,196.68461063428768,1.6314438342398223,28.82,859.72,68.72,0
Maize,Black soils,38.61061367320439,0,6.02,170.31722106664762,0.5080767595702489,23.05,973.34,64.37,0
Moong,Red and Yellow soils,40.84306264961799,1,6.34,123.39168044535634,4.282926461335064,25.35,871.52,64.37,1
Gram,Alluvial soils,96.9050114005799,0,6.77,122.13502087504426,2.056511701070491,22.87,798.64,90.0,0
Rice,Laterite soils,36.067847125393314,1,6.05,45.080516013725855,3.846756333323527,20.0,878.43,62.11,0
Rice,Black soils,68.42984036578169,0,6.57,121.15296547268264,2.6923847070482827,28.8,899.64,89.03,0
Jwar,Black soils,87.71268641532818,0,6.43,15.698221174437968,2.9018118843038945,24.31,811.04,90.0,0
Pea,Laterite soils,33.75432868239185,1,5.96,80.1683655296807,2.515180774620488,23.16,848.03,66.19,1
Arhar,Alluvial soils,57.32803334236286,1,6.81,178.80845618528306,2.3443978045744327,28.99,863.64,87.42,1
Kulthi,Laterite soils,67.55487925578505,0,7.0,79.33838476518439,4.877362795825739,27.48,807.28,85.67,0
Maize,Red and Yellow soils,73.05988458504615,0,6.71,100.07917652497429,3.303778717019921,20.0,814.3,66.33,0
Groundnut,Laterite soils,34.78961480849945,1,6.55,100.82047107807897,4.765268097487416,23.61,809.5,80.76,1
Moong,Red and Yellow soils,9.326065442028998,0,6.92,172.44853243892462,3.156078875040973,23.2,842.0,73.09,0
Millets,Red and Yellow soils,68.53613344912503,1,6.67,145.54578088551114,2.7638146457013453,20.2,886.57,63.35,1
Wheat,Alluvial soils,19.530682289860536,0,6.17,40.60874305282016,2.7283560112256846,25.14,928.17,79.01,0
Tiwra,Alluvial soils,42.73461385557504,1,6.73,46.60885970748865,2.3240919163041704,28.11,848.82,74.99,0
Arhar,Black soils,58.272667448535096,0,5.54,146.75311324207283,0.571651324312384,20.0,903.68,62.81,0
Millets,Laterite soils,40.123933186942935,1,5.94,78.28259692949361,2.6365415718597265,24.05,829.23,68.81,1
Kulthi,Black soils,39.49071677717886,0,6.3,60.39751234176016,3.8970756841866954,28.23,838.29,67.56,0
Arhar,Laterite soils,70.69460626460166,0,6.3,128.31657060515244,4.766392383485942,24.87,820.04,88.47,0
Maize,Alluvial soils,14.964041185953416,1,6.9,139.1026557896301,1.843602189402552,28.25,856.42,67.15,1
summer paddy,Red and Yellow soils,39.66105407075501,0,6.68,35.35427059036928,1.3256422203939051,22.58,844.56,66.74,0
Jwar,Alluvial soils,77.34890187462672,0,6.04,187.39893140589743,4.13407204546712,22.49,870.83,66.28,0
Soybean,Laterite soils,71.15073745457829,1,5.91,34.43015994612051,2.8276033668845826,29.15,873.27,74.67,0
summer paddy,Laterite soils,90.855464380136,0,5.7,88.93461010502237,2.2896711723008787,23.79,851.85,78.35,0
Til,Alluvial soils,95.1984444835079,0,6.23,142.64313814170387,3.0749607676792494,27.31,815.01,84.89,0
Gram,Black soils,33.36100018676664,1,6.25,77.38147579324998,4.486073743546642,26.85,825.92,67.23,1
Arhar,Alluvial soils,16.947340444794044,0,6.96,115.46353355361116,3.294811394244745,22.62,848.08,72.5,0
Kulthi,Laterite soils,93.89813650383569,0,6.49,193.230305006838,2.25817436042408,29.22,907.32,63.19,0
Jwar,Alluvial soils,93.969049183815,1,6.49,83.89046853013258,1.8300016425041368,24.44,886.92,85.93,1
summer paddy,Laterite soils,97.19340985732984,0,6.85,109.52068301196128,2.3271442877923745,28.95,799.78,71.36,0
Jwar,Black soils,85.02489644764282,0,6.04,141.69070379804322,2.338065364164532,25.9,933.5,60.0,0
Niger,Black soils,56.17716140693022,1,6.43,42.88801275230651,2.992074792161899,25.41,952.48,69.87,0
summer paddy,Laterite soils,68.33971322490649,1,7.0,21.80492518759846,3.622176401026044,20.14,765.5,76.44,0
Tiwra,Laterite soils,99.79302285723834,1,5.97,28.356863022535748,2.7788430905388597,26.44,861.29,89.17,0
Soybean,Black soils,80.18699184832587,1,6.35,66.79895680678409,2.870925046781913,29.05,884.43,79.57,1
Tiwra,Laterite soils,83.03751864098753,0,5.83,103.43937315702806,4.951128879703812,28.23,908.24,76.48,0
Wheat,Red and Yellow soils,45.9958564972776,0,6.02,199.4706146791189,3.097939236387041,27.43,841.49,60.0,0
summer paddy,Laterite soils,68.33971322490649,1,6.94,21.80492518759846,3.622176401026044,21.23,772.19,73.91,0
Gram,Red and Yellow soils,34.74768672244927,1,6.73,33.58119022402276,1.9181663035284728,30.0,901.64,66.24,0
Pea,Laterite soils,13.913505998801302,1,5.71,198.6012534110168,2.571015400924413,25.32,969.58,65.59,1
Pea,Red and Yellow soils,43.446323388532846,0,7.0,141.32630646402174,3.2583353976805944,29.59,871.95,67.97,0
Rice,Black soils,68.42984036578169,0,6.58,121.15296547268264,2.6923847070482827,29.34,908.15,88.03,0
Pea,Alluvial soils,16.94988061339748,1,7.0,184.5564527018232,4.554417666294789,24.95,894.85,68.49,1
Moong,Alluvial soils,72.89801626222972,0,5.89,147.08444454896002,1.630372576341142,29.08,879.36,67.47,0
Tiwra,Red and Yellow soils,27.092825029366224,1,6.1,153.70269592651675,1.2125187749279782,25.65,873.07,66.06,1
Tiwra,Red and Yellow soils,45.40305501460495,1,5.5,63.94801167122259,4.253171358306454,27.21,971.14,84.71,1
Maize,Red and Yellow soils,60.85170379581952,1,6.42,154.7840778557563,1.2002355013252552,23.38,879.5,68.65,1
Soybean,Red and Yellow soils,8.583758015057295,1,6.97,20.154563205107696,4.90903272481961,20.97,760.51,83.81,0
Masoor,Black soils,35.88229477097293,0,6.53,78.05785247904603,3.7076108701053294,24.86,828.23,63.75,0
Jwar,Alluvial soils,3.1422931695712104,0,5.76,124.9568629244877,1.2982647039962512,26.63,868.68,78.23,0
Gram,Red and Yellow soils,82.07588905682253,0,6.62,18.009491866681152,3.233362891898263,20.0,803.94,76.24,0
Gram,Black soils,48.6773164556799,1,5.53,69.28313557959125,2.0201114088284804,21.44,885.0,77.9,1
Mustard,Laterite soils,53.54515854139666,1,6.84,108.2514903397496,3.718948332542829,25.18,938.15,67.64,1
Mustard,Alluvial soils,12.351657408054075,1,5.98,74.45869273649792,2.028361205368407,21.72,940.64,79.07,1
Kulthi,Alluvial soils,17.77720417995551,1,6.7,186.6233951811228,2.9967585527538096,22.54,887.56,66.51,1
Kulthi,Black soils,19.94313150748539,1,7.0,97.58946583215312,2.988773303025213,23.91,826.87,84.69,1
Kulthi,Alluvial soils,95.13326238868204,1,6.83,125.509145492839,4.864218401260991,23.81,918.05,60.0,1
Urd,Laterite soils,59.08990961897472,0,5.87,192.0845844938899,2.9650442270922275,24.61,834.89,63.7,0
Rice,Black soils,5.27909199036012,1,6.88,172.95426825777906,0.8633173028000611,20.41,794.11,60.0,1
Masoor,Red and Yellow soils,42.05432526241285,0,7.0,90.60728467834542,3.089700259916918,26.16,878.53,68.73,0
Masoor,Alluvial soils,45.62108056768259,0,6.29,174.13879435365195,4.357303858339503,27.15,923.27,63.53,0
Tiwra,Alluvial soils,57.12809708824221,1,6.4,197.0604365484146,3.9823961897083984,24.03,880.98,70.8,1
Mustard,Laterite soils,3.375598634207229,0,6.83,155.35234889949072,4.286214413194463,25.57,863.11,70.76,0
Masoor,Alluvial soils,17.051062582241848,1,6.59,158.50864420956958,2.1741170604411213,24.73,836.09,82.45,1
Wheat,Red and Yellow soils,45.9958564972776,0,6.29,199.4706146791189,3.097939236387041,29.06,812.95,65.51,0
Tiwra,Alluvial soils,94.65421714056572,0,5.7,98.95128901135244,3.864899065380877,21.25,908.94,89.03,0
Wheat,Laterite soils,92.6074773325522,1,5.97,171.06465646258272,1.1677687279613973,25.24,875.7,79.82,1
Groundnut,Red and Yellow soils,96.74499664722,1,6.09,178.92269764733769,2.42511046193267,28.68,936.03,83.14,1
Jwar,Alluvial soils,77.34890187462672,0,6.13,187.39893140589743,4.13407204546712,24.21,872.83,67.56,0
Niger,Red and Yellow soils,16.887171155387144,1,5.84,22.167450486029797,2.846606265660132,25.44,915.25,75.81,0
Pea,Laterite soils,23.804071407579336,1,6.45,131.24557260272172,3.669244395754899,28.85,818.84,83.21,1
Maize,Black soils,19.463557757075588,0,6.44,125.4704718867283,2.598418486481846,22.24,912.35,77.73,0
Groundnut,Laterite soils,81.6554741475988,1,7.0,86.15027954705378,1.14379756440237,25.33,769.6,71.17,1
Rice,Alluvial soils,54.82894674818631,0,6.23,199.60504257664195,1.60459882847338,21.1,887.63,66.18,0
Moong,Alluvial soils,72.89801626222972,0,5.95,147.08444454896002,1.630372576341142,28.63,926.22,67.86,0
Jwar,Alluvial soils,8.770750022223734,1,5.78,115.99582439793596,2.540243063469655,24.21,866.02,90.0,1
Gram,Black soils,43.903327920986655,1,7.0,153.1401018257682,2.190934023980345,27.37,889.27,77.98,1
Gram,Black soils,78.84309895532813,1,6.09,101.37659921705163,0.5595492491183836,20.56,858.63,81.54,0
Tiwra,Red and Yellow soils,49.47275930960727,1,6.54,64.97986652212177,4.40748983958334,24.11,788.29,89.84,0
Pea,Alluvial soils,63.2123421474168,1,6.33,30.08992185887418,2.1099619017340947,27.01,959.15,61.78,0
Rice,Red and Yellow soils,62.88030372406628,0,6.12,69.50062910462015,4.898555948589926,23.9,893.63,76.03,0
Jwar,Black soils,85.02489644764282,0,5.91,141.69070379804322,2.338065364164532,24.61,837.72,66.46,0
Gram,Black soils,78.84309895532813,1,6.17,101.37659921705163,0.5595492491183836,21.82,889.32,79.04,0
Urd,Laterite soils,3.1424283074838835,1,5.91,78.7181102480801,3.652081641177272,25.89,850.28,88.1,1
Til,Black soils,46.52242066000872,0,5.63,142.37837594275828,2.13191427436652,26.2,876.66,62.52,0
Soybean,Red and Yellow soils,64.9013741262986,0,5.64,175.0559582444221,3.45476106865228,24.06,928.01,69.38,0
Gram,Alluvial soils,96.9050114005799,0,6.81,122.13502087504426,2.056511701070491,22.4,871.47,88.59,0
Soybean,Laterite soils,71.15073745457829,1,5.98,34.43015994612051,2.8276033668845826,28.01,898.34,68.06,0
Pea,Black soils,60.61327630651897,1,6.35,71.88729840163472,3.3834428136844004,26.98,868.01,63.07,1
Tiwra,Alluvial soils,57.12809708824221,1,6.72,197.0604365484146,3.9823961897083984,22.69,882.49,66.66,1
Tiwra,Laterite soils,44.157514598221695,0,6.45,20.786220688080256,4.760647059177217,23.35,805.13,70.26,0
Millets,Alluvial soils,45.51927766356464,0,6.26,17.637805914713663,4.038528886844827,22.23,909.31,68.71,0
Wheat,Laterite soils,92.6074773325522,1,5.69,171.06465646258272,1.1677687279613973,22.96,957.48,79.89,1
Masoor,Red and Yellow soils,90.46926764515013,1,6.34,39.5265414675269,4.552431153446992,27.15,897.7,78.12,0
Kulthi,Black soils,5.487798902751413,0,5.58,116.7863204842874,2.954194231161236,24.84,854.76,60.0,0
Pea,Red and Yellow soils,21.55979018755156,0,6.79,77.78609298703317,3.689048046868987,22.28,929.9,64.58,0
Til,Red and Yellow soils,63.93819639548853,1,6.23,86.5501462725284,0.8314949690878561,27.73,901.65,69.73,1
summer paddy,Alluvial soils,5.634581766188527,1,6.25,70.69578532542236,3.804381772475503,22.63,859.38,79.68,1
Pea,Black soils,35.50207418332751,0,5.77,155.1924950643728,4.558757044762429,28.68,947.82,72.62,0
Groundnut,Laterite soils,81.6554741475988,1,6.93,86.15027954705378,1.14379756440237,24.29,792.0,76.84,1
Groundnut,Alluvial soils,7.595586649378683,1,7.0,32.52112578042177,2.090866635406147,21.18,940.37,60.0,0
Jwar,Alluvial soils,75.59152131396844,1,6.86,79.91476651727123,4.875495742078561,22.21,886.94,73.09,1
Pea,Alluvial soils,63.2123421474168,1,6.08,30.08992185887418,2.1099619017340947,28.17,870.46,61.11,0
Mustard,Black soils,48.223606509415184,0,5.64,42.21612474828965,3.626063543977249,26.13,915.59,71.62,0
Gram,Black soils,78.84309895532813,1,6.26,101.37659921705163,0.5595492491183836,20.93,819.91,75.42,0
Gram,Laterite soils,53.836448220478616,0,5.95,15.2236049976858,0.9405202056930708,24.26,979.14,60.91,0
Gram,Black soils,7.859205242978358,0,6.39,59.29153611037987,1.2925953541039088,23.75,882.39,68.81,0
Pea,Laterite soils,23.804071407579336,1,6.57,131.24557260272172,3.669244395754899,29.19,826.73,84.84,1
Moong,Alluvial soils,42.49140354238396,0,6.32,56.1970084461051,2.8797560145626053,26.2,920.44,73.6,0
Tiwra,Laterite soils,44.157514598221695,0,6.39,20.786220688080256,4.760647059177217,24.0,834.84,75.31,0
Jwar,Black soils,65.54709453271963,1,5.86,14.774203291276631,4.843878235764788,26.2,815.16,82.4,0
Til,Alluvial soils,95.1984444835079,0,5.96,142.64313814170387,3.0749607676792494,28.77,958.3,83.84,0
Arhar,Alluvial soils,57.32803334236286,1,6.98,178.80845618528306,2.3443978045744327,27.56,811.49,83.88,1
Masoor,Black soils,57.674849565932185,0,6.32,50.45115979273248,1.5982455206728323,23.77,961.71,67.11,0
Moong,Alluvial soils,72.89801626222972,0,5.95,147.08444454896002,1.630372576341142,29.56,922.25,64.4,0
summer paddy,Laterite soils,14.757076703479033,0,6.33,114.56572536211222,3.841667344001905,21.81,799.84,71.24,0
Millets,Black soils,51.93747983054598,1,6.05,147.6076818611602,3.4815759318038104,23.77,903.34,83.43,1
Moong,Alluvial soils,30.47426495779317,1,5.57,79.66928665808871,2.6924502123480902,22.47,868.25,75.44,1
Jwar,Red and Yellow soils,81.05182096520964,1,5.5,198.10884266676885,4.3258916692421066,24.65,977.93,72.3,1
Groundnut,Red and Yellow soils,36.53238610880504,0,6.96,92.22094687585086,0.9655793146476612,24.21,834.23,72.01,0
Soybean,Black soils,43.93909969768636,1,6.74,187.44094250103575,3.156684445310398,28.54,833.91,85.48,1
Mustard,Red and Yellow soils,63.63832068665308,0,6.49,88.53373490142508,1.9370490801246305,26.86,840.24,70.56,0
Arhar,Red and Yellow soils,89.63418660147754,0,5.77,197.40269607320457,2.917209527133356,24.7,863.11,77.85,0
Arhar,Laterite soils,84.46788570106386,1,6.18,192.94268675753716,2.7573837199416857,26.15,867.07,73.32,1
Groundnut,Alluvial soils,76.89512894880215,0,6.59,111.20094863538525,4.241037869145725,20.22,914.52,68.98,0
Groundnut,Laterite soils,73.65874563961616,0,5.82,22.36466943541153,2.773808931043931,26.28,890.76,61.46,0
Arhar,Alluvial soils,93.266516769375,0,6.06,151.91084094712255,4.153019042714469,27.38,887.93,72.1,0
Urd,Red and Yellow soils,45.498714553357374,0,6.88,78.41811791005178,2.4597531594443405,24.04,872.65,82.3,0
Gram,Black soils,18.54638357946299,1,5.75,34.31846563723244,1.5054079551932045,25.66,940.92,70.15,0
Kulthi,Laterite soils,6.566266666595126,1,6.62,182.44291675508293,2.3480193489739687,23.76,940.67,70.24,1
Wheat,Black soils,27.701983404171347,1,7.0,165.79370043835235,0.8135175506595091,24.72,852.03,82.93,1
summer paddy,Alluvial soils,80.44770135267859,0,7.0,29.64755058306169,4.7260075846814615,21.29,790.83,89.6,0
Niger,Black soils,41.408301825253936,1,6.19,31.68152038748095,2.551580468611744,21.54,859.01,66.28,0
Tiwra,Laterite soils,41.61828535466275,1,6.61,25.379723997991185,4.950763297623329,25.75,838.97,62.76,0
Wheat,Alluvial soils,19.530682289860536,0,6.03,40.60874305282016,2.7283560112256846,25.16,923.76,82.69,0
Soybean,Black soils,39.78177453222698,0,5.69,94.97051601405003,2.865401887107058,26.38,886.81,67.49,0
Soybean,Alluvial soils,45.929950244441066,1,6.56,146.06295145488895,4.868631700892124,28.24,894.44,78.7,0
Moong,Laterite soils,1.3350146708237651,0,5.97,27.21836674974315,4.5485522285277975,27.64,954.48,66.76,0
Wheat,Alluvial soils,67.4018482677936,0,5.98,27.39069849597884,4.906744463762068,21.57,945.37,66.49,0
Rice,Red and Yellow soils,7.996150840499768,0,6.81,73.07030318124619,1.7926143362906817,25.08,793.82,78.74,0
Moong,Red and Yellow soils,40.84306264961799,1,6.45,123.39168044535634,4.282926461335064,24.16,863.5,65.65,1
Groundnut,Alluvial soils,76.89512894880215,0,6.95,111.20094863538525,4.241037869145725,20.0,804.2,72.66,0
Millets,Laterite soils,43.90448238355727,0,6.16,165.51927153855505,0.5251230931434431,21.62,914.31,67.76,0
Niger,Red and Yellow soils,30.05926746262701,0,6.01,171.41131547239257,3.621531844526511,29.87,929.15,66.66,0
Wheat,Laterite soils,7.276797004040833,0,5.91,117.16853925930828,3.99316410162361,26.6,947.41,84.54,0
Jwar,Laterite soils,83.11521733640478,1,5.69,135.05875811788147,2.826652317689744,26.92,990.21,61.26,1
Jwar,Laterite soils,83.11521733640478,1,5.9,135.05875811788147,2.826652317689744,25.08,935.6,60.74,1
Pea,Black soils,52.66967119754954,1,6.0,193.05858625795943,1.4970629237169906,26.47,845.61,84.96,1
Urd,Laterite soils,66.47259153046967,1,6.61,141.76502902740526,2.4215107907859093,28.92,810.32,69.89,1
Mustard,Alluvial soils,29.138359213116704,0,6.25,163.4305505984715,3.5913293882148416,26.8,928.73,60.0,0
Millets,Laterite soils,40.123933186942935,1,5.97,78.28259692949361,2.6365415718597265,23.13,849.05,73.25,1
Moong,Red and Yellow soils,6.70159104623501,0,6.7,154.37849353994258,1.4738508434764648,22.05,899.8,60.0,0
Pea,Laterite soils,23.804071407579336,1,6.41,131.24557260272172,3.669244395754899,26.86,845.16,85.0,1
Millets,Black soils,85.5878730724342,1,6.38,61.37039983559247,3.7262686183632985,26.6,800.92,78.27,0
summer paddy,Alluvial soils,62.00398399717235,0,6.9,38.761830651487706,4.14766925501463,23.56,786.47,73.59,0
Tiwra,Black soils,14.00913180874091,1,5.95,192.864017307691,3.587869631963185,24.9,942.65,76.21,1
Wheat,Red and Yellow soils,19.63023274762661,0,5.94,132.24686057442185,4.182026033346189,28.7,930.28,69.19,0
Groundnut,Black soils,87.53054551977526,0,5.79,172.43490927868564,4.158548482629399,28.79,881.47,72.76,0
Maize,Alluvial soils,14.964041185953416,1,6.7,139.1026557896301,1.843602189402552,28.22,898.2,72.37,1
Tiwra,Laterite soils,60.57467976893646,1,6.04,164.37331614576615,2.163674478018338,25.17,914.94,71.15,0
Masoor,Alluvial soils,17.051062582241848,1,6.75,158.50864420956958,2.1741170604411213,24.18,927.41,81.26,1
Niger,Black soils,37.31419938079141,1,7.0,132.93729695324475,2.649581196463151,24.51,798.17,88.21,1
Jwar,Black soils,28.67326065577008,0,6.09,62.69765596562617,3.9383874571860433,20.97,818.61,76.49,0
Millets,Red and Yellow soils,70.98318926589636,1,6.8,74.80825570491946,3.7312992983988873,25.95,906.71,64.22,1
Pea,Laterite soils,86.12529571965065,1,5.78,65.74792040384469,1.4305217882726928,26.43,956.71,85.82,1
Groundnut,Alluvial soils,36.793994091155895,0,6.38,191.11670343048607,4.024925591961438,25.89,857.87,86.15,0
Pea,Alluvial soils,17.17303816819014,0,5.54,163.3134475429299,2.644391106796571,25.94,912.3,69.84,0
summer paddy,Laterite soils,68.33971322490649,1,6.9,21.80492518759846,3.622176401026044,20.41,776.8,75.29,0
Masoor,Black soils,95.87154982405876,1,6.51,129.9810832257704,0.5034414484512415,20.41,945.73,63.13,1
Groundnut,Alluvial soils,36.793994091155895,0,5.98,191.11670343048607,4.024925591961438,25.51,945.64,87.57,0
Mustard,Alluvial soils,91.82905732992558,1,6.67,53.74481212887618,1.5966321610404377,24.39,905.88,74.27,1
Maize,Red and Yellow soils,83.97676737225935,0,5.51,174.8228236194111,1.95984723189331,22.6,892.96,83.28,0
Groundnut,Alluvial soils,77.64734025846953,1,6.9,30.1290536211666,2.4437057909109408,23.33,805.7,66.28,0
Jwar,Laterite soils,83.27429064883648,1,5.64,66.97405545052723,4.904528295647274,26.17,841.11,63.78,1
Pea,Black soils,60.61327630651897,1,6.33,71.88729840163472,3.3834428136844004,26.07,845.69,61.83,1
Soybean,Red and Yellow soils,79.46057483174057,0,6.38,150.462155599481,3.444350816677973,22.91,870.54,87.12,0
Mustard,Alluvial soils,2.3002039972834387,0,6.61,145.61959193869544,2.519545815592032,25.78,816.37,73.33,0
Tiwra,Black soils,14.00913180874091,1,5.78,192.864017307691,3.587869631963185,24.22,880.84,75.48,1
Masoor,Alluvial soils,45.62108056768259,0,6.61,174.13879435365195,4.357303858339503,27.22,918.82,61.38,0
Kulthi,Alluvial soils,92.5492169547469,1,7.0,172.39818815807868,1.6613788159021248,26.93,834.07,85.13,1
Mustard,Alluvial soils,91.82905732992558,1,6.42,53.74481212887618,1.5966321610404377,26.27,793.78,72.27,1
Soybean,Black soils,99.34559799516776,0,6.79,135.6931179241448,1.381824872493303,24.0,868.31,77.41,0
Pea,Alluvial soils,16.94988061339748,1,6.64,184.5564527018232,4.554417666294789,23.54,867.06,64.84,1
Masoor,Red and Yellow soils,15.573043648692993,0,5.78,40.394151236744186,2.3537196802479925,26.09,831.52,71.1,0
Maize,Laterite soils,32.09495506812422,0,6.72,71.06637841499042,4.98667080551723,24.58,842.81,71.28,0
summer paddy,Alluvial soils,7.078898910240252,1,5.51,133.05676737201873,2.8391106476553305,23.54,830.55,88.92,0
Jwar,Black soils,6.792207993494205,1,5.92,141.9426703662678,3.0373075279627453,28.23,817.73,79.24,0
Pea,Red and Yellow soils,77.1904149781785,1,6.14,159.6942075375746,3.61915464017993,25.56,834.65,60.0,1
Soybean,Laterite soils,13.10812731307866,1,5.64,178.12965587280345,2.260207718353315,28.37,909.71,78.42,1
Jwar,Red and Yellow soils,14.921019331346107,0,6.03,199.58265014089395,3.3401633423800927,22.77,905.52,85.85,0
Masoor,Alluvial soils,45.92043415033586,0,6.77,175.13241790304798,3.316894792035183,26.85,801.34,83.37,0
Urd,Red and Yellow soils,45.498714553357374,0,6.71,78.41811791005178,2.4597531594443405,21.82,799.3,83.34,0
Groundnut,Laterite soils,34.78961480849945,1,6.43,100.82047107807897,4.765268097487416,24.52,929.23,88.52,1
Til,Black soils,29.59626120983151,0,6.52,26.91842836664658,2.7167595174345838,28.63,870.34,90.0,0
Masoor,Alluvial soils,17.051062582241848,1,6.55,158.50864420956958,2.1741170604411213,23.43,924.6,74.84,1
Moong,Black soils,68.47419592831014,1,6.06,62.139746561585554,1.7248326329770518,25.82,963.41,68.95,0
Soybean,Red and Yellow soils,3.422005573134409,1,6.51,184.83881346960908,0.628547000211728,27.8,913.1,64.11,1
Millets,Red and Yellow soils,68.53613344912503,1,6.7,145.54578088551114,2.7638146457013453,20.0,911.01,62.33,1
Niger,Laterite soils,14.75564765833209,1,5.57,43.53470873409088,3.958799053421168,30.0,957.94,84.53,0
Millets,Laterite soils,48.74312011750155,0,6.21,120.33880048951929,2.4768589850115967,21.03,838.75,73.69,0
Masoor,Red and Yellow soils,79.30084242753477,1,6.85,11.043366165214929,1.7972285602299596,21.0,925.05,61.84,0
Groundnut,Alluvial soils,77.64734025846953,1,6.69,30.1290536211666,2.4437057909109408,23.47,836.02,66.54,0
Masoor,Black soils,32.78096124453907,1,5.98,155.80477364636056,4.464364499262837,29.91,899.71,88.61,1
Maize,Black soils,87.75885918969198,0,5.67,139.78469040599293,1.3665129133839682,27.26,887.44,89.46,0
Mustard,Black soils,19.12922251866725,1,5.8,103.50209792378745,2.617585675899809,27.47,894.47,68.71,0
Millets,Red and Yellow soils,70.98318926589636,1,6.75,74.80825570491946,3.7312992983988873,25.78,928.96,67.31,1
Arhar,Laterite soils,10.205047368034332,1,6.05,171.60702634754793,1.5679546063176029,27.47,818.72,77.31,0
Arhar,Black soils,7.8885965708143235,0,6.69,22.190126691675964,1.5355669671957597,24.63,794.0,82.4,0
Jwar,Alluvial soils,89.71217350262663,0,6.74,25.10256180019756,4.094914179917966,22.24,885.37,65.66,0
Gram,Alluvial soils,11.03940647751555,0,6.9,53.34742166871745,2.74635152842651,26.74,883.65,72.98,0
Maize,Red and Yellow soils,69.73343459088427,0,5.8,159.39192951392974,3.210066085264966,26.29,845.78,77.61,0
Tiwra,Laterite soils,60.57467976893646,1,6.0,164.37331614576615,2.163674478018338,25.71,819.48,70.75,0
Moong,Laterite soils,66.7431644007017,1,6.42,36.37326995857885,1.941595947520944,22.94,838.98,73.63,0
Millets,Black soils,51.93747983054598,1,6.1,147.6076818611602,3.4815759318038104,22.64,874.33,86.95,1
Urd,Laterite soils,66.47259153046967,1,6.39,141.76502902740526,2.4215107907859093,30.0,896.61,64.35,1
Masoor,Alluvial soils,71.71208281936302,0,6.96,31.377403355249527,1.0655330314056928,27.63,911.24,68.08,0
Niger,Red and Yellow soils,16.887171155387144,1,6.09,22.167450486029797,2.846606265660132,26.29,813.63,78.23,0
Mustard,Alluvial soils,29.138359213116704,0,6.34,163.4305505984715,3.5913293882148416,28.54,912.47,62.48,0
Moong,Red and Yellow soils,40.84306264961799,1,6.74,123.39168044535634,4.282926461335064,23.48,827.88,64.62,1
Mustard,Laterite soils,3.375598634207229,0,6.71,155.35234889949072,4.286214413194463,25.43,851.99,63.92,0
Jwar,Laterite soils,20.52338382586908,0,6.7,39.04821267421946,2.0258284690301904,24.23,850.36,70.55,0
Maize,Black soils,65.32355202698167,0,5.5,153.432927891906,1.8221311119500412,21.12,856.63,68.87,0
Rice,Alluvial soils,49.78214071680444,0,6.44,54.89730595991944,1.04622923932641,23.25,815.47,77.52,0
Wheat,Alluvial soils,86.71163811325147,1,6.25,54.94653337104506,3.359167289944513,28.15,925.46,80.91,1
Til,Black soils,29.59626120983151,0,6.58,26.91842836664658,2.7167595174345838,27.82,828.88,90.0,0
Arhar,Alluvial soils,40.59763875962707,1,5.5,154.16751398387302,1.6967064291359415,25.32,958.26,76.64,1
Arhar,Alluvial soils,93.266516769375,0,5.95,151.91084094712255,4.153019042714469,25.3,838.21,77.78,0
Mustard,Alluvial soils,29.138359213116704,0,6.07,163.4305505984715,3.5913293882148416,27.61,953.53,60.99,0
Soybean,Black soils,80.18699184832587,1,6.24,66.79895680678409,2.870925046781913,29.54,939.88,78.28,1
Millets,Red and Yellow soils,68.53613344912503,1,6.63,145.54578088551114,2.7638146457013453,20.0,821.26,64.95,1
Moong,Alluvial soils,72.89801626222972,0,5.88,147.08444454896002,1.630372576341142,30.0,884.23,69.11,0
Arhar,Alluvial soils,91.85485510003234,0,6.17,76.53287840752338,1.2994679672213083,28.1,886.63,79.29,0
Mustard,Red and Yellow soils,63.63832068665308,0,6.81,88.53373490142508,1.9370490801246305,26.41,853.32,74.16,0
Rice,Red and Yellow soils,62.88030372406628,0,6.04,69.50062910462015,4.898555948589926,25.07,945.26,74.38,0
Masoor,Black soils,57.674849565932185,0,6.31,50.45115979273248,1.5982455206728323,23.65,886.87,63.11,0
Masoor,Black soils,57.674849565932185,0,6.28,50.45115979273248,1.5982455206728323,24.57,906.08,68.44,0
Groundnut,Red and Yellow soils,44.10436539094836,0,5.52,191.6079760172045,1.0565774612663703,21.63,940.21,71.56,0
Moong,Red and Yellow soils,9.326065442028998,0,6.9,172.44853243892462,3.156078875040973,22.93,778.97,71.35,0
Millets,Black soils,49.27248131847189,0,6.25,53.90095521876777,1.2019846474142255,21.64,873.12,74.67,0
Gram,Black soils,43.903327920986655,1,7.0,153.1401018257682,2.190934023980345,25.03,910.59,82.75,1
Tiwra,Laterite soils,77.41000299816143,0,5.94,102.68567704073148,4.5790889615245725,20.0,894.0,63.72,0
Pea,Laterite soils,23.804071407579336,1,6.46,131.24557260272172,3.669244395754899,28.9,875.4,83.45,1
Wheat,Laterite soils,7.276797004040833,0,6.18,117.16853925930828,3.99316410162361,25.75,911.28,85.32,0
Arhar,Black soils,58.272667448535096,0,5.92,146.75311324207283,0.571651324312384,20.0,840.39,66.24,0
Mustard,Red and Yellow soils,63.63832068665308,0,6.38,88.53373490142508,1.9370490801246305,27.35,936.17,68.73,0
Til,Alluvial soils,20.130363157001845,1,6.04,96.39301275682372,3.99987462399122,26.39,903.53,65.0,1
Mustard,Laterite soils,50.57716960311954,0,6.18,79.28921525200687,1.641631398260391,24.72,804.11,79.17,0
Urd,Laterite soils,66.47259153046967,1,6.4,141.76502902740526,2.4215107907859093,30.0,943.86,64.87,1
Arhar,Laterite soils,74.64442798330771,1,5.99,155.32653226232352,1.9369977433354968,26.98,806.63,89.61,1
Tiwra,Black soils,51.6709483055929,0,6.81,135.42477390060515,3.1134728386348294,23.27,767.78,81.77,0
Tiwra,Laterite soils,41.61828535466275,1,6.45,25.379723997991185,4.950763297623329,23.75,896.99,62.77,0
Rice,Laterite soils,7.142480781761127,0,5.82,145.4650010321932,2.084973135653419,23.21,952.22,66.59,0
Maize,Black soils,25.60173042272508,1,6.72,165.05125349950538,2.360850866018045,30.0,881.23,69.11,1
Maize,Alluvial soils,84.40064941289427,0,7.0,117.3407974676231,2.5830017311527627,27.77,885.6,86.96,0
Pea,Laterite soils,23.804071407579336,1,6.55,131.24557260272172,3.669244395754899,28.67,790.3,81.69,1
Rice,Red and Yellow soils,65.11829897838918,0,6.75,175.61385743537613,1.910934434431556,27.71,807.14,69.27,0
Urd,Laterite soils,56.01656404336428,1,5.5,169.6786697669429,1.2509461554512062,28.36,847.43,74.72,1
Urd,Alluvial soils,18.245949358971803,1,6.36,144.86143436361849,4.22251584341133,27.91,878.76,70.3,1
Kulthi,Black soils,19.94313150748539,1,6.96,97.58946583215312,2.988773303025213,21.71,764.93,85.07,1
Soybean,Black soils,43.93909969768636,1,6.82,187.44094250103575,3.156684445310398,28.3,905.33,89.94,1
Jwar,Black soils,43.34241591110462,0,6.17,55.8071284120974,4.114829632169133,21.72,921.81,85.15,0
Maize,Black soils,73.32267007953085,0,5.77,47.49317757286676,0.6835265598024884,25.39,824.59,71.16,0
Arhar,Laterite soils,84.46788570106386,1,6.17,192.94268675753716,2.7573837199416857,27.76,874.15,73.77,1
Millets,Laterite soils,40.123933186942935,1,5.94,78.28259692949361,2.6365415718597265,24.28,822.27,73.34,1
Wheat,Red and Yellow soils,50.91070048310331,0,6.07,70.3847309463337,4.94260898334276,27.2,906.34,78.85,0
summer paddy,Alluvial soils,7.078898910240252,1,5.65,133.05676737201873,2.8391106476553305,25.16,858.8,84.97,0
Millets,Red and Yellow soils,70.98318926589636,1,7.0,74.80825570491946,3.7312992983988873,25.2,929.63,63.64,1
Tiwra,Red and Yellow soils,45.40305501460495,1,5.73,63.94801167122259,4.253171358306454,28.34,903.71,84.53,1
Arhar,Laterite soils,96.60763642238672,0,6.46,133.99567920563555,1.2167870909791818,21.94,839.24,83.81,0
Millets,Black soils,85.5878730724342,1,6.06,61.37039983559247,3.7262686183632985,27.94,911.59,78.71,0
Kulthi,Black soils,93.64418332139984,1,5.67,135.85787194702743,2.7374408939283854,28.73,809.82,90.0,1
Urd,Black soils,6.69515158775076,0,6.11,187.8070287106091,1.1930450406000916,23.25,904.32,72.66,0
Soybean,Black soils,76.5747447185727,0,6.13,55.80956789226062,1.6624085030446671,21.52,865.04,88.13,0
Til,Alluvial soils,48.12232243119416,1,5.75,159.19400511003866,4.48088955820164,20.0,965.68,74.14,1
Wheat,Laterite soils,7.276797004040833,0,6.18,117.16853925930828,3.99316410162361,26.57,831.28,89.65,0
Jwar,Alluvial soils,87.5833721223469,0,6.58,73.36725049269779,3.5742192788952645,29.82,860.29,66.56,0
Tiwra,Black soils,94.76385180041332,0,6.76,110.7678118617717,0.8166051320582242,26.61,909.42,87.35,0
Tiwra,Laterite soils,41.61828535466275,1,6.58,25.379723997991185,4.950763297623329,25.29,898.42,60.33,0
Groundnut,Alluvial soils,77.64734025846953,1,6.71,30.1290536211666,2.4437057909109408,21.88,829.28,67.88,0
summer paddy,Laterite soils,90.855464380136,0,5.76,88.93461010502237,2.2896711723008787,23.73,820.93,84.96,0
Groundnut,Red and Yellow soils,38.75737864428302,0,6.85,87.85159170492055,4.987331613193882,30.0,916.97,62.3,0
Kulthi,Alluvial soils,61.837349287810135,1,6.64,27.801636027771064,2.6701487722421016,26.61,823.9,81.35,0
Groundnut,Black soils,77.0287821542821,1,5.91,28.30353013570137,1.0980962288868708,29.51,954.63,79.53,0
Rice,Black soils,5.27909199036012,1,6.72,172.95426825777906,0.8633173028000611,20.5,936.72,60.0,1
Groundnut,Red and Yellow soils,96.74499664722,1,5.81,178.92269764733769,2.42511046193267,27.85,951.03,85.01,1
Mustard,Laterite soils,3.375598634207229,0,6.91,155.35234889949072,4.286214413194463,24.39,813.6,64.42,0
Wheat,Black soils,27.701983404171347,1,7.0,165.79370043835235,0.8135175506595091,25.96,769.38,82.96,1
Jwar,Black soils,58.43929542154972,1,5.63,16.566631578535365,3.473426184998023,22.21,933.64,66.53,0
Wheat,Red and Yellow soils,45.9958564972776,0,6.35,199.4706146791189,3.097939236387041,27.92,866.51,63.36,0
Groundnut,Red and Yellow soils,38.75737864428302,0,6.78,87.85159170492055,4.987331613193882,28.78,915.63,63.82,0
Rice,Red and Yellow soils,65.11829897838918,0,6.92,175.61385743537613,1.910934434431556,28.34,843.87,65.26,0
Masoor,Red and Yellow soils,90.46926764515013,1,5.98,39.5265414675269,4.552431153446992,27.19,959.87,72.47,0
Millets,Black soils,51.93747983054598,1,6.14,147.6076818611602,3.4815759318038104,21.81,794.06,84.08,1
Urd,Red and Yellow soils,45.498714553357374,0,6.61,78.41811791005178,2.4597531594443405,22.98,782.26,79.1,0
Pea,Red and Yellow soils,57.89621108388996,1,6.12,140.3534641806105,3.0806227397827857,26.07,844.3,83.77,1
Jwar,Black soils,85.02489644764282,0,6.16,141.69070379804322,2.338065364164532,26.05,846.94,60.0,0
Soybean,Black soils,47.0521959690072,0,6.65,89.55122834530016,0.8923742776619482,21.29,906.64,80.44,0
Groundnut,Black soils,87.53054551977526,0,5.85,172.43490927868564,4.158548482629399,29.18,918.64,65.66,0
Niger,Black soils,41.79287336304921,0,6.69,54.696853754845804,1.7969102556076575,23.44,873.02,71.65,0
Millets,Laterite soils,69.8935704948745,0,6.55,32.32819760191878,3.248766454068652,27.13,890.97,83.39,0
Wheat,Alluvial soils,86.54297981140141,0,6.91,108.46872549256152,3.65827855817515,20.0,810.64,64.04,0
Til,Laterite soils,79.80767833149267,1,5.88,195.1869784074493,4.9333156627866845,23.34,941.81,83.17,0
Kulthi,Laterite soils,20.90726535219855,0,7.0,98.52331092318568,2.606152200854422,24.51,793.25,80.21,0
Kulthi,Laterite soils,6.566266666595126,1,6.92,182.44291675508293,2.3480193489739687,23.0,794.03,71.6,1
Moong,Red and Yellow soils,9.326065442028998,0,6.65,172.44853243892462,3.156078875040973,21.81,802.08,77.08,0
Mustard,Laterite soils,3.375598634207229,0,7.0,155.35234889949072,4.286214413194463,24.54,910.65,67.94,0
Pea,Red and Yellow soils,77.1904149781785,1,6.0,159.6942075375746,3.61915464017993,24.62,828.71,64.24,1
Maize,Laterite soils,80.06913248485557,0,6.36,60.5239790933438,1.7659599285259715,28.63,859.42,68.79,0
Jwar,Laterite soils,51.52716525625736,0,5.54,117.26931971045472,4.763386070226863,27.0,999.32,61.98,0
Tiwra,Red and Yellow soils,12.71408322731068,0,5.72,16.77495232897338,2.110155905799066,22.49,958.63,85.96,0
Masoor,Alluvial soils,45.92043415033586,0,6.67,175.13241790304798,3.316894792035183,25.82,880.47,88.24,0
Moong,Alluvial soils,72.89801626222972,0,6.23,147.08444454896002,1.630372576341142,29.27,865.21,65.6,0
Moong,Red and Yellow soils,6.70159104623501,0,6.74,154.37849353994258,1.4738508434764648,20.0,840.92,60.0,0
Millets,Alluvial soils,3.618996042561992,0,6.13,195.20677589698155,0.9929670665083924,26.38,910.69,86.92,0
Mustard,Laterite soils,53.54515854139666,1,6.52,108.2514903397496,3.718948332542829,25.36,883.27,68.44,1
Niger,Red and Yellow soils,54.18360976009397,1,7.0,118.99187835760888,4.683784908669928,21.89,766.32,83.12,1
summer paddy,Laterite soils,14.757076703479033,0,6.23,114.56572536211222,3.841667344001905,23.25,946.07,74.0,0
Gram,Alluvial soils,96.98944330900548,0,6.78,18.44939670465994,1.562279272549458,24.17,893.03,74.39,0
Wheat,Alluvial soils,86.71163811325147,1,6.15,54.94653337104506,3.359167289944513,29.41,827.34,79.55,1
Tiwra,Alluvial soils,57.12809708824221,1,6.43,197.0604365484146,3.9823961897083984,23.87,844.1,66.29,1
Tiwra,Black soils,94.76385180041332,0,6.42,110.7678118617717,0.8166051320582242,27.44,911.79,86.95,0
Moong,Red and Yellow soils,40.84306264961799,1,6.35,123.39168044535634,4.282926461335064,23.72,830.79,63.81,1
Niger,Black soils,41.79287336304921,0,6.9,54.696853754845804,1.7969102556076575,25.12,819.45,71.65,0
Gram,Laterite soils,25.539681660071125,1,6.9,24.59636681009846,2.769413193485069,22.25,892.94,79.78,0
Tiwra,Red and Yellow soils,36.11241183442073,0,6.15,127.43746461709286,3.6934087696499662,28.25,915.27,60.27,0
Gram,Alluvial soils,44.36061613463463,1,5.53,51.92836348552057,1.185780320544819,20.61,978.31,72.19,1
Gram,Laterite soils,53.836448220478616,0,5.77,15.2236049976858,0.9405202056930708,24.67,918.61,64.58,0
summer paddy,Laterite soils,90.855464380136,0,5.83,88.93461010502237,2.2896711723008787,24.73,953.25,84.15,0
Jwar,Alluvial soils,3.1422931695712104,0,5.5,124.9568629244877,1.2982647039962512,26.55,921.04,75.87,0
Gram,Black soils,60.6590114165344,0,5.64,89.25746879492321,4.041605590451173,25.38,935.73,84.84,0
Groundnut,Laterite soils,47.3154015978025,0,6.18,163.00709664528063,2.6080442594736524,22.19,855.36,64.13,0
Moong,Black soils,66.35159251639024,0,5.89,154.92011886243904,4.532794847215374,27.54,856.2,62.76,0
Pea,Alluvial soils,63.2123421474168,1,5.94,30.08992185887418,2.1099619017340947,28.2,869.19,63.82,0
Pea,Black soils,94.11254095151456,0,6.76,74.32011188400841,3.278071802192412,23.85,837.07,85.45,0
Gram,Red and Yellow soils,34.74768672244927,1,6.37,33.58119022402276,1.9181663035284728,28.07,878.57,68.41,0
Urd,Red and Yellow soils,45.498714553357374,0,6.82,78.41811791005178,2.4597531594443405,21.26,785.13,80.85,0
Gram,Laterite soils,53.836448220478616,0,6.13,15.2236049976858,0.9405202056930708,22.77,851.04,62.01,0
Arhar,Alluvial soils,84.94829653763078,0,6.65,148.30405234987228,2.085751113035552,24.62,903.24,79.29,0
Soybean,Alluvial soils,1.0845160463029235,0,5.73,132.15140054930788,1.295639412046346,22.61,841.22,83.25,0
Moong,Black soils,66.35159251639024,0,5.75,154.92011886243904,4.532794847215374,26.52,835.31,70.17,0
Urd,Laterite soils,2.7426498464331512,0,5.94,88.14528120125196,4.954035987983664,24.05,916.68,67.93,0
Wheat,Laterite soils,92.6074773325522,1,5.82,171.06465646258272,1.1677687279613973,22.5,839.71,79.96,1
Masoor,Black soils,95.87154982405876,1,6.7,129.9810832257704,0.5034414484512415,20.0,867.11,60.0,1
Arhar,Black soils,58.272667448535096,0,5.67,146.75311324207283,0.571651324312384,20.0,988.13,62.28,0
Pea,Laterite soils,13.913505998801302,1,5.8,198.6012534110168,2.571015400924413,25.39,925.23,64.71,1
Gram,Red and Yellow soils,14.573215619358535,1,5.5,57.09839965697187,3.9514705976890343,28.35,902.15,83.07,0
Niger,Laterite soils,4.079749834554197,0,5.66,99.53335179078957,3.6129767886177073,24.59,974.61,65.3,0
Til,Laterite soils,72.63236990744744,0,5.97,91.21425103639508,0.6719788045907025,28.29,875.47,69.15,0
Wheat,Red and Yellow soils,50.91070048310331,0,5.95,70.3847309463337,4.94260898334276,25.38,916.28,82.97,0
summer paddy,Laterite soils,90.855464380136,0,5.5,88.93461010502237,2.2896711723008787,25.01,953.14,78.97,0
Maize,Alluvial soils,14.964041185953416,1,7.0,139.1026557896301,1.843602189402552,27.59,812.86,67.38,1
Pea,Red and Yellow soils,14.258821823399837,1,6.28,181.6323051076012,4.302368943900499,26.23,897.31,69.13,1
Masoor,Red and Yellow soils,79.30084242753477,1,6.63,11.043366165214929,1.7972285602299596,20.47,892.4,62.2,0
Kulthi,Laterite soils,1.9575813458450015,0,6.49,135.07179394615684,2.663615249026792,22.84,932.97,81.15,0
Tiwra,Black soils,94.76385180041332,0,6.57,110.7678118617717,0.8166051320582242,27.5,825.77,84.35,0
Pea,Laterite soils,23.804071407579336,1,6.54,131.24557260272172,3.669244395754899,26.27,796.89,84.43,1
Urd,Laterite soils,3.1424283074838835,1,5.82,78.7181102480801,3.652081641177272,26.14,854.55,86.26,1
Til,Laterite soils,79.80767833149267,1,5.96,195.1869784074493,4.9333156627866845,24.37,814.88,76.61,0
Tiwra,Laterite soils,60.57467976893646,1,5.77,164.37331614576615,2.163674478018338,25.74,960.98,69.95,0
Groundnut,Red and Yellow soils,38.75737864428302,0,6.64,87.85159170492055,4.987331613193882,30.0,878.6,61.89,0
Mustard,Laterite soils,3.375598634207229,0,7.0,155.35234889949072,4.286214413194463,23.46,913.09,64.5,0
Niger,Alluvial soils,30.9149550672235,0,6.76,25.390180382606133,4.890082443067278,20.0,831.99,79.93,0
Millets,Black soils,6.907493912567169,0,6.62,84.40519823967013,2.862263975769026,28.04,782.26,81.12,0
Jwar,Alluvial soils,87.5833721223469,0,6.56,73.36725049269779,3.5742192788952645,27.49,901.64,63.71,0
Rice,Alluvial soils,45.02207961303291,1,5.66,183.9060120825367,2.2666440011155182,26.03,958.79,90.0,1
Masoor,Alluvial soils,45.62108056768259,0,6.57,174.13879435365195,4.357303858339503,26.33,801.8,63.24,0
Millets,Black soils,6.907493912567169,0,6.67,84.40519823967013,2.862263975769026,28.2,787.75,84.2,0
Mustard,Black soils,19.12922251866725,1,5.89,103.50209792378745,2.617585675899809,26.25,972.53,71.43,0
Niger,Laterite soils,58.342897767539576,0,6.02,30.396351069572987,0.6188329381507388,25.4,863.48,84.33,0
Pea,Alluvial soils,17.17303816819014,0,5.5,163.3134475429299,2.644391106796571,27.76,893.48,69.41,0
Jwar,Red and Yellow soils,28.76255629578411,1,6.12,177.41725250309972,0.8627567390016935,24.1,888.97,74.43,1
summer paddy,Laterite soils,97.19340985732984,0,6.95,109.52068301196128,2.3271442877923745,29.92,927.04,74.43,0
Pea,Laterite soils,13.913505998801302,1,5.79,198.6012534110168,2.571015400924413,25.97,938.9,62.98,1
Niger,Alluvial soils,30.9149550672235,0,7.0,25.390180382606133,4.890082443067278,21.39,853.58,80.43,0
Moong,Red and Yellow soils,9.326065442028998,0,6.65,172.44853243892462,3.156078875040973,22.13,817.42,75.74,0
Pea,Black soils,52.66967119754954,1,6.12,193.05858625795943,1.4970629237169906,26.12,925.24,84.74,1
Tiwra,Black soils,14.00913180874091,1,5.79,192.864017307691,3.587869631963185,24.19,914.88,70.79,1
Jwar,Alluvial soils,77.34890187462672,0,6.29,187.39893140589743,4.13407204546712,22.96,933.53,67.77,0
Pea,Laterite soils,37.95291147089761,1,6.78,155.92154634208538,1.0961422182962492,23.64,899.86,78.94,1
Mustard,Laterite soils,61.737953589033744,0,5.77,65.69585886371809,1.5602596870875736,24.28,921.61,84.1,0
Pea,Black soils,96.80767801393904,0,6.41,195.8016411514046,1.166165615757137,23.49,853.27,81.67,0
Rice,Red and Yellow soils,62.88030372406628,0,6.28,69.50062910462015,4.898555948589926,25.72,862.81,72.26,0
Rice,Laterite soils,83.8775957011866,1,5.71,34.37576356945297,2.294909994831729,29.23,880.7,73.46,0
Arhar,Alluvial soils,57.32803334236286,1,7.0,178.80845618528306,2.3443978045744327,29.86,895.43,83.82,1
Gram,Laterite soils,94.10126247062009,0,5.65,72.58126430651672,2.1511369511760727,25.71,903.32,61.47,0
Mustard,Laterite soils,74.33462632790453,0,6.96,23.998040737995492,3.3383635311434943,28.49,840.76,73.9,0
Pea,Alluvial soils,17.17303816819014,0,5.51,163.3134475429299,2.644391106796571,26.31,940.62,66.67,0
Masoor,Alluvial soils,45.92043415033586,0,6.74,175.13241790304798,3.316894792035183,27.77,810.68,83.26,0
Mustard,Alluvial soils,2.3002039972834387,0,6.67,145.61959193869544,2.519545815592032,26.01,894.14,71.19,0
summer paddy,Alluvial soils,80.44770135267859,0,7.0,29.64755058306169,4.7260075846814615,21.42,864.38,89.8,0
Moong,Red and Yellow soils,6.70159104623501,0,6.54,154.37849353994258,1.4738508434764648,21.47,859.14,63.05,0
summer paddy,Alluvial soils,92.14077589708448,0,5.57,37.26311684885115,2.4051624361938035,20.0,865.98,81.53,0
Wheat,Red and Yellow soils,50.91070048310331,0,5.87,70.3847309463337,4.94260898334276,25.42,841.69,81.98,0
Maize,Red and Yellow soils,69.73343459088427,0,5.69,159.39192951392974,3.210066085264966,26.17,930.16,73.89,0
Soybean,Black soils,98.59433372410363,0,5.94,78.26901572028348,4.212803098596902,25.58,820.45,74.63,0
Gram,Black soils,7.538508193294686,1,6.65,22.895319575658647,0.7515476161379425,23.13,910.03,84.71,0
Gram,Laterite soils,25.539681660071125,1,7.0,24.59636681009846,2.769413193485069,20.0,870.11,74.73,0
Arhar,Alluvial soils,84.94829653763078,0,6.49,148.30405234987228,2.085751113035552,23.55,788.41,81.01,0
Maize,Black soils,73.32267007953085,0,5.84,47.49317757286676,0.6835265598024884,26.03,881.47,64.53,0
Jwar,Laterite soils,83.27429064883648,1,5.63,66.97405545052723,4.904528295647274,25.09,930.48,67.06,1
Tiwra,Laterite soils,87.1125768798161,0,5.5,155.6761395244254,3.972236580663137,29.77,971.95,71.44,0
Jwar,Black soils,43.34241591110462,0,5.96,55.8071284120974,4.114829632169133,21.99,869.76,82.0,0
Urd,Laterite soils,66.47259153046967,1,6.69,141.76502902740526,2.4215107907859093,30.0,883.99,66.63,1
Millets,Laterite soils,43.23591197416306,1,7.0,119.119475832171,0.6911915449376529,26.41,935.05,65.46,1
Jwar,Alluvial soils,89.71217350262663,0,6.63,25.10256180019756,4.094914179917966,22.94,835.12,68.57,0
Maize,Laterite soils,59.61861413363324,1,5.5,135.50678958732516,2.9379073788004195,24.52,856.95,80.54,1
Niger,Laterite soils,58.342897767539576,0,6.27,30.396351069572987,0.6188329381507388,24.74,872.93,87.81,0
Millets,Laterite soils,69.8935704948745,0,6.61,32.32819760191878,3.248766454068652,25.8,908.51,82.57,0
Rice,Red and Yellow soils,7.996150840499768,0,6.91,73.07030318124619,1.7926143362906817,26.97,854.46,82.2,0
Arhar,Alluvial soils,40.59763875962707,1,5.65,154.16751398387302,1.6967064291359415,26.72,867.62,77.34,1
Tiwra,Alluvial soils,7.949464529363647,1,6.9,26.11128283567805,0.5044061015460503,21.92,776.92,84.3,0
Soybean,Alluvial soils,73.18122507589274,0,5.81,84.15235572039454,4.546057014434088,22.75,925.59,81.61,0
Jwar,Alluvial soils,77.34890187462672,0,5.89,187.39893140589743,4.13407204546712,24.94,939.98,64.01,0
Soybean,Laterite soils,50.60103662954688,0,5.9,171.12574873717588,2.589034966808882,20.0,873.2,77.22,0
Pea,Black soils,60.61327630651897,1,6.09,71.88729840163472,3.3834428136844004,25.77,825.34,62.66,1
Jwar,Alluvial soils,93.969049183815,1,6.38,83.89046853013258,1.8300016425041368,25.27,933.31,84.71,1
Mustard,Laterite soils,61.737953589033744,0,5.91,65.69585886371809,1.5602596870875736,24.15,951.3,84.51,0
Rice,Red and Yellow soils,94.9606118039142,0,5.81,54.1128672085785,1.619877527026648,20.85,976.68,65.9,0
Arhar,Laterite soils,84.46788570106386,1,6.13,192.94268675753716,2.7573837199416857,27.2,855.53,74.59,1
Mustard,Laterite soils,2.422650386748149,1,5.75,50.003662732995785,1.3339062519960363,27.86,876.58,66.58,1
Masoor,Black soils,95.87154982405876,1,6.71,129.9810832257704,0.5034414484512415,21.12,823.46,60.0,1
summer paddy,Laterite soils,80.66896941192711,0,6.35,54.11712191845815,3.2515109543711493,27.92,965.11,63.07,0
Wheat,Red and Yellow soils,58.75812809075228,0,5.7,61.15233492569079,2.7512492589727047,21.35,958.49,67.87,0
Millets,Red and Yellow soils,68.53613344912503,1,6.62,145.54578088551114,2.7638146457013453,20.54,886.92,65.19,1
Til,Alluvial soils,25.073589779047172,0,7.0,173.56684832753513,0.5153972218655465,26.4,896.84,67.66,0
Moong,Black soils,68.47419592831014,1,6.18,62.139746561585554,1.7248326329770518,27.05,812.29,73.91,0
Maize,Laterite soils,32.09495506812422,0,6.89,71.06637841499042,4.98667080551723,24.79,830.03,72.61,0
Arhar,Red and Yellow soils,86.86720496550913,0,5.89,40.99567176940299,0.9693659789832094,22.9,944.72,88.4,0
Wheat,Black soils,27.701983404171347,1,6.92,165.79370043835235,0.8135175506595091,26.76,782.98,84.97,1
Millets,Black soils,46.115623150526005,1,6.77,177.58949627751142,1.0156582803711816,28.51,846.77,70.79,1
summer paddy,Laterite soils,68.33971322490649,1,6.73,21.80492518759846,3.622176401026044,20.0,882.67,74.59,0
Jwar,Black soils,65.54709453271963,1,5.85,14.774203291276631,4.843878235764788,26.81,899.58,78.7,0
Rice,Alluvial soils,55.7182474465031,0,6.41,34.65834578689061,2.032096363927362,29.89,854.7,65.4,0
Millets,Black soils,6.907493912567169,0,6.73,84.40519823967013,2.862263975769026,27.11,856.78,79.53,0
summer paddy,Alluvial soils,68.88862950071787,1,6.08,73.83428244149384,0.5966557233781861,26.44,815.26,78.95,1
Groundnut,Red and Yellow soils,44.10436539094836,0,5.87,191.6079760172045,1.0565774612663703,24.02,865.35,72.61,0
summer paddy,Laterite soils,97.19340985732984,0,6.68,109.52068301196128,2.3271442877923745,29.14,845.32,73.28,0
Jwar,Black soils,65.54709453271963,1,5.89,14.774203291276631,4.843878235764788,27.74,875.4,79.56,0
Soybean,Black soils,47.0521959690072,0,6.65,89.55122834530016,0.8923742776619482,22.97,911.71,77.37,0
Jwar,Red and Yellow soils,81.05182096520964,1,5.5,198.10884266676885,4.3258916692421066,23.88,896.94,68.96,1
Jwar,Black soils,87.71268641532818,0,6.31,15.698221174437968,2.9018118843038945,21.86,848.04,87.2,0
Tiwra,Alluvial soils,42.73461385557504,1,6.5,46.60885970748865,2.3240919163041704,28.2,839.21,75.15,0
Mustard,Black soils,19.12922251866725,1,5.7,103.50209792378745,2.617585675899809,26.41,861.87,67.82,0
Moong,Alluvial soils,72.89801626222972,0,6.1,147.08444454896002,1.630372576341142,29.35,836.96,67.98,0
Wheat,Laterite soils,92.6074773325522,1,5.63,171.06465646258272,1.1677687279613973,24.53,855.92,79.54,1
Urd,Alluvial soils,18.245949358971803,1,6.5,144.86143436361849,4.22251584341133,26.83,822.03,70.19,1
Wheat,Black soils,27.701983404171347,1,6.74,165.79370043835235,0.8135175506595091,25.36,803.55,86.58,1
Gram,Alluvial soils,40.02287500376711,1,6.64,152.92792867079348,3.896782705565548,24.29,949.75,60.0,1
summer paddy,Laterite soils,57.82058689786627,0,6.01,53.81319082011551,2.8357837897845606,22.17,925.37,75.31,0
Moong,Alluvial soils,40.61480583667867,1,5.96,166.39544242161517,4.281051864970563,28.01,858.7,60.0,1
Jwar,Black soils,43.34241591110462,0,6.31,55.8071284120974,4.114829632169133,20.87,792.14,80.99,0
Kulthi,Alluvial soils,92.5492169547469,1,6.71,172.39818815807868,1.6613788159021248,26.95,831.61,89.5,1
Groundnut,Laterite soils,34.78961480849945,1,6.27,100.82047107807897,4.765268097487416,24.96,798.02,83.81,1
Millets,Red and Yellow soils,17.122970872144943,1,6.32,60.7652239322664,2.3761285663683043,26.66,876.06,75.23,1
Gram,Alluvial soils,79.26862073639087,1,5.93,169.83024901214273,4.126874099803565,21.69,818.8,75.93,1
Jwar,Red and Yellow soils,28.76255629578411,1,6.06,177.41725250309972,0.8627567390016935,26.39,882.04,74.13,1
Jwar,Alluvial soils,8.770750022223734,1,5.61,115.99582439793596,2.540243063469655,23.0,949.3,85.66,1
Gram,Red and Yellow soils,34.74768672244927,1,6.36,33.58119022402276,1.9181663035284728,30.0,958.39,64.11,0
Til,Alluvial soils,20.130363157001845,1,5.85,96.39301275682372,3.99987462399122,25.68,925.33,65.0,1
Tiwra,Red and Yellow soils,36.11241183442073,0,6.03,127.43746461709286,3.6934087696499662,29.59,947.58,64.27,0
Kulthi,Black soils,64.62899831981025,0,6.89,83.52491651545493,1.5690018255421825,23.15,883.07,65.39,0
Jwar,Alluvial soils,50.27501027132872,0,6.76,103.71091740391591,4.248261783890516,21.66,793.25,62.66,0
Til,Black soils,29.59626120983151,0,6.31,26.91842836664658,2.7167595174345838,28.65,867.95,88.99,0
Gram,Black soils,78.84309895532813,1,5.98,101.37659921705163,0.5595492491183836,22.02,920.83,80.84,0
Moong,Black soils,66.35159251639024,0,5.71,154.92011886243904,4.532794847215374,25.92,902.01,70.17,0
Millets,Black soils,6.907493912567169,0,6.82,84.40519823967013,2.862263975769026,25.91,925.0,80.33,0
Moong,Alluvial soils,74.91849185092191,1,6.25,35.66011307470839,3.274662483685392,21.5,936.79,90.0,0
Wheat,Alluvial soils,91.05415430835896,0,7.0,160.42512776637145,0.6999369117890404,20.28,772.54,83.5,0
Moong,Laterite soils,75.26532755569725,1,5.84,43.65731320402202,3.3010974637817863,28.95,965.32,66.14,0
Moong,Alluvial soils,40.61480583667867,1,5.85,166.39544242161517,4.281051864970563,27.21,877.7,62.43,1
Urd,Black soils,6.69515158775076,0,6.49,187.8070287106091,1.1930450406000916,22.94,820.66,69.25,0
Soybean,Black soils,76.5747447185727,0,6.36,55.80956789226062,1.6624085030446671,21.37,863.42,84.65,0
Til,Alluvial soils,85.22978983877745,1,5.68,14.770261505983694,1.7336147501948824,24.87,931.87,63.44,0
Pea,Alluvial soils,34.82813570853206,1,6.86,39.67680173556278,0.8048689074476658,29.35,808.82,77.41,0
summer paddy,Alluvial soils,92.14077589708448,0,5.5,37.26311684885115,2.4051624361938035,21.15,844.84,78.02,0
Groundnut,Alluvial soils,7.595586649378683,1,6.97,32.52112578042177,2.090866635406147,21.78,875.79,64.79,0
Maize,Alluvial soils,25.96962093356883,0,5.7,159.78724651759555,2.4066244155234733,20.99,931.54,69.97,0
Millets,Laterite soils,19.45015786212121,1,6.98,27.201414090139878,0.6815101265907944,21.82,914.93,80.11,0
Wheat,Red and Yellow soils,19.63023274762661,0,5.85,132.24686057442185,4.182026033346189,28.26,941.79,69.27,0
Rice,Alluvial soils,55.7182474465031,0,6.31,34.65834578689061,2.032096363927362,29.56,817.51,64.23,0
Arhar,Black soils,7.8885965708143235,0,6.81,22.190126691675964,1.5355669671957597,23.49,777.41,81.68,0
Maize,Black soils,38.61061367320439,0,6.21,170.31722106664762,0.5080767595702489,24.85,866.59,67.62,0
Masoor,Red and Yellow soils,90.46926764515013,1,6.13,39.5265414675269,4.552431153446992,26.38,813.2,72.95,0
summer paddy,Laterite soils,90.855464380136,0,5.85,88.93461010502237,2.2896711723008787,24.64,895.01,84.55,0
Masoor,Red and Yellow soils,15.573043648692993,0,5.5,40.394151236744186,2.3537196802479925,25.73,937.81,70.44,0
Til,Laterite soils,89.66061130236088,0,5.83,138.96491601693197,2.999699639608014,27.21,940.77,90.0,0
Pea,Red and Yellow soils,45.88200025350533,0,6.75,166.4197314414131,0.7604645881312596,25.68,785.54,67.72,0
Jwar,Alluvial soils,21.797420722217726,0,6.47,83.75345151111428,2.0437014769879367,26.05,814.34,88.45,0
Tiwra,Laterite soils,44.157514598221695,0,6.32,20.786220688080256,4.760647059177217,24.11,889.88,75.39,0
Maize,Laterite soils,80.06913248485557,0,6.38,60.5239790933438,1.7659599285259715,28.46,839.47,71.47,0
Arhar,Alluvial soils,40.59763875962707,1,5.77,154.16751398387302,1.6967064291359415,26.26,842.82,77.44,1
Gram,Laterite soils,25.539681660071125,1,6.96,24.59636681009846,2.769413193485069,21.75,860.91,76.74,0
Gram,Alluvial soils,44.36061613463463,1,5.68,51.92836348552057,1.185780320544819,21.52,850.86,70.98,1
Moong,Black soils,66.35159251639024,0,5.98,154.92011886243904,4.532794847215374,25.5,910.97,66.94,0
Moong,Laterite soils,66.7431644007017,1,6.22,36.37326995857885,1.941595947520944,21.6,852.74,76.83,0
Jwar,Red and Yellow soils,61.33138378263416,0,6.12,131.90345014994583,3.0456960700275504,20.85,874.03,77.54,0
summer paddy,Black soils,60.308079523188816,0,6.62,43.46443527108601,3.000106367186519,28.73,828.92,79.7,0
Masoor,Black soils,76.58104466203038,0,6.27,112.258823548082,0.8441663455221252,27.61,880.19,71.3,0
Jwar,Alluvial soils,89.71217350262663,0,6.55,25.10256180019756,4.094914179917966,23.92,922.35,66.99,0
Pea,Laterite soils,37.95291147089761,1,6.43,155.92154634208538,1.0961422182962492,22.67,920.65,83.83,1
Pea,Laterite soils,23.804071407579336,1,6.44,131.24557260272172,3.669244395754899,28.95,804.61,78.55,1
Arhar,Black soils,7.8885965708143235,0,6.89,22.190126691675964,1.5355669671957597,25.27,833.01,82.45,0
Arhar,Laterite soils,10.205047368034332,1,6.27,171.60702634754793,1.5679546063176029,29.58,816.64,71.44,0
Arhar,Alluvial soils,91.85485510003234,0,5.9,76.53287840752338,1.2994679672213083,29.41,897.58,86.86,0
summer paddy,Alluvial soils,80.44770135267859,0,7.0,29.64755058306169,4.7260075846814615,21.09,787.11,89.92,0
Pea,Laterite soils,23.804071407579336,1,6.1,131.24557260272172,3.669244395754899,26.69,873.1,79.4,1
Arhar,Red and Yellow soils,89.63418660147754,0,5.83,197.40269607320457,2.917209527133356,24.74,835.38,79.68,0
Wheat,Red and Yellow soils,45.9958564972776,0,6.05,199.4706146791189,3.097939236387041,29.22,955.82,62.21,0
Mustard,Black soils,48.223606509415184,0,5.59,42.21612474828965,3.626063543977249,27.18,934.89,74.04,0
Maize,Black soils,87.75885918969198,0,5.88,139.78469040599293,1.3665129133839682,27.45,878.25,86.32,0
Kulthi,Black soils,64.62899831981025,0,6.52,83.52491651545493,1.5690018255421825,22.28,847.57,63.54,0
Jwar,Alluvial soils,3.1422931695712104,0,5.5,124.9568629244877,1.2982647039962512,28.05,865.17,78.78,0
Jwar,Red and Yellow soils,81.05182096520964,1,5.68,198.10884266676885,4.3258916692421066,23.22,856.27,71.36,1
Moong,Black soils,68.47419592831014,1,6.17,62.139746561585554,1.7248326329770518,26.62,903.64,69.53,0
Wheat,Alluvial soils,67.4018482677936,0,5.77,27.39069849597884,4.906744463762068,21.69,955.88,60.4,0
Kulthi,Black soils,93.64418332139984,1,5.5,135.85787194702743,2.7374408939283854,28.49,821.24,88.17,1
Tiwra,Red and Yellow soils,27.092825029366224,1,5.79,153.70269592651675,1.2125187749279782,26.95,862.89,61.87,1
Kulthi,Laterite soils,6.566266666595126,1,6.86,182.44291675508293,2.3480193489739687,23.13,918.33,70.75,1
Masoor,Black soils,76.58104466203038,0,6.34,112.258823548082,0.8441663455221252,26.66,847.21,69.14,0
Pea,Black soils,35.50207418332751,0,5.94,155.1924950643728,4.558757044762429,26.59,895.11,69.43,0
Jwar,Black soils,43.34241591110462,0,6.17,55.8071284120974,4.114829632169133,20.9,943.77,82.49,0
Gram,Alluvial soils,96.98944330900548,0,6.6,18.44939670465994,1.562279272549458,23.77,925.67,74.43,0
Pea,Red and Yellow soils,57.89621108388996,1,5.79,140.3534641806105,3.0806227397827857,26.74,818.72,82.13,1
Rice,Laterite soils,7.142480781761127,0,5.89,145.4650010321932,2.084973135653419,23.54,951.62,70.59,0
Jwar,Red and Yellow soils,81.05182096520964,1,5.72,198.10884266676885,4.3258916692421066,23.96,982.12,71.7,1
Masoor,Black soils,56.607644110296,0,6.38,14.313069493331705,2.07281804952572,26.82,872.72,67.77,0
Masoor,Red and Yellow soils,84.52316916652465,1,6.23,136.06206737070266,3.720799011587236,27.04,901.0,75.08,1
Maize,Black soils,19.463557757075588,0,6.74,125.4704718867283,2.598418486481846,23.6,805.73,78.32,0
Rice,Alluvial soils,54.82894674818631,0,6.49,199.60504257664195,1.60459882847338,20.45,902.51,65.49,0
Groundnut,Alluvial soils,77.64734025846953,1,6.64,30.1290536211666,2.4437057909109408,22.29,839.94,64.4,0
Millets,Laterite soils,11.564782214969178,1,6.48,120.43280013719917,3.7676132617091977,24.25,875.22,62.06,1
Millets,Red and Yellow soils,60.97944387000568,0,6.57,183.50464510721,2.1363469721664288,27.87,828.34,66.06,0
summer paddy,Laterite soils,99.68532353972208,1,6.49,36.79724244169026,0.5887722514342346,27.22,846.87,69.08,0
Urd,Laterite soils,3.1424283074838835,1,6.06,78.7181102480801,3.652081641177272,28.4,804.92,86.18,1
Rice,Laterite soils,25.09494464680028,1,6.11,157.04690334075116,1.926924601319298,23.25,891.07,90.0,1
Til,Laterite soils,82.11526872345533,0,5.92,179.22366038694898,3.004640999287888,24.38,950.26,66.91,0
Kulthi,Alluvial soils,92.5492169547469,1,6.81,172.39818815807868,1.6613788159021248,28.95,809.69,86.32,1
Jwar,Black soils,43.34241591110462,0,6.13,55.8071284120974,4.114829632169133,20.0,936.22,85.05,0
Gram,Black soils,18.54638357946299,1,6.05,34.31846563723244,1.5054079551932045,25.64,838.79,69.59,0
Tiwra,Laterite soils,44.157514598221695,0,6.41,20.786220688080256,4.760647059177217,23.09,933.74,75.32,0
Maize,Laterite soils,80.06913248485557,0,6.49,60.5239790933438,1.7659599285259715,27.29,832.39,66.69,0
Urd,Laterite soils,2.7426498464331512,0,5.97,88.14528120125196,4.954035987983664,23.33,844.27,69.38,0
Gram,Alluvial soils,79.26862073639087,1,5.79,169.83024901214273,4.126874099803565,21.17,855.14,79.38,1
Soybean,Red and Yellow soils,79.46057483174057,0,6.53,150.462155599481,3.444350816677973,21.15,838.68,85.64,0
Maize,Laterite soils,80.06913248485557,0,6.34,60.5239790933438,1.7659599285259715,28.39,904.78,66.3,0
Jwar,Laterite soils,52.03647167552329,1,6.49,64.66675150721977,1.1856502725788038,29.4,889.38,63.52,1
Kulthi,Black soils,39.49071677717886,0,6.01,60.39751234176016,3.8970756841866954,28.52,957.41,69.64,0
Urd,Red and Yellow soils,80.12909695909734,0,6.98,70.99504826835619,4.201089365152599,28.25,883.2,85.8,0
Til,Red and Yellow soils,63.93819639548853,1,5.79,86.5501462725284,0.8314949690878561,27.2,970.09,71.37,1
Gram,Red and Yellow soils,53.08813320922549,1,6.75,28.808142321819524,3.1415169004795302,26.53,893.62,60.8,0
Millets,Alluvial soils,23.54097596703025,1,6.55,57.43568008837477,1.5978107189656572,27.29,919.57,87.58,1
summer paddy,Laterite soils,90.855464380136,0,5.5,88.93461010502237,2.2896711723008787,23.87,857.56,77.87,0
Rice,Alluvial soils,45.02207961303291,1,5.76,183.9060120825367,2.2666440011155182,27.14,887.05,90.0,1
Groundnut,Black soils,13.083322941050284,0,6.15,85.59418473765709,3.41430524157662,24.33,857.32,66.36,0
Moong,Laterite soils,75.26532755569725,1,6.1,43.65731320402202,3.3010974637817863,27.68,865.19,61.07,0
Maize,Alluvial soils,84.40064941289427,0,7.0,117.3407974676231,2.5830017311527627,28.82,761.66,89.53,0
Til,Red and Yellow soils,80.31440413281457,0,5.85,77.60609722671164,0.5869799739884878,27.3,894.09,64.33,0
Niger,Black soils,41.79287336304921,0,6.93,54.696853754845804,1.7969102556076575,22.61,880.56,70.74,0
Gram,Alluvial soils,79.26862073639087,1,5.62,169.83024901214273,4.126874099803565,22.24,916.24,80.84,1
summer paddy,Alluvial soils,5.634581766188527,1,6.45,70.69578532542236,3.804381772475503,20.59,872.83,82.09,1
Til,Laterite soils,72.63236990744744,0,5.99,91.21425103639508,0.6719788045907025,29.28,944.65,66.03,0
Maize,Black soils,25.60173042272508,1,6.75,165.05125349950538,2.360850866018045,29.64,819.58,67.78,1
Kulthi,Red and Yellow soils,4.874093193902079,0,6.04,58.01984131719706,1.2796791167350348,20.42,861.18,88.37,0
Soybean,Red and Yellow soils,8.583758015057295,1,6.73,20.154563205107696,4.90903272481961,20.47,878.83,87.79,0
Gram,Black soils,48.6773164556799,1,5.88,69.28313557959125,2.0201114088284804,23.52,929.1,77.09,1
Tiwra,Laterite soils,99.79302285723834,1,6.29,28.356863022535748,2.7788430905388597,26.62,898.39,85.72,0
Rice,Red and Yellow soils,94.9606118039142,0,5.53,54.1128672085785,1.619877527026648,22.38,967.12,60.0,0
Millets,Black soils,51.93747983054598,1,6.28,147.6076818611602,3.4815759318038104,23.49,819.65,88.46,1
Groundnut,Alluvial soils,7.595586649378683,1,6.74,32.52112578042177,2.090866635406147,22.66,904.03,60.0,0
Pea,Laterite soils,23.44233244018282,0,6.15,87.75414749046334,4.298467138068505,23.54,895.85,87.16,0
Rice,Black soils,68.42984036578169,0,6.69,121.15296547268264,2.6923847070482827,29.07,853.08,89.08,0
Mustard,Laterite soils,61.737953589033744,0,5.91,65.69585886371809,1.5602596870875736,24.81,840.41,80.34,0
Soybean,Alluvial soils,45.929950244441066,1,6.43,146.06295145488895,4.868631700892124,27.57,877.39,77.46,0
Arhar,Alluvial soils,16.947340444794044,0,6.93,115.46353355361116,3.294811394244745,24.95,910.65,69.19,0
Rice,Laterite soils,83.8775957011866,1,5.7,34.37576356945297,2.294909994831729,28.88,953.42,70.61,0
Groundnut,Alluvial soils,36.793994091155895,0,6.28,191.11670343048607,4.024925591961438,26.93,865.45,83.21,0
Soybean,Black soils,43.93909969768636,1,6.87,187.44094250103575,3.156684445310398,27.93,781.87,86.45,1
Wheat,Alluvial soils,86.54297981140141,0,7.0,108.46872549256152,3.65827855817515,20.21,832.81,61.85,0
Jwar,Laterite soils,52.03647167552329,1,6.5,64.66675150721977,1.1856502725788038,27.55,887.19,68.16,1
Arhar,Laterite soils,74.64442798330771,1,5.97,155.32653226232352,1.9369977433354968,27.21,948.9,89.65,1
Masoor,Black soils,56.607644110296,0,6.41,14.313069493331705,2.07281804952572,26.27,799.59,71.62,0
summer paddy,Laterite soils,57.82058689786627,0,5.99,53.81319082011551,2.8357837897845606,21.24,853.61,75.71,0
Soybean,Black soils,98.59433372410363,0,5.92,78.26901572028348,4.212803098596902,23.25,939.29,70.4,0
Maize,Black soils,25.60173042272508,1,6.96,165.05125349950538,2.360850866018045,28.61,891.92,67.39,1
Pea,Alluvial soils,30.453837006264006,0,5.5,185.93651068955492,1.0198778892903464,30.0,832.02,74.33,0
Til,Black soils,46.52242066000872,0,5.9,142.37837594275828,2.13191427436652,24.84,854.22,64.89,0
Til,Black soils,85.01927690614711,0,6.39,142.2143460301832,3.3364185717505808,21.6,909.92,78.94,0
Tiwra,Alluvial soils,42.73461385557504,1,6.55,46.60885970748865,2.3240919163041704,27.92,902.61,76.96,0
Wheat,Red and Yellow soils,45.9958564972776,0,6.34,199.4706146791189,3.097939236387041,28.64,839.66,60.0,0
Tiwra,Black soils,94.76385180041332,0,6.52,110.7678118617717,0.8166051320582242,28.48,886.24,89.34,0
Tiwra,Black soils,14.00913180874091,1,5.84,192.864017307691,3.587869631963185,24.9,966.94,75.77,1
Til,Alluvial soils,20.130363157001845,1,6.16,96.39301275682372,3.99987462399122,24.43,893.98,67.59,1
Kulthi,Black soils,18.967225361011167,0,6.81,10.664611709977248,0.7513002185498734,21.71,850.69,65.26,0
Niger,Laterite soils,4.079749834554197,0,5.5,99.53335179078957,3.6129767886177073,24.66,940.73,65.63,0
Jwar,Alluvial soils,50.27501027132872,0,6.3,103.71091740391591,4.248261783890516,21.97,969.16,60.0,0
Tiwra,Laterite soils,88.94512805109724,0,5.5,56.3932872429863,2.278022077517278,22.08,931.93,84.35,0
Niger,Laterite soils,4.079749834554197,0,5.71,99.53335179078957,3.6129767886177073,26.22,840.64,68.12,0
Maize,Red and Yellow soils,69.73343459088427,0,5.7,159.39192951392974,3.210066085264966,25.42,824.61,71.77,0
Kulthi,Black soils,67.84108048066902,1,6.78,44.23042527392003,2.349613359680567,24.17,896.53,78.8,0
Tiwra,Laterite soils,87.1125768798161,0,5.74,155.6761395244254,3.972236580663137,30.0,957.21,66.75,0
Gram,Black soils,7.538508193294686,1,6.95,22.895319575658647,0.7515476161379425,22.31,757.73,85.86,0
Maize,Red and Yellow soils,92.61970763557478,1,6.94,58.18133438986627,3.1266305880832834,27.52,874.76,68.0,0
Groundnut,Alluvial soils,51.66383286816028,0,6.36,98.78595372126168,1.518977035891242,22.8,953.97,66.03,0
Gram,Red and Yellow soils,63.32634654351951,1,5.8,83.0836277339837,1.436439024649144,28.69,922.6,84.44,1
Wheat,Alluvial soils,91.05415430835896,0,7.0,160.42512776637145,0.6999369117890404,21.72,765.33,85.95,0
Groundnut,Alluvial soils,76.89512894880215,0,6.82,111.20094863538525,4.241037869145725,20.71,778.81,74.94,0
Millets,Black soils,6.907493912567169,0,6.92,84.40519823967013,2.862263975769026,26.99,842.75,82.74,0
Wheat,Alluvial soils,86.54297981140141,0,6.92,108.46872549256152,3.65827855817515,22.18,896.29,62.39,0
Jwar,Laterite soils,51.52716525625736,0,5.5,117.26931971045472,4.763386070226863,26.1,916.87,61.41,0
Arhar,Alluvial soils,16.947340444794044,0,6.82,115.46353355361116,3.294811394244745,24.37,896.43,73.62,0
Wheat,Alluvial soils,91.05415430835896,0,7.0,160.42512776637145,0.6999369117890404,21.44,791.74,88.88,0
Tiwra,Alluvial soils,42.73461385557504,1,6.83,46.60885970748865,2.3240919163041704,26.8,868.79,70.79,0
Niger,Black soils,41.408301825253936,1,6.52,31.68152038748095,2.551580468611744,24.48,878.39,68.81,0
Tiwra,Laterite soils,99.79302285723834,1,6.13,28.356863022535748,2.7788430905388597,25.12,931.53,89.21,0
Maize,Red and Yellow soils,73.05988458504615,0,6.79,100.07917652497429,3.303778717019921,20.64,824.47,70.32,0
Millets,Laterite soils,19.45015786212121,1,6.67,27.201414090139878,0.6815101265907944,22.43,824.64,82.68,0
Mustard,Laterite soils,50.57716960311954,0,6.17,79.28921525200687,1.641631398260391,25.36,928.66,86.5,0
Soybean,Red and Yellow soils,79.46057483174057,0,6.61,150.462155599481,3.444350816677973,22.57,816.05,86.02,0
Kulthi,Laterite soils,31.16493766854265,0,6.48,37.76578110224007,3.3810076514253757,20.5,922.68,66.6,0
Wheat,Alluvial soils,19.530682289860536,0,6.04,40.60874305282016,2.7283560112256846,27.06,931.18,84.55,0
Soybean,Black soils,99.34559799516776,0,7.0,135.6931179241448,1.381824872493303,22.64,880.22,77.46,0
Til,Red and Yellow soils,63.93819639548853,1,5.88,86.5501462725284,0.8314949690878561,27.28,850.75,70.05,1
summer paddy,Alluvial soils,49.74984625046088,1,6.72,177.06316827987376,3.0524203994909347,21.69,908.17,79.1,1
Jwar,Red and Yellow soils,28.76255629578411,1,6.03,177.41725250309972,0.8627567390016935,26.37,882.95,70.0,1
Kulthi,Red and Yellow soils,71.95464735059075,0,6.5,143.26123077544585,2.2065192855643185,24.83,897.38,79.17,0
Rice,Alluvial soils,55.7182474465031,0,6.48,34.65834578689061,2.032096363927362,29.25,943.0,63.45,0
Til,Alluvial soils,95.1984444835079,0,6.26,142.64313814170387,3.0749607676792494,27.27,796.89,90.0,0
Soybean,Black soils,39.78177453222698,0,5.5,94.97051601405003,2.865401887107058,25.45,887.12,67.43,0
Kulthi,Black soils,23.189085786347796,0,6.03,189.8627111419892,2.7848888056767773,29.06,822.95,84.76,0
Arhar,Black soils,7.8885965708143235,0,6.93,22.190126691675964,1.5355669671957597,23.13,907.39,87.24,0
Moong,Alluvial soils,26.489067920660645,1,5.85,57.774369919506846,4.0238207365493945,24.1,919.27,81.63,1
Masoor,Red and Yellow soils,63.29267823677274,1,5.5,149.29521124251127,1.6236523171898996,22.37,879.01,60.0,1
Moong,Red and Yellow soils,6.70159104623501,0,6.42,154.37849353994258,1.4738508434764648,21.46,840.84,62.15,0
Jwar,Alluvial soils,25.85682337890519,1,5.5,102.61050271033608,4.377680196883321,25.57,828.48,85.88,0
Rice,Laterite soils,6.748270550218036,0,5.94,153.16939920228737,1.174174578363922,24.1,910.83,60.0,0
Kulthi,Alluvial soils,54.81048353532652,1,5.89,24.193410570245213,4.594332152474536,24.45,834.17,63.5,0
Masoor,Black soils,35.88229477097293,0,6.72,78.05785247904603,3.7076108701053294,25.94,925.29,65.88,0
Rice,Laterite soils,6.748270550218036,0,6.17,153.16939920228737,1.174174578363922,24.31,946.69,61.6,0
Niger,Black soils,37.31419938079141,1,6.91,132.93729695324475,2.649581196463151,24.39,828.97,84.37,1
Niger,Laterite soils,58.342897767539576,0,6.03,30.396351069572987,0.6188329381507388,26.15,950.84,85.01,0
Millets,Black soils,46.115623150526005,1,6.64,177.58949627751142,1.0156582803711816,28.05,834.11,67.2,1
Arhar,Alluvial soils,91.85485510003234,0,5.98,76.53287840752338,1.2994679672213083,30.0,871.22,81.64,0
Wheat,Red and Yellow soils,44.32758410771781,0,6.68,147.39729054115696,3.125924867676585,24.04,838.93,64.58,0
Wheat,Alluvial soils,86.71163811325147,1,5.85,54.94653337104506,3.359167289944513,28.85,898.4,77.38,1
Tiwra,Alluvial soils,57.12809708824221,1,6.44,197.0604365484146,3.9823961897083984,23.62,908.66,70.91,1
Soybean,Laterite soils,13.10812731307866,1,5.52,178.12965587280345,2.260207718353315,29.17,897.43,76.73,1
Rice,Alluvial soils,45.02207961303291,1,5.94,183.9060120825367,2.2666440011155182,27.29,861.1,89.63,1
Soybean,Alluvial soils,73.18122507589274,0,5.88,84.15235572039454,4.546057014434088,23.46,938.15,87.68,0
Masoor,Red and Yellow soils,90.46926764515013,1,6.15,39.5265414675269,4.552431153446992,25.35,852.77,77.83,0
Rice,Alluvial soils,54.82894674818631,0,6.09,199.60504257664195,1.60459882847338,21.51,952.41,68.16,0
Wheat,Red and Yellow soils,50.91070048310331,0,5.97,70.3847309463337,4.94260898334276,24.8,806.3,85.62,0
Gram,Black soils,7.538508193294686,1,6.7,22.895319575658647,0.7515476161379425,24.42,831.43,90.0,0
Tiwra,Red and Yellow soils,45.40305501460495,1,5.61,63.94801167122259,4.253171358306454,27.02,916.74,79.58,1
Mustard,Alluvial soils,91.82905732992558,1,6.45,53.74481212887618,1.5966321610404377,24.41,889.95,72.27,1
Arhar,Laterite soils,96.60763642238672,0,6.64,133.99567920563555,1.2167870909791818,20.36,830.71,82.5,0
Til,Black soils,46.52242066000872,0,5.82,142.37837594275828,2.13191427436652,26.51,875.3,60.63,0
Maize,Black soils,38.61061367320439,0,6.4,170.31722106664762,0.5080767595702489,22.16,900.17,70.55,0
Arhar,Alluvial soils,91.85485510003234,0,6.02,76.53287840752338,1.2994679672213083,28.72,902.3,82.48,0
Jwar,Alluvial soils,93.969049183815,1,6.53,83.89046853013258,1.8300016425041368,26.95,930.46,87.67,1
Maize,Red and Yellow soils,75.04133314858224,0,5.5,126.6451520573656,2.7235491072147164,24.37,998.91,60.0,0
Jwar,Black soils,87.71268641532818,0,6.08,15.698221174437968,2.9018118843038945,22.7,822.96,90.0,0
Pea,Black soils,94.11254095151456,0,6.75,74.32011188400841,3.278071802192412,24.92,770.47,85.06,0
Millets,Alluvial soils,23.54097596703025,1,6.7,57.43568008837477,1.5978107189656572,25.31,799.54,88.35,1
Tiwra,Alluvial soils,42.73461385557504,1,6.68,46.60885970748865,2.3240919163041704,28.04,855.81,72.94,0
Pea,Red and Yellow soils,77.1904149781785,1,5.97,159.6942075375746,3.61915464017993,26.78,968.56,63.42,1
Gram,Red and Yellow soils,82.24193371365227,1,6.02,186.49446950562293,3.4182091680119338,20.04,974.75,63.8,1
Jwar,Alluvial soils,50.27501027132872,0,6.37,103.71091740391591,4.248261783890516,23.33,823.41,60.64,0
Maize,Alluvial soils,34.904783067347054,0,6.8,17.703829613210928,0.5905315307981513,27.73,764.23,90.0,0
Maize,Red and Yellow soils,75.04133314858224,0,5.79,126.6451520573656,2.7235491072147164,26.25,965.47,63.47,0
Kulthi,Red and Yellow soils,77.23112760032592,0,6.74,189.48722932169497,0.7063293420201492,22.91,893.9,81.25,0
Jwar,Alluvial soils,75.59152131396844,1,6.79,79.91476651727123,4.875495742078561,21.46,801.78,72.03,1
Arhar,Red and Yellow soils,89.63418660147754,0,5.7,197.40269607320457,2.917209527133356,23.31,885.14,80.25,0
Tiwra,Laterite soils,46.4327359055748,0,6.53,65.38166189792891,1.8247075099447776,26.05,800.12,81.03,0
Moong,Laterite soils,47.72185492708941,0,6.79,108.96450143039937,2.7671496106270737,30.0,817.37,87.66,0
Rice,Alluvial soils,45.02207961303291,1,5.7,183.9060120825367,2.2666440011155182,28.46,914.86,90.0,1
Masoor,Red and Yellow soils,42.05432526241285,0,7.0,90.60728467834542,3.089700259916918,24.95,889.71,63.83,0
Jwar,Red and Yellow soils,14.921019331346107,0,6.12,199.58265014089395,3.3401633423800927,21.61,932.26,84.91,0
Mustard,Alluvial soils,12.351657408054075,1,6.23,74.45869273649792,2.028361205368407,20.0,843.77,74.47,1
Mustard,Laterite soils,50.57716960311954,0,5.89,79.28921525200687,1.641631398260391,24.85,939.8,84.53,0
Gram,Alluvial soils,40.02287500376711,1,6.87,152.92792867079348,3.896782705565548,26.17,847.66,60.7,1
Millets,Red and Yellow soils,60.97944387000568,0,6.21,183.50464510721,2.1363469721664288,27.87,944.42,69.53,0
Wheat,Alluvial soils,54.78604267673645,0,6.57,83.84981090417665,4.083958299034335,20.25,824.93,86.11,0
Millets,Black soils,3.6021924614231,0,6.05,20.467091914049288,0.5161914575404415,26.09,805.61,77.81,0
Wheat,Alluvial soils,67.4018482677936,0,5.92,27.39069849597884,4.906744463762068,20.47,920.87,63.36,0
Pea,Red and Yellow soils,77.1904149781785,1,6.06,159.6942075375746,3.61915464017993,24.26,914.71,61.02,1
Mustard,Laterite soils,74.33462632790453,0,6.9,23.998040737995492,3.3383635311434943,28.11,834.6,74.7,0
Tiwra,Laterite soils,87.1125768798161,0,5.56,155.6761395244254,3.972236580663137,30.0,913.91,64.58,0
Gram,Red and Yellow soils,82.24193371365227,1,6.47,186.49446950562293,3.4182091680119338,20.0,944.02,60.0,1
Groundnut,Alluvial soils,36.793994091155895,0,6.32,191.11670343048607,4.024925591961438,24.73,789.26,87.49,0
Gram,Alluvial soils,44.36061613463463,1,5.5,51.92836348552057,1.185780320544819,22.5,923.59,69.86,1
Moong,Alluvial soils,72.89801626222972,0,6.13,147.08444454896002,1.630372576341142,30.0,937.31,64.91,0
Jwar,Black soils,65.54709453271963,1,5.78,14.774203291276631,4.843878235764788,26.92,838.47,79.95,0
Til,Red and Yellow soils,83.59129485493202,0,6.29,36.09993908037054,0.925693566787786,23.32,869.36,68.92,0
Maize,Red and Yellow soils,83.97676737225935,0,5.63,174.8228236194111,1.95984723189331,22.55,888.18,80.83,0
Mustard,Alluvial soils,5.985936900346184,1,5.77,55.23498004685733,0.9143669321101572,25.0,917.24,64.7,1
Jwar,Laterite soils,83.11521733640478,1,5.7,135.05875811788147,2.826652317689744,25.79,913.81,64.97,1
Rice,Black soils,5.27909199036012,1,6.75,172.95426825777906,0.8633173028000611,20.83,914.5,61.78,1
Wheat,Red and Yellow soils,19.63023274762661,0,6.15,132.24686057442185,4.182026033346189,28.56,906.81,65.36,0
Til,Red and Yellow soils,80.31440413281457,0,6.02,77.60609722671164,0.5869799739884878,27.0,948.38,63.51,0
Til,Alluvial soils,95.1984444835079,0,6.03,142.64313814170387,3.0749607676792494,26.46,910.55,85.13,0
Tiwra,Laterite soils,88.94512805109724,0,5.58,56.3932872429863,2.278022077517278,21.96,958.34,81.1,0
Mustard,Laterite soils,3.375598634207229,0,6.84,155.35234889949072,4.286214413194463,24.73,815.31,68.58,0
Masoor,Red and Yellow soils,63.29267823677274,1,5.89,149.29521124251127,1.6236523171898996,21.69,983.73,60.62,1
Kulthi,Black soils,39.49071677717886,0,6.25,60.39751234176016,3.8970756841866954,28.62,805.62,69.49,0
summer paddy,Red and Yellow soils,1.3568197489404303,1,5.88,169.14624833347128,4.405057679473639,30.0,933.45,80.42,0
Masoor,Alluvial soils,45.92043415033586,0,7.0,175.13241790304798,3.316894792035183,27.81,836.66,82.92,0
Soybean,Laterite soils,13.10812731307866,1,5.5,178.12965587280345,2.260207718353315,29.84,968.74,75.93,1
Moong,Red and Yellow soils,40.84306264961799,1,6.71,123.39168044535634,4.282926461335064,23.09,910.73,67.92,1
Jwar,Laterite soils,83.11521733640478,1,6.08,135.05875811788147,2.826652317689744,25.74,924.88,63.51,1
Kulthi,Black soils,18.967225361011167,0,7.0,10.664611709977248,0.7513002185498734,22.02,856.99,60.0,0
Kulthi,Alluvial soils,17.77720417995551,1,6.94,186.6233951811228,2.9967585527538096,20.29,914.47,61.38,1
Urd,Laterite soils,56.01656404336428,1,5.52,169.6786697669429,1.2509461554512062,29.01,838.13,74.8,1
Urd,Black soils,54.97589680292262,1,6.16,182.3901767961132,0.6312941161897548,24.61,853.49,84.2,0
Pea,Laterite soils,23.44233244018282,0,5.93,87.75414749046334,4.298467138068505,24.0,930.26,90.0,0
Masoor,Alluvial soils,88.17766186897569,0,5.5,13.862974164951854,3.4365674693025685,27.03,912.77,78.57,0
Kulthi,Alluvial soils,95.13326238868204,1,6.5,125.509145492839,4.864218401260991,23.6,846.9,63.08,1
Wheat,Laterite soils,7.276797004040833,0,5.82,117.16853925930828,3.99316410162361,24.17,946.4,84.39,0
Kulthi,Black soils,93.64418332139984,1,5.55,135.85787194702743,2.7374408939283854,28.35,880.98,87.61,1
Pea,Alluvial soils,17.17303816819014,0,5.7,163.3134475429299,2.644391106796571,27.71,936.24,66.56,0
Mustard,Alluvial soils,29.138359213116704,0,6.14,163.4305505984715,3.5913293882148416,26.24,881.18,61.74,0
Wheat,Red and Yellow soils,58.75812809075228,0,6.02,61.15233492569079,2.7512492589727047,21.1,867.8,66.55,0
Groundnut,Alluvial soils,36.793994091155895,0,6.18,191.11670343048607,4.024925591961438,24.57,869.97,86.12,0
Pea,Laterite soils,33.75432868239185,1,5.93,80.1683655296807,2.515180774620488,20.91,930.01,64.79,1
Jwar,Alluvial soils,3.1422931695712104,0,5.5,124.9568629244877,1.2982647039962512,27.66,976.96,78.34,0
Millets,Alluvial soils,43.70916466330876,1,6.0,39.41587779577248,2.043259526678144,27.01,808.36,89.13,0
Pea,Red and Yellow soils,57.89621108388996,1,6.0,140.3534641806105,3.0806227397827857,28.25,825.15,83.43,1
Pea,Black soils,94.11254095151456,0,7.0,74.32011188400841,3.278071802192412,24.29,816.62,86.99,0
Groundnut,Laterite soils,47.3154015978025,0,6.07,163.00709664528063,2.6080442594736524,22.46,863.72,60.0,0
Pea,Black soils,35.50207418332751,0,6.23,155.1924950643728,4.558757044762429,27.86,900.74,73.74,0
Pea,Red and Yellow soils,14.258821823399837,1,6.4,181.6323051076012,4.302368943900499,26.48,941.05,63.88,1
Maize,Laterite soils,32.09495506812422,0,6.79,71.06637841499042,4.98667080551723,22.11,881.65,72.83,0
Niger,Red and Yellow soils,54.18360976009397,1,6.78,118.99187835760888,4.683784908669928,23.04,855.63,79.03,1
Jwar,Red and Yellow soils,69.32300344575232,0,6.93,63.73200903681688,0.6010337902162692,27.83,831.13,84.36,0
Millets,Black soils,85.5878730724342,1,6.33,61.37039983559247,3.7262686183632985,27.33,829.76,76.43,0
Til,Black soils,72.8747310808644,1,6.87,23.94593504567197,0.5056538319244093,20.42,912.34,86.97,0
Kulthi,Black soils,18.967225361011167,0,6.86,10.664611709977248,0.7513002185498734,20.44,833.96,66.23,0
Gram,Red and Yellow soils,34.74768672244927,1,6.39,33.58119022402276,1.9181663035284728,28.52,834.55,64.7,0
Maize,Alluvial soils,14.964041185953416,1,6.86,139.1026557896301,1.843602189402552,28.53,857.59,68.48,1
Kulthi,Red and Yellow soils,71.95464735059075,0,6.9,143.26123077544585,2.2065192855643185,26.29,863.59,75.6,0
summer paddy,Laterite soils,90.855464380136,0,5.81,88.93461010502237,2.2896711723008787,24.03,838.12,79.17,0
Kulthi,Laterite soils,67.55487925578505,0,6.83,79.33838476518439,4.877362795825739,27.69,780.12,88.06,0
Kulthi,Alluvial soils,67.60628023713699,0,5.55,34.05724834084618,3.7087473186135087,27.96,987.41,60.0,0
Arhar,Alluvial soils,93.266516769375,0,5.94,151.91084094712255,4.153019042714469,26.55,852.43,78.78,0
Masoor,Red and Yellow soils,34.865602801136006,1,5.9,74.53290343716962,0.976484678989204,21.3,850.63,64.27,1
Mustard,Laterite soils,53.54515854139666,1,6.49,108.2514903397496,3.718948332542829,26.66,949.51,71.52,1
Maize,Black soils,37.59082546376269,1,6.06,177.66269564708426,3.0725046924698143,22.88,959.97,76.52,0
Moong,Black soils,66.35159251639024,0,5.75,154.92011886243904,4.532794847215374,25.29,980.83,64.0,0
Urd,Black soils,54.97589680292262,1,6.18,182.3901767961132,0.6312941161897548,23.17,900.51,85.34,0
Pea,Laterite soils,23.804071407579336,1,6.2,131.24557260272172,3.669244395754899,27.95,805.29,81.43,1
Maize,Red and Yellow soils,92.61970763557478,1,6.6,58.18133438986627,3.1266305880832834,29.68,860.89,61.51,0
Niger,Alluvial soils,30.9149550672235,0,6.63,25.390180382606133,4.890082443067278,22.19,822.03,78.57,0
Masoor,Alluvial soils,71.71208281936302,0,6.69,31.377403355249527,1.0655330314056928,28.01,925.52,64.15,0
Urd,Black soils,11.274410889490516,0,6.91,112.43829037819636,4.276394728505107,28.24,832.03,82.34,0
Maize,Red and Yellow soils,83.97676737225935,0,5.5,174.8228236194111,1.95984723189331,22.68,887.75,86.14,0
Kulthi,Alluvial soils,95.13326238868204,1,6.84,125.509145492839,4.864218401260991,24.72,828.39,62.85,1
Maize,Laterite soils,59.61861413363324,1,5.5,135.50678958732516,2.9379073788004195,23.61,866.41,83.55,1
Arhar,Red and Yellow soils,86.86720496550913,0,6.21,40.99567176940299,0.9693659789832094,22.24,829.83,82.39,0
Soybean,Alluvial soils,73.18122507589274,0,5.95,84.15235572039454,4.546057014434088,23.35,907.87,84.91,0
Kulthi,Black soils,93.64418332139984,1,5.7,135.85787194702743,2.7374408939283854,28.7,831.48,90.0,1
summer paddy,Black soils,8.760454270055591,0,5.65,159.97290035688565,2.4566092291501533,26.03,868.34,66.62,0
Kulthi,Black soils,23.189085786347796,0,6.02,189.8627111419892,2.7848888056767773,29.97,848.67,88.51,0
Moong,Red and Yellow soils,9.326065442028998,0,7.0,172.44853243892462,3.156078875040973,24.63,881.65,74.64,0
Groundnut,Black soils,13.083322941050284,0,5.69,85.59418473765709,3.41430524157662,24.34,840.8,62.96,0
Kulthi,Alluvial soils,61.837349287810135,1,7.0,27.801636027771064,2.6701487722421016,25.78,882.95,75.75,0
Gram,Alluvial soils,79.26862073639087,1,5.79,169.83024901214273,4.126874099803565,20.86,896.55,78.91,1
summer paddy,Alluvial soils,62.00398399717235,0,6.91,38.761830651487706,4.14766925501463,25.09,862.5,74.55,0
Arhar,Black soils,58.272667448535096,0,6.01,146.75311324207283,0.571651324312384,21.47,976.54,66.2,0
Gram,Black soils,43.903327920986655,1,6.96,153.1401018257682,2.190934023980345,25.9,800.36,77.15,1
Gram,Black soils,33.36100018676664,1,6.22,77.38147579324998,4.486073743546642,28.5,943.08,60.33,1
Masoor,Alluvial soils,88.17766186897569,0,5.72,13.862974164951854,3.4365674693025685,27.34,872.62,78.07,0
Groundnut,Red and Yellow soils,96.74499664722,1,5.86,178.92269764733769,2.42511046193267,29.05,954.28,81.04,1
Mustard,Black soils,83.04704930059059,1,6.98,164.2968639673771,3.2910142681176096,23.94,802.95,88.19,1
Urd,Alluvial soils,3.862270503389171,0,7.0,55.87963143873647,4.218136005495886,21.0,872.35,85.8,0
summer paddy,Laterite soils,97.19340985732984,0,6.97,109.52068301196128,2.3271442877923745,29.89,904.87,66.91,0
