Crop_Type,Soil_Type,Farm_Size_Acres,Irrigation_Available,Soil_pH,Soil_Nitrogen,Soil_Organic_Matter,Temperature,Rainfall,Humidity,Compatible
Wheat,Black soils,27.701983404171347,1,6.77,165.79370043835235,0.8135175506595091,26.86,886.47,89.35,1
Rice,Red and Yellow soils,65.11829897838918,0,6.73,175.61385743537613,1.910934434431556,26.89,934.83,63.14,0
Soybean,Laterite soils,82.5219028825696,1,6.54,120.98570933252736,1.84204637395397,24.0,783.31,90.0,1
Arhar,Red and Yellow soils,86.86720496550913,0,6.11,40.99567176940299,0.9693659789832094,23.27,879.5,82.48,0
Masoor,Red and Yellow soils,15.573043648692993,0,5.51,40.394151236744186,2.3537196802479925,26.19,929.43,71.45,0
Pea,Red and Yellow soils,32.745807896062146,1,5.76,26.481396356110054,4.152733501535543,25.0,903.15,85.09,0
Kulthi,Black soils,19.94313150748539,1,6.84,97.58946583215312,2.988773303025213,21.12,844.97,86.87,1
Til,Alluvial soils,95.1984444835079,0,6.33,142.64313814170387,3.0749607676792494,26.69,915.71,88.19,0
Soybean,Laterite soils,50.60103662954688,0,5.99,171.12574873717588,2.589034966808882,20.0,816.45,71.59,0
Pea,Alluvial soils,30.453837006264006,0,5.5,185.93651068955492,1.0198778892903464,28.66,881.77,73.09,0
Gram,Alluvial soils,16.672643607007103,0,6.31,103.22443146605498,0.846637066382314,20.0,937.81,61.2,0
Jwar,Laterite soils,85.67941919967865,1,5.92,155.92944761114924,4.804050202111057,29.38,837.72,67.41,1
Masoor,Red and Yellow soils,15.573043648692993,0,5.5,40.394151236744186,2.3537196802479925,25.52,917.84,72.42,0
Urd,Laterite soils,4.197889378619497,0,6.57,90.0138398925223,4.669929373092929,28.57,893.85,76.63,0
Jwar,Laterite soils,20.52338382586908,0,7.0,39.04821267421946,2.0258284690301904,23.1,795.75,74.72,0
Jwar,Laterite soils,85.67941919967865,1,5.63,155.92944761114924,4.804050202111057,29.41,855.45,66.69,1
Jwar,Black soils,43.34241591110462,0,5.9,55.8071284120974,4.114829632169133,20.14,936.36,86.27,0
Maize,Black soils,38.61061367320439,0,6.22,170.31722106664762,0.5080767595702489,24.54,814.41,64.18,0
Mustard,Alluvial soils,12.351657408054075,1,6.12,74.45869273649792,2.028361205368407,20.0,853.08,75.27,1
Millets,Red and Yellow soils,60.97944387000568,0,6.4,183.50464510721,2.1363469721664288,29.21,817.21,63.56,0
Jwar,Laterite soils,51.52716525625736,0,5.5,117.26931971045472,4.763386070226863,25.04,963.38,62.63,0
Maize,Alluvial soils,84.40064941289427,0,6.92,117.3407974676231,2.5830017311527627,29.58,794.14,87.76,0
Niger,Red and Yellow soils,16.887171155387144,1,5.75,22.167450486029797,2.846606265660132,25.74,920.88,71.52,0
Urd,Black soils,54.97589680292262,1,5.85,182.3901767961132,0.6312941161897548,23.04,806.2,84.35,0
Jwar,Alluvial soils,87.5833721223469,0,6.42,73.36725049269779,3.5742192788952645,28.92,871.3,63.98,0
Millets,Laterite soils,48.74312011750155,0,5.91,120.33880048951929,2.4768589850115967,20.0,896.7,76.78,0
Millets,Laterite soils,57.962788657384245,1,6.01,176.98515468543576,1.3308049793192296,30.0,928.52,79.23,1
Maize,Red and Yellow soils,92.61970763557478,1,6.61,58.18133438986627,3.1266305880832834,28.92,811.45,61.89,0
Gram,Alluvial soils,92.8493387422751,1,6.48,64.25799140275164,4.914860850641632,29.18,876.82,76.48,1
Moong,Alluvial soils,26.489067920660645,1,5.99,57.774369919506846,4.0238207365493945,23.74,921.57,86.32,1
Jwar,Black soils,43.34241591110462,0,6.28,55.8071284120974,4.114829632169133,20.02,881.16,82.26,0
Til,Laterite soils,60.02344822552675,0,6.66,196.68461063428768,1.6314438342398223,30.0,905.16,68.02,0
Pea,Alluvial soils,16.94988061339748,1,6.89,184.5564527018232,4.554417666294789,23.24,800.4,66.62,1
Jwar,Alluvial soils,50.27501027132872,0,6.66,103.71091740391591,4.248261783890516,23.38,941.77,64.76,0
Urd,Black soils,30.25969736488654,0,5.66,28.04568065397041,1.8011830369833524,28.99,909.46,87.62,0
Masoor,Red and Yellow soils,63.29267823677274,1,5.71,149.29521124251127,1.6236523171898996,21.89,871.99,60.47,1
Tiwra,Alluvial soils,42.73461385557504,1,6.78,46.60885970748865,2.3240919163041704,29.39,805.9,73.09,0
Pea,Red and Yellow soils,43.446323388532846,0,6.77,141.32630646402174,3.2583353976805944,28.26,794.79,67.58,0
Wheat,Laterite soils,7.276797004040833,0,5.87,117.16853925930828,3.99316410162361,26.21,811.8,83.29,0
Rice,Laterite soils,83.8775957011866,1,5.57,34.37576356945297,2.294909994831729,28.2,873.16,73.03,0
Rice,Alluvial soils,36.01014845087093,0,5.99,95.5705372998716,0.9837850209673618,23.04,904.31,78.66,0
Urd,Laterite soils,59.08990961897472,0,6.19,192.0845844938899,2.9650442270922275,23.95,962.94,60.59,0
Jwar,Alluvial soils,50.27501027132872,0,6.47,103.71091740391591,4.248261783890516,23.81,848.17,60.0,0
Kulthi,Red and Yellow soils,71.95464735059075,0,6.96,143.26123077544585,2.2065192855643185,25.3,810.06,78.93,0
Kulthi,Black soils,93.64418332139984,1,5.72,135.85787194702743,2.7374408939283854,28.61,812.45,86.66,1
Masoor,Red and Yellow soils,63.29267823677274,1,5.72,149.29521124251127,1.6236523171898996,20.49,872.3,62.98,1
Arhar,Alluvial soils,16.947340444794044,0,6.65,115.46353355361116,3.294811394244745,23.25,803.37,69.3,0
Pea,Laterite soils,23.804071407579336,1,6.51,131.24557260272172,3.669244395754899,28.97,848.07,81.7,1
Millets,Alluvial soils,43.70916466330876,1,5.58,39.41587779577248,2.043259526678144,26.03,929.05,89.04,0
Jwar,Alluvial soils,87.5833721223469,0,6.42,73.36725049269779,3.5742192788952645,28.24,819.96,62.1,0
Mustard,Alluvial soils,5.985936900346184,1,5.87,55.23498004685733,0.9143669321101572,23.94,883.34,69.23,1
Tiwra,Laterite soils,41.61828535466275,1,6.42,25.379723997991185,4.950763297623329,25.37,929.87,62.66,0
Jwar,Alluvial soils,3.1422931695712104,0,5.53,124.9568629244877,1.2982647039962512,26.46,967.17,79.83,0
Rice,Laterite soils,36.067847125393314,1,6.05,45.080516013725855,3.846756333323527,20.48,863.93,64.0,0
Millets,Black soils,3.6021924614231,0,6.27,20.467091914049288,0.5161914575404415,28.01,818.85,80.78,0
Arhar,Black soils,58.272667448535096,0,5.98,146.75311324207283,0.571651324312384,20.0,873.46,64.52,0
Wheat,Laterite soils,92.6074773325522,1,5.99,171.06465646258272,1.1677687279613973,24.82,833.73,81.17,1
Gram,Alluvial soils,92.8493387422751,1,6.84,64.25799140275164,4.914860850641632,27.81,812.55,74.15,1
Millets,Laterite soils,48.74312011750155,0,5.99,120.33880048951929,2.4768589850115967,20.0,935.53,75.22,0
Tiwra,Black soils,14.00913180874091,1,5.5,192.864017307691,3.587869631963185,26.17,940.97,71.96,1
summer paddy,Alluvial soils,62.00398399717235,0,6.85,38.761830651487706,4.14766925501463,22.34,842.69,73.29,0
Til,Red and Yellow soils,83.59129485493202,0,6.3,36.09993908037054,0.925693566787786,23.53,950.49,62.41,0
Jwar,Black soils,43.34241591110462,0,6.05,55.8071284120974,4.114829632169133,20.81,806.9,81.22,0
Niger,Black soils,2.645006445988896,0,5.91,149.7523142684901,3.7486793601665775,25.18,947.92,69.75,0
Til,Black soils,85.01927690614711,0,6.69,142.2143460301832,3.3364185717505808,20.94,787.41,77.28,0
Wheat,Red and Yellow soils,50.91070048310331,0,5.86,70.3847309463337,4.94260898334276,26.87,863.23,78.65,0
Maize,Black soils,65.32355202698167,0,5.58,153.432927891906,1.8221311119500412,20.52,923.41,74.01,0
Niger,Alluvial soils,30.9149550672235,0,6.96,25.390180382606133,4.890082443067278,21.91,863.55,83.73,0
Kulthi,Laterite soils,6.566266666595126,1,6.51,182.44291675508293,2.3480193489739687,24.34,953.52,66.78,1
Maize,Red and Yellow soils,92.61970763557478,1,6.68,58.18133438986627,3.1266305880832834,28.77,822.98,62.81,0
Pea,Black soils,96.80767801393904,0,6.6,195.8016411514046,1.166165615757137,24.12,804.23,82.34,0
Rice,Laterite soils,6.748270550218036,0,6.08,153.16939920228737,1.174174578363922,26.34,917.2,62.2,0
Urd,Red and Yellow soils,45.498714553357374,0,6.8,78.41811791005178,2.4597531594443405,23.08,836.47,77.67,0
Kulthi,Black soils,64.62899831981025,0,6.53,83.52491651545493,1.5690018255421825,22.12,956.24,60.0,0
Wheat,Alluvial soils,86.54297981140141,0,7.0,108.46872549256152,3.65827855817515,20.01,915.23,63.01,0
Millets,Laterite soils,57.962788657384245,1,6.17,176.98515468543576,1.3308049793192296,30.0,840.9,78.99,1
summer paddy,Alluvial soils,80.44770135267859,0,6.7,29.64755058306169,4.7260075846814615,23.39,883.18,87.9,0
Masoor,Red and Yellow soils,15.573043648692993,0,5.5,40.394151236744186,2.3537196802479925,25.65,975.86,71.04,0
Jwar,Alluvial soils,93.969049183815,1,6.75,83.89046853013258,1.8300016425041368,24.54,887.0,82.47,1
Mustard,Black soils,8.188474407011933,1,6.94,47.59586392867045,2.8105878706836,20.0,885.03,65.25,0
Millets,Black soils,3.6021924614231,0,6.18,20.467091914049288,0.5161914575404415,25.74,842.16,83.41,0
Rice,Laterite soils,83.8775957011866,1,5.52,34.37576356945297,2.294909994831729,29.19,843.22,72.68,0
Tiwra,Laterite soils,99.79302285723834,1,6.24,28.356863022535748,2.7788430905388597,24.44,816.71,90.0,0
Pea,Alluvial soils,63.2123421474168,1,6.11,30.08992185887418,2.1099619017340947,28.24,965.4,65.3,0
Moong,Laterite soils,1.3350146708237651,0,5.89,27.21836674974315,4.5485522285277975,27.36,964.11,66.28,0
Jwar,Alluvial soils,87.5833721223469,0,6.52,73.36725049269779,3.5742192788952645,30.0,868.64,61.18,0
Tiwra,Alluvial soils,42.73461385557504,1,6.44,46.60885970748865,2.3240919163041704,27.62,824.87,75.98,0
Urd,Laterite soils,66.47259153046967,1,6.61,141.76502902740526,2.4215107907859093,29.51,919.21,65.19,1
Pea,Red and Yellow soils,21.55979018755156,0,6.59,77.78609298703317,3.689048046868987,23.31,913.17,64.64,0
Arhar,Black soils,58.272667448535096,0,5.85,146.75311324207283,0.571651324312384,20.18,838.51,65.54,0
Maize,Black soils,19.463557757075588,0,6.59,125.4704718867283,2.598418486481846,22.41,855.8,79.88,0
Jwar,Black soils,85.02489644764282,0,6.04,141.69070379804322,2.338065364164532,24.49,898.24,66.53,0
Wheat,Alluvial soils,19.530682289860536,0,6.11,40.60874305282016,2.7283560112256846,25.09,866.02,83.25,0
Groundnut,Alluvial soils,76.89512894880215,0,6.87,111.20094863538525,4.241037869145725,20.34,920.95,69.97,0
summer paddy,Alluvial soils,68.88862950071787,1,6.14,73.83428244149384,0.5966557233781861,25.44,815.76,79.33,1
Jwar,Red and Yellow soils,28.76255629578411,1,5.99,177.41725250309972,0.8627567390016935,24.43,877.86,70.55,1
Gram,Red and Yellow soils,82.07588905682253,0,6.6,18.009491866681152,3.233362891898263,21.22,786.75,78.23,0
Niger,Laterite soils,58.342897767539576,0,6.11,30.396351069572987,0.6188329381507388,24.07,806.89,83.36,0
Moong,Red and Yellow soils,6.70159104623501,0,6.53,154.37849353994258,1.4738508434764648,20.0,920.55,60.35,0
Mustard,Black soils,48.223606509415184,0,5.57,42.21612474828965,3.626063543977249,26.83,936.2,76.6,0
summer paddy,Red and Yellow soils,23.656969306526207,1,6.53,160.81222387384514,2.887401159556615,28.75,899.4,60.0,1
Kulthi,Alluvial soils,92.5492169547469,1,7.0,172.39818815807868,1.6613788159021248,27.28,794.04,85.81,1
Kulthi,Alluvial soils,92.5492169547469,1,7.0,172.39818815807868,1.6613788159021248,27.71,884.8,84.55,1
Soybean,Black soils,76.5747447185727,0,6.24,55.80956789226062,1.6624085030446671,20.93,913.0,89.47,0
Millets,Laterite soils,19.45015786212121,1,6.79,27.201414090139878,0.6815101265907944,22.62,871.69,82.69,0
Millets,Red and Yellow soils,68.53613344912503,1,6.88,145.54578088551114,2.7638146457013453,21.44,862.04,64.44,1
Millets,Red and Yellow soils,70.98318926589636,1,6.94,74.80825570491946,3.7312992983988873,26.86,813.17,60.32,1
Soybean,Black soils,80.18699184832587,1,6.24,66.79895680678409,2.870925046781913,28.89,802.19,85.98,1
Millets,Alluvial soils,43.70916466330876,1,6.0,39.41587779577248,2.043259526678144,25.28,950.25,86.81,0
Moong,Laterite soils,1.3350146708237651,0,6.02,27.21836674974315,4.5485522285277975,27.39,857.0,66.28,0
Soybean,Black soils,99.34559799516776,0,6.9,135.6931179241448,1.381824872493303,21.36,918.75,72.36,0
Gram,Black soils,48.6773164556799,1,5.76,69.28313557959125,2.0201114088284804,21.73,899.61,75.73,1
Kulthi,Black soils,67.84108048066902,1,6.65,44.23042527392003,2.349613359680567,23.41,855.87,83.19,0
Gram,Red and Yellow soils,82.07588905682253,0,6.56,18.009491866681152,3.233362891898263,20.89,831.01,76.11,0
Til,Laterite soils,60.02344822552675,0,6.65,196.68461063428768,1.6314438342398223,30.0,790.78,73.77,0
Jwar,Laterite soils,20.52338382586908,0,6.71,39.04821267421946,2.0258284690301904,24.85,784.67,74.42,0
Groundnut,Red and Yellow soils,44.10436539094836,0,5.65,191.6079760172045,1.0565774612663703,22.18,976.41,68.32,0
Rice,Black soils,52.65669190477372,1,6.27,134.8384120738132,3.631008437924299,28.95,883.8,66.87,1
Rice,Red and Yellow soils,94.9606118039142,0,5.5,54.1128672085785,1.619877527026648,23.05,974.22,61.03,0
Kulthi,Laterite soils,97.05327118037404,1,6.78,33.70437264492988,4.118308574057645,24.14,779.38,78.83,0
Maize,Alluvial soils,14.964041185953416,1,6.83,139.1026557896301,1.843602189402552,28.5,933.29,71.94,1
Maize,Black soils,25.60173042272508,1,7.0,165.05125349950538,2.360850866018045,27.48,843.99,64.9,1
Kulthi,Alluvial soils,67.60628023713699,0,5.51,34.05724834084618,3.7087473186135087,30.0,851.26,61.22,0
Millets,Red and Yellow soils,70.98318926589636,1,6.63,74.80825570491946,3.7312992983988873,25.98,806.67,62.52,1
Urd,Black soils,54.97589680292262,1,5.98,182.3901767961132,0.6312941161897548,25.41,917.33,88.17,0
Soybean,Red and Yellow soils,64.9013741262986,0,5.97,175.0559582444221,3.45476106865228,22.05,846.35,74.36,0
Masoor,Red and Yellow soils,42.05432526241285,0,7.0,90.60728467834542,3.089700259916918,23.81,806.19,65.5,0
Soybean,Red and Yellow soils,64.9013741262986,0,5.69,175.0559582444221,3.45476106865228,22.06,896.65,71.28,0
Niger,Black soils,2.645006445988896,0,6.12,149.7523142684901,3.7486793601665775,24.89,852.07,75.08,0
Wheat,Red and Yellow soils,45.9958564972776,0,6.19,199.4706146791189,3.097939236387041,29.48,932.06,62.18,0
Jwar,Black soils,43.34241591110462,0,5.99,55.8071284120974,4.114829632169133,20.0,925.98,81.23,0
Millets,Alluvial soils,45.51927766356464,0,6.23,17.637805914713663,4.038528886844827,22.95,885.53,63.73,0
Masoor,Red and Yellow soils,15.573043648692993,0,5.62,40.394151236744186,2.3537196802479925,27.38,973.27,68.63,0
Niger,Black soils,37.31419938079141,1,7.0,132.93729695324475,2.649581196463151,23.97,874.52,82.43,1
Jwar,Black soils,85.02489644764282,0,5.85,141.69070379804322,2.338065364164532,27.08,877.38,65.57,0
Groundnut,Red and Yellow soils,96.74499664722,1,5.8,178.92269764733769,2.42511046193267,29.01,816.47,86.0,1
Rice,Red and Yellow soils,65.11829897838918,0,6.78,175.61385743537613,1.910934434431556,27.75,877.16,70.09,0
Niger,Alluvial soils,30.9149550672235,0,6.85,25.390180382606133,4.890082443067278,20.0,859.41,77.86,0
Millets,Laterite soils,69.8935704948745,0,6.61,32.32819760191878,3.248766454068652,25.28,876.25,86.33,0
summer paddy,Laterite soils,57.82058689786627,0,6.14,53.81319082011551,2.8357837897845606,21.22,875.46,79.0,0
Arhar,Alluvial soils,91.85485510003234,0,6.23,76.53287840752338,1.2994679672213083,29.96,932.9,83.51,0
Millets,Alluvial soils,43.70916466330876,1,5.59,39.41587779577248,2.043259526678144,27.71,922.3,90.0,0
Gram,Alluvial soils,96.98944330900548,0,6.49,18.44939670465994,1.562279272549458,23.01,830.27,71.56,0
Wheat,Red and Yellow soils,50.91070048310331,0,5.95,70.3847309463337,4.94260898334276,25.42,932.06,85.13,0
Jwar,Black soils,13.99127022595174,1,6.28,96.4732462540386,1.8688803337971989,24.16,930.7,71.51,1
Til,Alluvial soils,48.12232243119416,1,5.72,159.19400511003866,4.48088955820164,20.0,957.57,76.71,1
Groundnut,Laterite soils,47.3154015978025,0,6.05,163.00709664528063,2.6080442594736524,22.4,900.66,60.0,0
Jwar,Alluvial soils,75.59152131396844,1,6.43,79.91476651727123,4.875495742078561,20.0,893.15,73.18,1
Pea,Black soils,94.11254095151456,0,6.68,74.32011188400841,3.278071802192412,25.21,912.66,82.44,0
Tiwra,Alluvial soils,94.65421714056572,0,5.62,98.95128901135244,3.864899065380877,21.74,894.41,89.06,0
Jwar,Black soils,13.99127022595174,1,6.35,96.4732462540386,1.8688803337971989,23.58,845.93,74.78,1
Pea,Black soils,96.80767801393904,0,6.34,195.8016411514046,1.166165615757137,22.61,874.91,81.78,0
Gram,Laterite soils,25.539681660071125,1,6.79,24.59636681009846,2.769413193485069,22.09,846.09,79.22,0
Millets,Laterite soils,57.962788657384245,1,6.07,176.98515468543576,1.3308049793192296,29.64,875.07,81.36,1
Mustard,Alluvial soils,29.138359213116704,0,6.35,163.4305505984715,3.5913293882148416,26.65,885.43,65.47,0
Groundnut,Laterite soils,81.6554741475988,1,7.0,86.15027954705378,1.14379756440237,25.56,779.88,71.61,1
Rice,Black soils,68.42984036578169,0,6.61,121.15296547268264,2.6923847070482827,29.99,843.53,85.69,0
Kulthi,Black soils,39.49071677717886,0,5.96,60.39751234176016,3.8970756841866954,26.56,923.36,70.34,0
Soybean,Red and Yellow soils,64.9013741262986,0,5.86,175.0559582444221,3.45476106865228,22.64,923.41,73.65,0
Kulthi,Laterite soils,20.90726535219855,0,6.9,98.52331092318568,2.606152200854422,23.14,799.27,78.96,0
Millets,Laterite soils,19.45015786212121,1,6.59,27.201414090139878,0.6815101265907944,21.32,800.8,82.6,0
Mustard,Alluvial soils,2.3002039972834387,0,6.76,145.61959193869544,2.519545815592032,24.51,823.44,78.18,0
summer paddy,Laterite soils,57.82058689786627,0,6.14,53.81319082011551,2.8357837897845606,20.0,933.23,75.21,0
Millets,Alluvial soils,11.562316984377864,1,6.17,36.32941582572472,4.6043699786807775,24.04,863.53,63.68,0
Maize,Black soils,87.75885918969198,0,5.52,139.78469040599293,1.3665129133839682,27.1,969.92,87.06,0
Pea,Alluvial soils,17.17303816819014,0,5.5,163.3134475429299,2.644391106796571,26.88,967.65,65.52,0
Urd,Black soils,11.274410889490516,0,6.91,112.43829037819636,4.276394728505107,28.18,805.68,82.27,0
Mustard,Alluvial soils,29.138359213116704,0,6.17,163.4305505984715,3.5913293882148416,26.64,865.8,60.0,0
Jwar,Laterite soils,83.27429064883648,1,5.94,66.97405545052723,4.904528295647274,24.45,822.58,67.19,1
summer paddy,Alluvial soils,7.078898910240252,1,5.5,133.05676737201873,2.8391106476553305,23.25,868.87,88.91,0
Til,Laterite soils,72.63236990744744,0,5.96,91.21425103639508,0.6719788045907025,28.99,974.05,65.26,0
Moong,Laterite soils,75.26532755569725,1,5.67,43.65731320402202,3.3010974637817863,27.75,962.19,66.61,0
Wheat,Alluvial soils,54.78604267673645,0,6.6,83.84981090417665,4.083958299034335,22.5,834.37,87.03,0
Niger,Alluvial soils,30.9149550672235,0,7.0,25.390180382606133,4.890082443067278,21.15,886.23,79.09,0
Rice,Laterite soils,36.067847125393314,1,5.94,45.080516013725855,3.846756333323527,21.15,863.31,64.64,0
Mustard,Laterite soils,2.422650386748149,1,5.58,50.003662732995785,1.3339062519960363,28.74,891.75,62.38,1
Jwar,Alluvial soils,25.85682337890519,1,5.69,102.61050271033608,4.377680196883321,25.97,910.46,85.19,0
Jwar,Laterite soils,83.11521733640478,1,6.14,135.05875811788147,2.826652317689744,26.89,970.25,60.0,1
Niger,Black soils,41.79287336304921,0,7.0,54.696853754845804,1.7969102556076575,25.03,785.7,72.07,0
Gram,Alluvial soils,44.36061613463463,1,5.5,51.92836348552057,1.185780320544819,22.22,903.3,73.65,1
Tiwra,Black soils,94.76385180041332,0,6.43,110.7678118617717,0.8166051320582242,28.94,781.81,88.94,0
Jwar,Red and Yellow soils,14.921019331346107,0,5.85,199.58265014089395,3.3401633423800927,21.68,845.81,87.78,0
Tiwra,Laterite soils,99.79302285723834,1,6.26,28.356863022535748,2.7788430905388597,24.14,931.84,84.85,0
Maize,Black soils,38.61061367320439,0,6.28,170.31722106664762,0.5080767595702489,23.96,818.85,70.93,0
Masoor,Red and Yellow soils,42.05432526241285,0,7.0,90.60728467834542,3.089700259916918,24.07,786.03,62.58,0
Rice,Red and Yellow soils,94.9606118039142,0,5.62,54.1128672085785,1.619877527026648,22.38,874.18,61.04,0
Arhar,Red and Yellow soils,86.86720496550913,0,6.03,40.99567176940299,0.9693659789832094,24.56,883.24,82.77,0
Mustard,Black soils,8.188474407011933,1,6.82,47.59586392867045,2.8105878706836,20.82,848.12,62.5,0
Kulthi,Laterite soils,97.05327118037404,1,6.95,33.70437264492988,4.118308574057645,25.7,785.41,78.92,0
Urd,Laterite soils,56.01656404336428,1,5.82,169.6786697669429,1.2509461554512062,28.99,871.8,77.54,1
Soybean,Black soils,80.18699184832587,1,6.02,66.79895680678409,2.870925046781913,29.44,915.32,83.83,1
Rice,Red and Yellow soils,7.996150840499768,0,6.66,73.07030318124619,1.7926143362906817,27.01,796.42,77.79,0
Tiwra,Alluvial soils,42.73461385557504,1,6.6,46.60885970748865,2.3240919163041704,27.91,820.41,72.79,0
Urd,Alluvial soils,18.245949358971803,1,6.21,144.86143436361849,4.22251584341133,28.1,896.66,71.42,1
Til,Alluvial soils,74.9101007065359,0,6.39,139.00895124661432,4.160729142666699,25.65,828.24,86.44,0
Moong,Red and Yellow soils,40.84306264961799,1,6.45,123.39168044535634,4.282926461335064,22.95,916.97,64.85,1
Jwar,Alluvial soils,50.27501027132872,0,6.32,103.71091740391591,4.248261783890516,21.41,932.63,63.37,0
Kulthi,Red and Yellow soils,4.874093193902079,0,5.96,58.01984131719706,1.2796791167350348,21.06,894.38,83.09,0
Maize,Red and Yellow soils,92.61970763557478,1,6.75,58.18133438986627,3.1266305880832834,29.57,796.83,63.86,0
Millets,Black soils,51.93747983054598,1,6.1,147.6076818611602,3.4815759318038104,23.69,904.31,87.65,1
Millets,Laterite soils,40.123933186942935,1,5.99,78.28259692949361,2.6365415718597265,24.59,973.6,69.27,1
Groundnut,Alluvial soils,7.595586649378683,1,6.67,32.52112578042177,2.090866635406147,21.59,893.99,60.57,0
summer paddy,Alluvial soils,62.00398399717235,0,6.65,38.761830651487706,4.14766925501463,22.88,815.61,79.48,0
Masoor,Alluvial soils,88.17766186897569,0,5.66,13.862974164951854,3.4365674693025685,24.65,932.96,80.74,0
Mustard,Laterite soils,2.422650386748149,1,5.87,50.003662732995785,1.3339062519960363,27.2,910.88,61.32,1
Til,Black soils,85.01927690614711,0,6.51,142.2143460301832,3.3364185717505808,20.0,892.85,73.47,0
Pea,Red and Yellow soils,14.258821823399837,1,6.73,181.6323051076012,4.302368943900499,27.9,942.36,63.41,1
Soybean,Alluvial soils,73.18122507589274,0,5.54,84.15235572039454,4.546057014434088,23.81,954.47,88.9,0
Gram,Black soils,43.903327920986655,1,6.94,153.1401018257682,2.190934023980345,25.71,862.05,78.87,1
Til,Black soils,72.8747310808644,1,6.51,23.94593504567197,0.5056538319244093,20.0,837.17,88.06,0
Gram,Black soils,78.84309895532813,1,6.04,101.37659921705163,0.5595492491183836,20.16,928.96,77.22,0
Mustard,Laterite soils,50.57716960311954,0,5.79,79.28921525200687,1.641631398260391,27.16,874.09,85.98,0
Rice,Alluvial soils,36.01014845087093,0,5.75,95.5705372998716,0.9837850209673618,22.06,849.2,79.69,0
Millets,Black soils,3.6021924614231,0,6.3,20.467091914049288,0.5161914575404415,25.68,908.41,79.28,0
Kulthi,Laterite soils,1.9575813458450015,0,6.08,135.07179394615684,2.663615249026792,22.19,862.04,77.82,0
Wheat,Red and Yellow soils,19.63023274762661,0,5.9,132.24686057442185,4.182026033346189,29.22,964.0,68.79,0
Kulthi,Laterite soils,97.05327118037404,1,6.97,33.70437264492988,4.118308574057645,27.0,905.76,74.91,0
Maize,Laterite soils,32.09495506812422,0,6.93,71.06637841499042,4.98667080551723,22.69,872.95,67.69,0
summer paddy,Laterite soils,97.19340985732984,0,7.0,109.52068301196128,2.3271442877923745,28.35,802.6,70.11,0
Maize,Red and Yellow soils,92.61970763557478,1,6.76,58.18133438986627,3.1266305880832834,28.98,902.6,64.86,0
Urd,Alluvial soils,37.78258122050927,1,5.82,46.08242628582618,2.6125853106729853,29.5,938.73,74.44,0
Niger,Black soils,30.080933360930537,0,5.88,52.22680121536878,1.086363801815192,26.33,955.16,68.15,0
Pea,Alluvial soils,17.17303816819014,0,5.64,163.3134475429299,2.644391106796571,26.38,844.21,71.79,0
Soybean,Alluvial soils,73.18122507589274,0,6.01,84.15235572039454,4.546057014434088,24.86,854.03,82.9,0
Urd,Red and Yellow soils,80.12909695909734,0,7.0,70.99504826835619,4.201089365152599,28.43,782.53,81.05,0
Arhar,Laterite soils,70.69460626460166,0,6.52,128.31657060515244,4.766392383485942,25.99,832.08,90.0,0
Tiwra,Alluvial soils,28.87196897058254,0,6.66,17.161441426265586,4.476599320211214,29.25,845.13,71.69,0
Masoor,Red and Yellow soils,63.29267823677274,1,5.59,149.29521124251127,1.6236523171898996,21.58,966.07,62.91,1
Jwar,Alluvial soils,87.5833721223469,0,6.6,73.36725049269779,3.5742192788952645,29.67,933.83,64.8,0
Til,Red and Yellow soils,85.94972915026943,1,5.6,124.22027903539907,4.9855581453472375,20.87,831.25,81.09,1
Maize,Red and Yellow soils,83.97676737225935,0,5.5,174.8228236194111,1.95984723189331,25.21,836.99,78.89,0
Pea,Red and Yellow soils,62.89562385255008,1,6.22,137.36228110423383,3.989132493505775,25.91,806.56,83.57,0
Mustard,Black soils,8.188474407011933,1,7.0,47.59586392867045,2.8105878706836,20.53,847.85,64.6,0
Millets,Alluvial soils,23.54097596703025,1,6.54,57.43568008837477,1.5978107189656572,25.89,924.73,83.5,1
Kulthi,Laterite soils,93.89813650383569,0,6.83,193.230305006838,2.25817436042408,29.61,891.78,61.11,0
Tiwra,Red and Yellow soils,16.381665237746383,1,5.91,84.8078611948209,1.039182547558261,27.36,926.66,75.99,0
Niger,Black soils,41.79287336304921,0,6.91,54.696853754845804,1.7969102556076575,23.76,921.68,68.49,0
Tiwra,Laterite soils,99.79302285723834,1,6.13,28.356863022535748,2.7788430905388597,26.03,797.55,90.0,0
Millets,Black soils,3.6021924614231,0,5.88,20.467091914049288,0.5161914575404415,26.29,925.81,82.83,0
Jwar,Red and Yellow soils,28.76255629578411,1,6.24,177.41725250309972,0.8627567390016935,26.27,923.84,66.69,1
Groundnut,Alluvial soils,51.66383286816028,0,6.39,98.78595372126168,1.518977035891242,22.83,849.07,66.06,0
Moong,Black soils,75.01023382812153,1,7.0,27.654315800797047,2.046099335099027,28.55,918.49,67.21,0
Gram,Alluvial soils,96.9050114005799,0,6.7,122.13502087504426,2.056511701070491,22.03,787.07,90.0,0
Pea,Alluvial soils,17.17303816819014,0,5.59,163.3134475429299,2.644391106796571,26.36,849.46,70.14,0
Rice,Laterite soils,83.8775957011866,1,5.65,34.37576356945297,2.294909994831729,28.74,942.72,69.33,0
Tiwra,Black soils,94.76385180041332,0,6.54,110.7678118617717,0.8166051320582242,28.23,806.51,87.74,0
Mustard,Alluvial soils,2.3002039972834387,0,6.77,145.61959193869544,2.519545815592032,25.81,841.59,73.84,0
Soybean,Laterite soils,13.10812731307866,1,5.73,178.12965587280345,2.260207718353315,27.79,934.41,78.36,1
Gram,Black soils,18.54638357946299,1,5.76,34.31846563723244,1.5054079551932045,25.21,974.66,69.33,0
Gram,Red and Yellow soils,63.32634654351951,1,5.64,83.0836277339837,1.436439024649144,26.06,830.41,88.39,1
Kulthi,Black soils,23.189085786347796,0,6.16,189.8627111419892,2.7848888056767773,30.0,856.36,87.82,0
Niger,Black soils,2.645006445988896,0,6.01,149.7523142684901,3.7486793601665775,27.11,819.31,75.11,0
Rice,Red and Yellow soils,7.996150840499768,0,6.74,73.07030318124619,1.7926143362906817,26.83,779.29,76.67,0
Jwar,Alluvial soils,75.59152131396844,1,6.83,79.91476651727123,4.875495742078561,22.41,805.27,76.25,1
Kulthi,Red and Yellow soils,77.23112760032592,0,7.0,189.48722932169497,0.7063293420201492,23.7,797.23,77.0,0
Groundnut,Red and Yellow soils,36.53238610880504,0,6.93,92.22094687585086,0.9655793146476612,23.92,776.84,72.44,0
Kulthi,Black soils,18.967225361011167,0,6.96,10.664611709977248,0.7513002185498734,20.08,929.27,64.09,0
Millets,Alluvial soils,43.70916466330876,1,5.78,39.41587779577248,2.043259526678144,27.95,803.83,90.0,0
Wheat,Alluvial soils,67.4018482677936,0,6.13,27.39069849597884,4.906744463762068,21.88,878.72,67.56,0
Til,Alluvial soils,85.22978983877745,1,5.61,14.770261505983694,1.7336147501948824,25.14,931.7,61.2,0
Masoor,Red and Yellow soils,79.30084242753477,1,7.0,11.043366165214929,1.7972285602299596,21.62,783.16,66.5,0
Jwar,Black soils,57.1131845366664,0,6.01,85.61927717435609,3.85322871870764,24.79,866.84,63.77,0
Tiwra,Laterite soils,60.57467976893646,1,5.85,164.37331614576615,2.163674478018338,25.44,863.62,66.24,0
Jwar,Black soils,13.99127022595174,1,6.27,96.4732462540386,1.8688803337971989,23.6,800.95,73.44,1
Pea,Laterite soils,33.75432868239185,1,5.71,80.1683655296807,2.515180774620488,22.94,986.91,67.91,1
Tiwra,Laterite soils,46.4327359055748,0,6.22,65.38166189792891,1.8247075099447776,24.96,851.03,79.82,0
Pea,Black soils,35.50207418332751,0,5.76,155.1924950643728,4.558757044762429,26.0,827.13,70.54,0
Mustard,Black soils,19.12922251866725,1,5.56,103.50209792378745,2.617585675899809,26.68,938.11,69.74,0
Moong,Laterite soils,47.72185492708941,0,7.0,108.96450143039937,2.7671496106270737,30.0,814.87,84.96,0
Pea,Red and Yellow soils,45.88200025350533,0,6.52,166.4197314414131,0.7604645881312596,26.91,918.37,70.64,0
Til,Black soils,85.01927690614711,0,6.73,142.2143460301832,3.3364185717505808,21.58,904.64,81.1,0
Maize,Black soils,37.59082546376269,1,5.89,177.66269564708426,3.0725046924698143,24.36,836.42,82.19,0
Soybean,Black soils,98.59433372410363,0,6.13,78.26901572028348,4.212803098596902,24.49,822.4,68.0,0
Jwar,Alluvial soils,3.1422931695712104,0,5.5,124.9568629244877,1.2982647039962512,28.25,901.93,75.84,0
Groundnut,Red and Yellow soils,96.74499664722,1,5.88,178.92269764733769,2.42511046193267,27.51,855.12,79.61,1
Masoor,Alluvial soils,71.71208281936302,0,6.73,31.377403355249527,1.0655330314056928,27.15,926.59,67.13,0
Kulthi,Black soils,64.62899831981025,0,6.71,83.52491651545493,1.5690018255421825,23.73,816.8,65.91,0
Jwar,Alluvial soils,77.34890187462672,0,6.26,187.39893140589743,4.13407204546712,22.55,826.65,60.69,0
Til,Laterite soils,60.02344822552675,0,6.37,196.68461063428768,1.6314438342398223,28.17,927.15,67.36,0
Kulthi,Laterite soils,31.16493766854265,0,6.79,37.76578110224007,3.3810076514253757,21.41,932.19,67.1,0
Moong,Alluvial soils,40.61480583667867,1,5.93,166.39544242161517,4.281051864970563,29.2,920.15,60.0,1
Gram,Red and Yellow soils,34.74768672244927,1,6.82,33.58119022402276,1.9181663035284728,28.83,808.72,63.74,0
Maize,Black soils,73.32267007953085,0,5.78,47.49317757286676,0.6835265598024884,24.35,983.29,66.98,0
Mustard,Alluvial soils,91.82905732992558,1,6.56,53.74481212887618,1.5966321610404377,25.01,926.64,74.38,1
Gram,Black soils,60.6590114165344,0,5.62,89.25746879492321,4.041605590451173,24.53,926.58,83.74,0
Soybean,Alluvial soils,1.0845160463029235,0,5.76,132.15140054930788,1.295639412046346,24.28,888.88,82.61,0
Gram,Alluvial soils,92.8493387422751,1,6.38,64.25799140275164,4.914860850641632,29.05,821.75,71.82,1
Millets,Laterite soils,69.8935704948745,0,6.56,32.32819760191878,3.248766454068652,25.51,843.68,85.24,0
Rice,Alluvial soils,45.02207961303291,1,5.62,183.9060120825367,2.2666440011155182,27.58,869.32,90.0,1
Masoor,Alluvial soils,71.71208281936302,0,6.77,31.377403355249527,1.0655330314056928,26.43,911.65,66.36,0
Kulthi,Alluvial soils,17.77720417995551,1,6.63,186.6233951811228,2.9967585527538096,20.25,885.55,64.39,1
Urd,Laterite soils,56.01656404336428,1,5.75,169.6786697669429,1.2509461554512062,28.31,941.76,77.78,1
Masoor,Alluvial soils,17.051062582241848,1,6.61,158.50864420956958,2.1741170604411213,24.7,839.94,80.46,1
Soybean,Alluvial soils,1.0845160463029235,0,5.79,132.15140054930788,1.295639412046346,23.85,856.98,83.76,0
Maize,Red and Yellow soils,69.73343459088427,0,5.6,159.39192951392974,3.210066085264966,26.08,957.65,76.52,0
Kulthi,Laterite soils,97.05327118037404,1,6.65,33.70437264492988,4.118308574057645,24.68,849.9,73.74,0
Millets,Black soils,46.115623150526005,1,6.4,177.58949627751142,1.0156582803711816,27.47,847.88,67.33,1
Gram,Alluvial soils,96.9050114005799,0,6.78,122.13502087504426,2.056511701070491,20.95,879.21,90.0,0
Jwar,Black soils,6.792207993494205,1,5.7,141.9426703662678,3.0373075279627453,26.06,832.68,78.91,0
Urd,Alluvial soils,91.70252765931488,0,6.78,15.605923247840275,3.5094411666075778,23.72,853.06,74.67,0
Tiwra,Laterite soils,83.03751864098753,0,5.64,103.43937315702806,4.951128879703812,29.17,972.27,72.08,0
Gram,Red and Yellow soils,14.573215619358535,1,5.85,57.09839965697187,3.9514705976890343,26.24,853.44,83.08,0
Groundnut,Laterite soils,73.65874563961616,0,6.08,22.36466943541153,2.773808931043931,26.64,900.96,60.0,0
Gram,Alluvial soils,96.9050114005799,0,6.67,122.13502087504426,2.056511701070491,20.88,909.68,89.33,0
Moong,Alluvial soils,30.47426495779317,1,5.73,79.66928665808871,2.6924502123480902,22.96,902.42,79.15,1
Til,Red and Yellow soils,83.59129485493202,0,6.59,36.09993908037054,0.925693566787786,22.15,800.71,66.53,0
Gram,Red and Yellow soils,14.573215619358535,1,5.62,57.09839965697187,3.9514705976890343,25.82,877.7,85.7,0
Mustard,Alluvial soils,91.82905732992558,1,6.42,53.74481212887618,1.5966321610404377,24.86,869.53,73.73,1
Kulthi,Red and Yellow soils,71.95464735059075,0,6.52,143.26123077544585,2.2065192855643185,26.31,921.34,76.41,0
Groundnut,Alluvial soils,76.89512894880215,0,6.99,111.20094863538525,4.241037869145725,20.0,847.3,72.68,0
Kulthi,Red and Yellow soils,4.874093193902079,0,5.99,58.01984131719706,1.2796791167350348,20.37,937.16,85.33,0
Moong,Red and Yellow soils,9.326065442028998,0,6.66,172.44853243892462,3.156078875040973,24.24,832.25,76.88,0
Mustard,Laterite soils,61.737953589033744,0,5.84,65.69585886371809,1.5602596870875736,25.8,939.0,83.75,0
Kulthi,Black soils,39.49071677717886,0,6.01,60.39751234176016,3.8970756841866954,27.01,926.85,72.78,0
Wheat,Red and Yellow soils,45.9958564972776,0,6.38,199.4706146791189,3.097939236387041,26.67,872.81,62.91,0
Pea,Laterite soils,23.804071407579336,1,6.25,131.24557260272172,3.669244395754899,27.04,864.81,82.7,1
Masoor,Black soils,56.607644110296,0,6.41,14.313069493331705,2.07281804952572,26.63,820.87,68.83,0
Groundnut,Black soils,13.083322941050284,0,6.07,85.59418473765709,3.41430524157662,23.64,930.18,64.64,0
Niger,Black soils,41.408301825253936,1,6.52,31.68152038748095,2.551580468611744,21.58,929.39,65.54,0
Arhar,Black soils,7.8885965708143235,0,6.73,22.190126691675964,1.5355669671957597,23.86,781.51,82.2,0
Arhar,Laterite soils,74.64442798330771,1,6.04,155.32653226232352,1.9369977433354968,29.65,866.56,83.18,1
Tiwra,Black soils,14.00913180874091,1,5.99,192.864017307691,3.587869631963185,24.14,822.78,71.03,1
Niger,Black soils,41.408301825253936,1,6.42,31.68152038748095,2.551580468611744,21.6,802.57,69.95,0
Niger,Black soils,2.645006445988896,0,6.03,149.7523142684901,3.7486793601665775,24.54,882.21,72.54,0
Kulthi,Laterite soils,6.566266666595126,1,6.66,182.44291675508293,2.3480193489739687,23.49,788.1,74.02,1
Jwar,Laterite soils,83.11521733640478,1,5.85,135.05875811788147,2.826652317689744,24.74,979.37,63.69,1
Tiwra,Red and Yellow soils,97.38715723126916,1,6.23,137.4889698215875,2.0734056158904988,23.9,889.14,86.98,1
Urd,Alluvial soils,18.245949358971803,1,6.54,144.86143436361849,4.22251584341133,25.98,921.1,66.48,1
Millets,Red and Yellow soils,60.97944387000568,0,6.16,183.50464510721,2.1363469721664288,28.48,933.86,67.22,0
Wheat,Laterite soils,92.6074773325522,1,5.56,171.06465646258272,1.1677687279613973,23.86,863.17,76.74,1
Tiwra,Red and Yellow soils,27.092825029366224,1,5.99,153.70269592651675,1.2125187749279782,28.52,895.34,65.64,1
Arhar,Alluvial soils,57.32803334236286,1,7.0,178.80845618528306,2.3443978045744327,28.04,870.11,84.19,1
Groundnut,Alluvial soils,51.66383286816028,0,6.43,98.78595372126168,1.518977035891242,20.06,914.75,69.85,0
Arhar,Laterite soils,84.46788570106386,1,6.07,192.94268675753716,2.7573837199416857,28.22,847.32,70.18,1
Masoor,Red and Yellow soils,63.29267823677274,1,5.5,149.29521124251127,1.6236523171898996,21.15,866.52,62.38,1
Millets,Red and Yellow soils,68.53613344912503,1,6.96,145.54578088551114,2.7638146457013453,20.3,809.42,63.6,1
Urd,Red and Yellow soils,22.62538625387936,1,6.12,187.4545404933927,3.635494046187656,22.28,955.09,78.47,0
Mustard,Alluvial soils,29.138359213116704,0,6.27,163.4305505984715,3.5913293882148416,26.29,920.07,66.36,0
Tiwra,Alluvial soils,57.12809708824221,1,6.76,197.0604365484146,3.9823961897083984,24.02,801.6,64.33,1
Wheat,Alluvial soils,86.71163811325147,1,5.87,54.94653337104506,3.359167289944513,29.44,809.42,79.04,1
Wheat,Laterite soils,92.6074773325522,1,5.7,171.06465646258272,1.1677687279613973,25.05,858.24,75.15,1
Rice,Red and Yellow soils,94.9606118039142,0,5.78,54.1128672085785,1.619877527026648,23.42,972.12,63.99,0
Jwar,Laterite soils,83.11521733640478,1,5.81,135.05875811788147,2.826652317689744,24.86,946.94,66.81,1
Rice,Laterite soils,83.8775957011866,1,5.5,34.37576356945297,2.294909994831729,28.64,955.68,68.01,0
Gram,Alluvial soils,79.26862073639087,1,6.03,169.83024901214273,4.126874099803565,22.19,891.45,83.5,1
Wheat,Red and Yellow soils,58.75812809075228,0,6.03,61.15233492569079,2.7512492589727047,21.04,893.73,62.56,0
Kulthi,Laterite soils,67.55487925578505,0,6.71,79.33838476518439,4.877362795825739,28.9,852.54,83.66,0
Moong,Red and Yellow soils,9.326065442028998,0,6.72,172.44853243892462,3.156078875040973,23.35,887.46,72.21,0
summer paddy,Red and Yellow soils,1.3568197489404303,1,5.99,169.14624833347128,4.405057679473639,29.53,857.45,80.04,0
Til,Laterite soils,79.9474430875547,1,5.8,173.28889307383915,3.202864513601942,21.49,967.16,60.37,1
Pea,Alluvial soils,17.17303816819014,0,5.51,163.3134475429299,2.644391106796571,27.32,875.15,69.9,0
Millets,Black soils,6.907493912567169,0,6.78,84.40519823967013,2.862263975769026,27.38,859.12,81.66,0
Moong,Laterite soils,75.26532755569725,1,5.84,43.65731320402202,3.3010974637817863,27.83,937.61,62.05,0
Soybean,Alluvial soils,1.0845160463029235,0,5.77,132.15140054930788,1.295639412046346,25.37,892.44,87.84,0
Soybean,Alluvial soils,73.18122507589274,0,5.59,84.15235572039454,4.546057014434088,23.02,898.91,82.43,0
Mustard,Black soils,83.04704930059059,1,7.0,164.2968639673771,3.2910142681176096,24.08,868.96,84.64,1
Jwar,Red and Yellow soils,54.09861316205604,1,5.54,43.55196900142567,2.5235327567755976,27.94,899.74,70.87,0
Jwar,Alluvial soils,3.1422931695712104,0,5.74,124.9568629244877,1.2982647039962512,27.63,833.61,73.51,0
Soybean,Black soils,43.93909969768636,1,6.83,187.44094250103575,3.156684445310398,26.78,858.68,90.0,1
Wheat,Laterite soils,7.276797004040833,0,5.97,117.16853925930828,3.99316410162361,25.16,948.8,82.68,0
Groundnut,Red and Yellow soils,38.75737864428302,0,6.5,87.85159170492055,4.987331613193882,30.0,933.92,60.0,0
Rice,Alluvial soils,45.02207961303291,1,5.92,183.9060120825367,2.2666440011155182,26.92,842.04,90.0,1
Rice,Black soils,52.65669190477372,1,6.03,134.8384120738132,3.631008437924299,29.57,855.73,65.49,1
Millets,Alluvial soils,43.70916466330876,1,5.73,39.41587779577248,2.043259526678144,27.34,882.07,90.0,0
summer paddy,Laterite soils,99.68532353972208,1,6.2,36.79724244169026,0.5887722514342346,28.39,860.35,64.01,0
Moong,Alluvial soils,40.61480583667867,1,5.81,166.39544242161517,4.281051864970563,28.73,909.53,61.79,1
Rice,Alluvial soils,54.82894674818631,0,6.47,199.60504257664195,1.60459882847338,20.79,899.32,65.55,0
Jwar,Laterite soils,85.67941919967865,1,5.63,155.92944761114924,4.804050202111057,29.23,925.2,62.55,1
Millets,Alluvial soils,95.28279889194648,1,6.25,29.144702967043564,4.024157339354911,23.04,930.18,71.73,0
Moong,Laterite soils,66.7431644007017,1,6.41,36.37326995857885,1.941595947520944,22.63,843.0,73.41,0
Pea,Red and Yellow soils,43.446323388532846,0,6.76,141.32630646402174,3.2583353976805944,28.53,784.53,69.24,0
Rice,Alluvial soils,36.01014845087093,0,6.03,95.5705372998716,0.9837850209673618,22.76,861.12,78.8,0
Mustard,Alluvial soils,91.82905732992558,1,6.5,53.74481212887618,1.5966321610404377,24.2,841.58,72.38,1
Arhar,Red and Yellow soils,86.86720496550913,0,6.06,40.99567176940299,0.9693659789832094,22.5,835.63,86.05,0
Arhar,Alluvial soils,93.266516769375,0,5.89,151.91084094712255,4.153019042714469,25.41,896.97,74.59,0
Tiwra,Laterite soils,99.79302285723834,1,6.01,28.356863022535748,2.7788430905388597,26.24,811.18,90.0,0
Millets,Black soils,51.93747983054598,1,6.03,147.6076818611602,3.4815759318038104,21.76,850.01,82.35,1
Groundnut,Red and Yellow soils,96.74499664722,1,5.94,178.92269764733769,2.42511046193267,28.95,856.85,83.78,1
Millets,Red and Yellow soils,17.122970872144943,1,6.03,60.7652239322664,2.3761285663683043,27.3,920.48,71.08,1
Arhar,Alluvial soils,93.266516769375,0,5.95,151.91084094712255,4.153019042714469,25.23,905.3,76.57,0
Millets,Alluvial soils,23.54097596703025,1,6.78,57.43568008837477,1.5978107189656572,26.76,815.47,87.79,1
Mustard,Red and Yellow soils,63.63832068665308,0,6.67,88.53373490142508,1.9370490801246305,26.78,840.8,71.1,0
Mustard,Alluvial soils,5.985936900346184,1,5.75,55.23498004685733,0.9143669321101572,22.87,840.58,70.02,1
Tiwra,Red and Yellow soils,16.381665237746383,1,6.04,84.8078611948209,1.039182547558261,25.64,824.47,77.37,0
Tiwra,Alluvial soils,57.12809708824221,1,6.74,197.0604365484146,3.9823961897083984,23.98,913.23,69.61,1
Til,Alluvial soils,20.130363157001845,1,5.94,96.39301275682372,3.99987462399122,24.43,890.32,63.42,1
Groundnut,Laterite soils,65.31840295659302,0,7.0,141.36645020981774,4.393638773635823,27.27,764.84,84.65,0
Jwar,Alluvial soils,3.1422931695712104,0,5.5,124.9568629244877,1.2982647039962512,28.04,944.22,80.2,0
Til,Alluvial soils,20.130363157001845,1,6.2,96.39301275682372,3.99987462399122,25.79,873.65,66.79,1
Rice,Laterite soils,83.79467762655149,0,6.52,33.31006222633755,2.783971589852677,22.53,928.83,89.09,0
Pea,Black soils,60.61327630651897,1,6.27,71.88729840163472,3.3834428136844004,26.52,885.26,61.27,1
Arhar,Alluvial soils,40.59763875962707,1,5.5,154.16751398387302,1.6967064291359415,27.79,945.09,76.77,1
Tiwra,Laterite soils,60.57467976893646,1,6.26,164.37331614576615,2.163674478018338,25.59,838.55,69.3,0
Groundnut,Alluvial soils,76.89512894880215,0,6.55,111.20094863538525,4.241037869145725,20.69,833.02,74.83,0
Moong,Alluvial soils,30.47426495779317,1,5.67,79.66928665808871,2.6924502123480902,25.01,933.95,77.89,1
Millets,Black soils,49.27248131847189,0,6.01,53.90095521876777,1.2019846474142255,23.19,860.99,79.77,0
Tiwra,Black soils,63.70051960241635,1,6.45,78.64897896002441,4.51494091656409,20.27,860.05,88.06,0
Maize,Black soils,19.410359181755048,0,5.55,167.23117270851932,4.392858700280796,26.96,998.6,60.0,0
Millets,Black soils,8.545620951059774,1,6.58,161.95956637121765,4.866411463972916,30.0,779.46,86.09,1
Wheat,Alluvial soils,91.05415430835896,0,6.78,160.42512776637145,0.6999369117890404,20.42,860.03,87.95,0
Soybean,Laterite soils,50.60103662954688,0,5.85,171.12574873717588,2.589034966808882,20.0,813.66,78.32,0
Til,Alluvial soils,25.073589779047172,0,7.0,173.56684832753513,0.5153972218655465,26.88,919.84,65.33,0
Rice,Laterite soils,83.8775957011866,1,5.5,34.37576356945297,2.294909994831729,29.07,982.96,67.05,0
Jwar,Alluvial soils,50.27501027132872,0,6.47,103.71091740391591,4.248261783890516,21.71,901.56,60.0,0
Soybean,Black soils,39.78177453222698,0,5.5,94.97051601405003,2.865401887107058,26.9,853.64,67.31,0
Maize,Alluvial soils,14.964041185953416,1,6.69,139.1026557896301,1.843602189402552,28.24,787.32,66.93,1
summer paddy,Red and Yellow soils,73.54687524942415,0,5.52,142.93725689571534,4.918276974920083,25.22,933.94,73.36,0
Millets,Alluvial soils,95.28279889194648,1,6.18,29.144702967043564,4.024157339354911,22.41,835.8,68.0,0
Groundnut,Laterite soils,81.6554741475988,1,6.73,86.15027954705378,1.14379756440237,24.88,836.07,73.71,1
Jwar,Alluvial soils,25.85682337890519,1,5.5,102.61050271033608,4.377680196883321,26.02,932.48,89.53,0
Moong,Alluvial soils,74.91849185092191,1,6.22,35.66011307470839,3.274662483685392,21.16,887.89,89.34,0
Pea,Laterite soils,37.95291147089761,1,6.75,155.92154634208538,1.0961422182962492,24.48,913.51,85.87,1
Wheat,Alluvial soils,86.71163811325147,1,5.98,54.94653337104506,3.359167289944513,28.36,916.6,77.6,1
Soybean,Black soils,39.78177453222698,0,5.5,94.97051601405003,2.865401887107058,27.2,941.62,68.08,0
Wheat,Alluvial soils,91.05415430835896,0,7.0,160.42512776637145,0.6999369117890404,22.06,754.3,89.33,0
Niger,Alluvial soils,30.9149550672235,0,6.61,25.390180382606133,4.890082443067278,20.47,831.75,77.98,0
summer paddy,Laterite soils,68.33971322490649,1,6.85,21.80492518759846,3.622176401026044,22.52,892.13,72.22,0
Moong,Black soils,68.47419592831014,1,5.88,62.139746561585554,1.7248326329770518,28.47,903.69,75.3,0
Arhar,Laterite soils,10.205047368034332,1,6.28,171.60702634754793,1.5679546063176029,26.86,904.6,75.1,0
Groundnut,Laterite soils,81.6554741475988,1,6.72,86.15027954705378,1.14379756440237,25.77,895.03,72.67,1
Masoor,Alluvial soils,45.62108056768259,0,6.54,174.13879435365195,4.357303858339503,25.14,835.31,60.0,0
Urd,Red and Yellow soils,22.62538625387936,1,6.14,187.4545404933927,3.635494046187656,21.11,857.94,83.36,0
Maize,Black soils,38.61061367320439,0,6.23,170.31722106664762,0.5080767595702489,22.35,817.95,63.45,0
Gram,Alluvial soils,96.9050114005799,0,6.91,122.13502087504426,2.056511701070491,21.04,868.6,90.0,0
Pea,Laterite soils,23.44233244018282,0,6.16,87.75414749046334,4.298467138068505,23.89,898.67,90.0,0
Jwar,Red and Yellow soils,54.09861316205604,1,5.5,43.55196900142567,2.5235327567755976,27.0,851.57,68.55,0
Pea,Alluvial soils,63.2123421474168,1,5.98,30.08992185887418,2.1099619017340947,27.53,940.73,65.05,0
Tiwra,Red and Yellow soils,16.381665237746383,1,6.31,84.8078611948209,1.039182547558261,25.35,903.34,80.84,0
Urd,Laterite soils,3.1424283074838835,1,6.01,78.7181102480801,3.652081641177272,26.38,815.15,90.0,1
Tiwra,Alluvial soils,42.73461385557504,1,6.36,46.60885970748865,2.3240919163041704,26.84,894.27,72.08,0
Rice,Laterite soils,36.067847125393314,1,5.63,45.080516013725855,3.846756333323527,20.0,857.78,60.39,0
Wheat,Alluvial soils,86.54297981140141,0,7.0,108.46872549256152,3.65827855817515,22.36,839.77,67.59,0
summer paddy,Laterite soils,68.33971322490649,1,7.0,21.80492518759846,3.622176401026044,22.1,805.69,70.75,0
Masoor,Black soils,32.78096124453907,1,5.81,155.80477364636056,4.464364499262837,29.68,845.12,86.91,1
Wheat,Red and Yellow soils,45.9958564972776,0,5.92,199.4706146791189,3.097939236387041,27.76,921.76,60.0,0
Kulthi,Black soils,64.62899831981025,0,6.65,83.52491651545493,1.5690018255421825,23.39,853.74,63.04,0
Masoor,Alluvial soils,88.17766186897569,0,5.52,13.862974164951854,3.4365674693025685,26.11,896.68,81.61,0
Moong,Laterite soils,47.72185492708941,0,7.0,108.96450143039937,2.7671496106270737,29.26,846.64,83.27,0
Arhar,Black soils,7.8885965708143235,0,6.85,22.190126691675964,1.5355669671957597,25.61,899.09,86.34,0
Niger,Black soils,41.408301825253936,1,6.1,31.68152038748095,2.551580468611744,22.75,956.19,65.6,0
Tiwra,Laterite soils,60.57467976893646,1,6.0,164.37331614576615,2.163674478018338,23.39,908.95,69.4,0
Rice,Alluvial soils,36.01014845087093,0,6.02,95.5705372998716,0.9837850209673618,21.43,848.47,80.09,0
Millets,Black soils,49.27248131847189,0,6.4,53.90095521876777,1.2019846474142255,21.71,892.68,76.53,0
Groundnut,Red and Yellow soils,38.75737864428302,0,6.95,87.85159170492055,4.987331613193882,29.61,854.05,60.07,0
summer paddy,Alluvial soils,7.078898910240252,1,5.57,133.05676737201873,2.8391106476553305,24.25,905.04,85.9,0
Soybean,Black soils,39.78177453222698,0,5.59,94.97051601405003,2.865401887107058,26.36,939.79,71.47,0
Wheat,Alluvial soils,86.54297981140141,0,7.0,108.46872549256152,3.65827855817515,20.09,910.98,60.69,0
Tiwra,Black soils,63.70051960241635,1,6.71,78.64897896002441,4.51494091656409,20.56,888.36,89.43,0
Jwar,Black soils,57.1131845366664,0,6.06,85.61927717435609,3.85322871870764,25.61,846.45,62.47,0
Urd,Laterite soils,59.08990961897472,0,6.21,192.0845844938899,2.9650442270922275,22.98,827.13,62.05,0
Rice,Laterite soils,83.79467762655149,0,6.92,33.31006222633755,2.783971589852677,22.58,845.79,84.19,0
Pea,Laterite soils,23.804071407579336,1,6.31,131.24557260272172,3.669244395754899,27.76,830.65,77.74,1
Maize,Red and Yellow soils,92.61970763557478,1,6.6,58.18133438986627,3.1266305880832834,28.56,870.28,62.12,0
Groundnut,Alluvial soils,7.595586649378683,1,6.94,32.52112578042177,2.090866635406147,22.38,943.51,60.0,0
Tiwra,Alluvial soils,57.12809708824221,1,6.61,197.0604365484146,3.9823961897083984,22.38,897.23,69.22,1
Arhar,Laterite soils,10.205047368034332,1,5.82,171.60702634754793,1.5679546063176029,29.25,838.68,74.98,0
Gram,Black soils,18.54638357946299,1,5.7,34.31846563723244,1.5054079551932045,23.41,921.18,71.32,0
Til,Black soils,46.52242066000872,0,5.93,142.37837594275828,2.13191427436652,26.71,961.14,60.0,0
Jwar,Laterite soils,52.03647167552329,1,6.58,64.66675150721977,1.1856502725788038,27.83,800.73,67.63,1
Gram,Black soils,7.859205242978358,0,6.14,59.29153611037987,1.2925953541039088,23.3,809.05,68.11,0
Kulthi,Alluvial soils,92.5492169547469,1,6.69,172.39818815807868,1.6613788159021248,26.95,808.57,88.8,1
Niger,Black soils,30.080933360930537,0,5.56,52.22680121536878,1.086363801815192,25.46,963.75,66.39,0
Gram,Black soils,48.6773164556799,1,5.73,69.28313557959125,2.0201114088284804,21.78,909.59,79.82,1
Wheat,Red and Yellow soils,19.63023274762661,0,5.96,132.24686057442185,4.182026033346189,26.9,818.8,66.93,0
Mustard,Black soils,48.223606509415184,0,5.73,42.21612474828965,3.626063543977249,26.94,943.3,78.86,0
Tiwra,Alluvial soils,57.12809708824221,1,6.78,197.0604365484146,3.9823961897083984,23.02,806.52,68.33,1
summer paddy,Laterite soils,99.68532353972208,1,6.19,36.79724244169026,0.5887722514342346,28.72,857.26,70.32,0
Millets,Alluvial soils,43.70916466330876,1,5.89,39.41587779577248,2.043259526678144,27.07,849.99,90.0,0
summer paddy,Alluvial soils,5.634581766188527,1,6.22,70.69578532542236,3.804381772475503,22.01,902.19,77.5,1
summer paddy,Red and Yellow soils,73.54687524942415,0,5.8,142.93725689571534,4.918276974920083,25.41,846.65,67.12,0
Rice,Black soils,68.42984036578169,0,6.54,121.15296547268264,2.6923847070482827,29.66,845.86,87.31,0
Pea,Red and Yellow soils,45.88200025350533,0,6.72,166.4197314414131,0.7604645881312596,24.91,830.13,69.87,0
Masoor,Red and Yellow soils,84.52316916652465,1,6.22,136.06206737070266,3.720799011587236,26.3,909.59,77.16,1
Jwar,Laterite soils,20.52338382586908,0,6.77,39.04821267421946,2.0258284690301904,23.77,807.88,68.79,0
Maize,Black soils,37.59082546376269,1,6.2,177.66269564708426,3.0725046924698143,23.82,889.45,74.52,0
Urd,Red and Yellow soils,45.498714553357374,0,6.97,78.41811791005178,2.4597531594443405,21.52,857.5,78.58,0
Niger,Laterite soils,4.079749834554197,0,5.65,99.53335179078957,3.6129767886177073,23.81,910.65,72.36,0
Tiwra,Laterite soils,44.157514598221695,0,6.29,20.786220688080256,4.760647059177217,21.99,913.45,73.01,0
summer paddy,Laterite soils,97.19340985732984,0,7.0,109.52068301196128,2.3271442877923745,30.0,853.02,70.27,0
Maize,Black soils,73.32267007953085,0,5.83,47.49317757286676,0.6835265598024884,23.31,880.2,69.7,0
Pea,Red and Yellow soils,57.89621108388996,1,5.87,140.3534641806105,3.0806227397827857,28.11,958.48,84.5,1
Soybean,Alluvial soils,1.0845160463029235,0,5.86,132.15140054930788,1.295639412046346,24.11,846.18,82.94,0
Jwar,Laterite soils,85.67941919967865,1,5.62,155.92944761114924,4.804050202111057,28.94,934.9,60.63,1
Mustard,Red and Yellow soils,67.90567177519311,0,6.72,184.57009859164535,2.8827361969169605,24.66,829.52,87.23,0
Jwar,Alluvial soils,93.969049183815,1,6.68,83.89046853013258,1.8300016425041368,24.42,851.23,84.64,1
Pea,Red and Yellow soils,62.89562385255008,1,6.3,137.36228110423383,3.989132493505775,25.6,839.37,81.64,0
Masoor,Red and Yellow soils,34.865602801136006,1,5.53,74.53290343716962,0.976484678989204,20.0,860.45,62.91,1
Groundnut,Alluvial soils,77.64734025846953,1,6.52,30.1290536211666,2.4437057909109408,24.58,912.21,60.17,0
Niger,Black soils,30.080933360930537,0,5.94,52.22680121536878,1.086363801815192,26.46,951.1,65.98,0
Moong,Alluvial soils,30.47426495779317,1,5.83,79.66928665808871,2.6924502123480902,23.22,876.19,73.93,1
Soybean,Black soils,80.18699184832587,1,6.43,66.79895680678409,2.870925046781913,29.08,840.08,83.46,1
Rice,Alluvial soils,49.78214071680444,0,6.68,54.89730595991944,1.04622923932641,22.93,871.65,73.22,0
Niger,Alluvial soils,40.72168891707997,1,6.22,64.74785133657514,2.41594149570782,25.54,916.06,74.35,1
Millets,Alluvial soils,66.1773521263443,1,6.23,121.45483757861142,4.880676349583943,23.73,825.37,66.43,1
Millets,Laterite soils,40.123933186942935,1,5.98,78.28259692949361,2.6365415718597265,23.87,957.94,70.39,1
Jwar,Black soils,65.54709453271963,1,5.86,14.774203291276631,4.843878235764788,26.22,964.37,77.62,0
summer paddy,Black soils,8.760454270055591,0,5.67,159.97290035688565,2.4566092291501533,28.8,871.14,64.81,0
Rice,Black soils,51.78490534951984,1,5.5,159.67777079366866,3.8935916410771423,20.0,848.22,72.83,1
Wheat,Black soils,27.701983404171347,1,7.0,165.79370043835235,0.8135175506595091,24.67,878.5,83.8,1
Groundnut,Red and Yellow soils,44.10436539094836,0,5.5,191.6079760172045,1.0565774612663703,21.72,889.84,67.13,0
Mustard,Black soils,48.223606509415184,0,5.77,42.21612474828965,3.626063543977249,25.98,866.7,74.88,0
Kulthi,Alluvial soils,54.81048353532652,1,5.7,24.193410570245213,4.594332152474536,26.25,859.31,62.62,0
Gram,Black soils,7.538508193294686,1,6.74,22.895319575658647,0.7515476161379425,25.16,912.31,84.4,0
Jwar,Black soils,6.792207993494205,1,6.03,141.9426703662678,3.0373075279627453,26.58,921.34,82.76,0
Groundnut,Laterite soils,73.65874563961616,0,5.75,22.36466943541153,2.773808931043931,25.54,900.82,60.0,0
Millets,Black soils,6.907493912567169,0,6.83,84.40519823967013,2.862263975769026,28.61,840.5,85.12,0
Maize,Alluvial soils,14.964041185953416,1,6.65,139.1026557896301,1.843602189402552,27.85,907.84,66.33,1
Jwar,Laterite soils,20.52338382586908,0,6.72,39.04821267421946,2.0258284690301904,22.26,850.99,71.1,0
Urd,Alluvial soils,91.70252765931488,0,6.8,15.605923247840275,3.5094411666075778,24.41,909.38,72.97,0
Til,Laterite soils,82.11526872345533,0,5.94,179.22366038694898,3.004640999287888,24.66,919.13,62.44,0
Groundnut,Laterite soils,81.6554741475988,1,6.83,86.15027954705378,1.14379756440237,24.86,925.61,74.24,1
Tiwra,Black soils,14.00913180874091,1,5.8,192.864017307691,3.587869631963185,24.68,955.28,71.43,1
Jwar,Alluvial soils,93.969049183815,1,6.81,83.89046853013258,1.8300016425041368,27.12,799.78,85.67,1
Pea,Red and Yellow soils,62.89562385255008,1,6.21,137.36228110423383,3.989132493505775,25.72,938.86,87.45,0
Til,Laterite soils,89.66061130236088,0,5.71,138.96491601693197,2.999699639608014,26.91,893.44,90.0,0
Urd,Laterite soils,2.7426498464331512,0,5.74,88.14528120125196,4.954035987983664,21.8,961.09,67.13,0
Millets,Red and Yellow soils,68.53613344912503,1,6.95,145.54578088551114,2.7638146457013453,20.76,906.49,60.0,1
summer paddy,Laterite soils,68.33971322490649,1,6.69,21.80492518759846,3.622176401026044,21.52,849.55,70.85,0
Gram,Alluvial soils,40.02287500376711,1,6.71,152.92792867079348,3.896782705565548,26.2,817.15,62.59,1
Til,Alluvial soils,48.12232243119416,1,5.74,159.19400511003866,4.48088955820164,20.0,819.22,76.48,1
Tiwra,Laterite soils,88.94512805109724,0,5.5,56.3932872429863,2.278022077517278,22.1,960.73,82.15,0
Mustard,Laterite soils,74.33462632790453,0,7.0,23.998040737995492,3.3383635311434943,30.0,764.09,78.55,0
Jwar,Laterite soils,51.52716525625736,0,5.63,117.26931971045472,4.763386070226863,24.57,938.74,62.15,0
Tiwra,Laterite soils,83.03751864098753,0,5.75,103.43937315702806,4.951128879703812,30.0,971.06,75.51,0
summer paddy,Laterite soils,97.19340985732984,0,6.83,109.52068301196128,2.3271442877923745,29.87,834.33,68.51,0
Soybean,Red and Yellow soils,8.583758015057295,1,6.61,20.154563205107696,4.90903272481961,20.0,865.99,83.3,0
Til,Red and Yellow soils,85.94972915026943,1,5.5,124.22027903539907,4.9855581453472375,21.81,980.81,81.94,1
Tiwra,Laterite soils,83.03751864098753,0,5.98,103.43937315702806,4.951128879703812,30.0,934.81,77.71,0
Niger,Black soils,56.17716140693022,1,6.46,42.88801275230651,2.992074792161899,26.28,849.21,68.34,0
Moong,Laterite soils,4.258463097456195,0,5.55,181.9289995636216,3.8846723421151497,24.77,887.33,77.55,0
Tiwra,Laterite soils,77.41000299816143,0,5.7,102.68567704073148,4.5790889615245725,20.0,925.01,62.79,0
Masoor,Black soils,95.87154982405876,1,6.72,129.9810832257704,0.5034414484512415,20.0,816.23,60.32,1
Soybean,Alluvial soils,1.0845160463029235,0,5.91,132.15140054930788,1.295639412046346,25.31,863.75,87.04,0
Mustard,Laterite soils,50.57716960311954,0,6.24,79.28921525200687,1.641631398260391,26.48,872.92,86.42,0
Maize,Alluvial soils,25.96962093356883,0,5.71,159.78724651759555,2.4066244155234733,20.0,940.99,72.7,0
Groundnut,Red and Yellow soils,38.75737864428302,0,6.6,87.85159170492055,4.987331613193882,30.0,919.45,61.46,0
Groundnut,Laterite soils,81.6554741475988,1,6.91,86.15027954705378,1.14379756440237,25.03,860.39,75.86,1
Rice,Red and Yellow soils,65.11829897838918,0,6.51,175.61385743537613,1.910934434431556,27.95,810.2,69.43,0
Arhar,Alluvial soils,40.59763875962707,1,5.54,154.16751398387302,1.6967064291359415,25.2,842.67,74.77,1
Jwar,Alluvial soils,87.5833721223469,0,6.28,73.36725049269779,3.5742192788952645,28.51,825.01,63.18,0
Rice,Black soils,68.42984036578169,0,6.51,121.15296547268264,2.6923847070482827,29.43,805.94,90.0,0
Wheat,Red and Yellow soils,45.9958564972776,0,6.25,199.4706146791189,3.097939236387041,29.19,814.88,64.83,0
Maize,Alluvial soils,84.40064941289427,0,6.69,117.3407974676231,2.5830017311527627,29.13,778.62,87.31,0
Arhar,Laterite soils,10.205047368034332,1,6.12,171.60702634754793,1.5679546063176029,27.08,961.77,73.43,0
Masoor,Red and Yellow soils,34.865602801136006,1,6.02,74.53290343716962,0.976484678989204,21.66,850.07,64.77,1
Jwar,Red and Yellow soils,54.09861316205604,1,5.51,43.55196900142567,2.5235327567755976,28.69,883.1,72.77,0
Masoor,Alluvial soils,45.92043415033586,0,6.69,175.13241790304798,3.316894792035183,25.95,833.4,87.25,0
Arhar,Alluvial soils,91.85485510003234,0,6.04,76.53287840752338,1.2994679672213083,28.84,935.13,86.34,0
Tiwra,Laterite soils,41.61828535466275,1,6.4,25.379723997991185,4.950763297623329,25.22,951.35,64.3,0
Rice,Laterite soils,83.79467762655149,0,6.65,33.31006222633755,2.783971589852677,20.72,887.84,88.41,0
Gram,Laterite soils,53.836448220478616,0,5.96,15.2236049976858,0.9405202056930708,22.45,875.51,61.12,0
summer paddy,Alluvial soils,7.078898910240252,1,5.51,133.05676737201873,2.8391106476553305,23.14,852.49,88.9,0
Gram,Alluvial soils,44.36061613463463,1,5.5,51.92836348552057,1.185780320544819,22.75,968.98,74.73,1
Urd,Alluvial soils,37.78258122050927,1,5.98,46.08242628582618,2.6125853106729853,27.28,904.26,67.11,0
Kulthi,Laterite soils,20.90726535219855,0,6.83,98.52331092318568,2.606152200854422,24.76,909.55,77.51,0
Til,Laterite soils,79.80767833149267,1,5.73,195.1869784074493,4.9333156627866845,23.04,818.05,77.65,0
Soybean,Red and Yellow soils,8.583758015057295,1,6.86,20.154563205107696,4.90903272481961,20.0,802.09,88.2,0
Moong,Alluvial soils,26.489067920660645,1,5.63,57.774369919506846,4.0238207365493945,23.87,878.71,85.02,1
Tiwra,Alluvial soils,49.96403886906193,0,6.7,129.23233750459332,1.024483141899196,24.27,821.43,70.32,0
Jwar,Alluvial soils,89.71217350262663,0,6.36,25.10256180019756,4.094914179917966,22.14,869.22,65.99,0
Tiwra,Red and Yellow soils,36.11241183442073,0,6.0,127.43746461709286,3.6934087696499662,28.07,854.04,61.41,0
Masoor,Alluvial soils,45.62108056768259,0,6.4,174.13879435365195,4.357303858339503,27.07,841.17,60.52,0
Pea,Black soils,60.61327630651897,1,6.04,71.88729840163472,3.3834428136844004,27.93,864.48,62.73,1
Masoor,Black soils,76.58104466203038,0,6.55,112.258823548082,0.8441663455221252,27.25,911.33,66.58,0
Urd,Black soils,11.274410889490516,0,6.76,112.43829037819636,4.276394728505107,26.54,922.99,83.29,0
Kulthi,Laterite soils,97.05327118037404,1,7.0,33.70437264492988,4.118308574057645,24.49,779.76,76.91,0
Groundnut,Laterite soils,73.65874563961616,0,5.71,22.36466943541153,2.773808931043931,24.89,969.03,60.81,0
summer paddy,Alluvial soils,80.44770135267859,0,7.0,29.64755058306169,4.7260075846814615,21.82,902.54,82.68,0
Pea,Alluvial soils,16.94988061339748,1,7.0,184.5564527018232,4.554417666294789,23.17,817.95,64.3,1
summer paddy,Red and Yellow soils,73.54687524942415,0,5.5,142.93725689571534,4.918276974920083,23.34,928.56,71.07,0
Pea,Alluvial soils,16.94988061339748,1,6.91,184.5564527018232,4.554417666294789,24.4,819.27,68.58,1
Jwar,Red and Yellow soils,81.05182096520964,1,5.7,198.10884266676885,4.3258916692421066,22.64,834.53,72.09,1
Urd,Red and Yellow soils,45.498714553357374,0,6.64,78.41811791005178,2.4597531594443405,21.95,812.67,83.07,0
Masoor,Red and Yellow soils,42.05432526241285,0,6.88,90.60728467834542,3.089700259916918,26.35,876.74,62.4,0
Tiwra,Black soils,14.00913180874091,1,5.66,192.864017307691,3.587869631963185,26.18,890.38,74.83,1
Maize,Red and Yellow soils,73.05988458504615,0,7.0,100.07917652497429,3.303778717019921,20.0,823.61,68.5,0
Gram,Alluvial soils,96.9050114005799,0,6.59,122.13502087504426,2.056511701070491,20.59,859.48,84.88,0
Urd,Black soils,24.427711240308238,0,5.87,40.40200266895553,4.121770237149953,24.38,796.4,90.0,0
Rice,Red and Yellow soils,65.11829897838918,0,6.47,175.61385743537613,1.910934434431556,28.11,882.97,65.76,0
Masoor,Black soils,76.58104466203038,0,6.46,112.258823548082,0.8441663455221252,27.19,806.55,70.86,0
Gram,Black soils,7.859205242978358,0,6.34,59.29153611037987,1.2925953541039088,24.86,886.87,67.18,0
Niger,Laterite soils,14.75564765833209,1,5.7,43.53470873409088,3.958799053421168,28.64,856.71,79.65,0
summer paddy,Black soils,99.14865361366142,0,5.99,134.30705078512983,1.949386589804747,23.1,884.81,60.0,0
Maize,Red and Yellow soils,83.97676737225935,0,5.77,174.8228236194111,1.95984723189331,24.82,923.52,84.52,0
Til,Red and Yellow soils,80.31440413281457,0,6.05,77.60609722671164,0.5869799739884878,28.89,923.84,63.39,0
Tiwra,Laterite soils,87.1125768798161,0,5.5,155.6761395244254,3.972236580663137,30.0,953.03,68.81,0
Masoor,Red and Yellow soils,63.29267823677274,1,5.53,149.29521124251127,1.6236523171898996,20.0,896.04,60.0,1
Millets,Black soils,46.115623150526005,1,6.8,177.58949627751142,1.0156582803711816,29.24,857.74,67.13,1
Wheat,Red and Yellow soils,58.75812809075228,0,5.97,61.15233492569079,2.7512492589727047,20.94,882.95,63.53,0
Gram,Red and Yellow soils,82.07588905682253,0,6.55,18.009491866681152,3.233362891898263,20.0,878.67,78.56,0
Masoor,Red and Yellow soils,15.573043648692993,0,5.72,40.394151236744186,2.3537196802479925,25.55,825.01,71.43,0
Groundnut,Laterite soils,73.65874563961616,0,5.78,22.36466943541153,2.773808931043931,25.33,953.8,63.71,0
Groundnut,Black soils,13.083322941050284,0,5.8,85.59418473765709,3.41430524157662,23.61,835.2,64.91,0
Mustard,Black soils,49.5300825663572,0,5.6,153.43110336778798,4.824259422343958,26.01,946.27,87.35,0
Maize,Red and Yellow soils,75.04133314858224,0,5.69,126.6451520573656,2.7235491072147164,26.85,942.74,61.52,0
Soybean,Black soils,98.59433372410363,0,6.07,78.26901572028348,4.212803098596902,23.27,885.54,67.35,0
Niger,Laterite soils,14.75564765833209,1,5.64,43.53470873409088,3.958799053421168,28.36,965.72,83.27,0
Niger,Black soils,30.080933360930537,0,5.87,52.22680121536878,1.086363801815192,26.47,964.74,66.29,0
Kulthi,Laterite soils,20.90726535219855,0,6.65,98.52331092318568,2.606152200854422,23.1,903.71,76.44,0
Niger,Red and Yellow soils,16.887171155387144,1,5.8,22.167450486029797,2.846606265660132,26.33,933.44,72.58,0
Jwar,Black soils,87.71268641532818,0,6.18,15.698221174437968,2.9018118843038945,24.35,824.21,90.0,0
Mustard,Black soils,49.5300825663572,0,5.81,153.43110336778798,4.824259422343958,24.89,961.56,84.22,0
Wheat,Alluvial soils,19.530682289860536,0,6.18,40.60874305282016,2.7283560112256846,25.76,835.45,79.24,0
Kulthi,Black soils,19.94313150748539,1,7.0,97.58946583215312,2.988773303025213,21.17,825.17,81.57,1
Arhar,Alluvial soils,16.947340444794044,0,6.86,115.46353355361116,3.294811394244745,22.47,904.31,73.64,0
Wheat,Red and Yellow soils,44.32758410771781,0,6.52,147.39729054115696,3.125924867676585,25.86,944.8,63.82,0
Groundnut,Laterite soils,65.31840295659302,0,7.0,141.36645020981774,4.393638773635823,25.08,852.03,78.79,0
Til,Alluvial soils,48.12232243119416,1,5.99,159.19400511003866,4.48088955820164,20.58,857.01,77.9,1
Kulthi,Black soils,19.94313150748539,1,6.99,97.58946583215312,2.988773303025213,22.17,858.29,81.09,1
summer paddy,Red and Yellow soils,23.656969306526207,1,6.83,160.81222387384514,2.887401159556615,28.65,788.26,65.33,1
Millets,Alluvial soils,23.54097596703025,1,6.48,57.43568008837477,1.5978107189656572,26.72,810.33,84.79,1
Masoor,Black soils,56.607644110296,0,6.31,14.313069493331705,2.07281804952572,27.9,930.97,69.37,0
Tiwra,Red and Yellow soils,12.71408322731068,0,5.84,16.77495232897338,2.110155905799066,22.72,907.46,89.4,0
Pea,Red and Yellow soils,62.89562385255008,1,5.87,137.36228110423383,3.989132493505775,25.59,918.84,85.3,0
Urd,Laterite soils,2.7426498464331512,0,5.78,88.14528120125196,4.954035987983664,23.5,905.03,63.87,0
summer paddy,Black soils,8.760454270055591,0,5.77,159.97290035688565,2.4566092291501533,28.38,887.13,69.43,0
Moong,Alluvial soils,74.91849185092191,1,6.48,35.66011307470839,3.274662483685392,20.0,907.26,89.03,0
Maize,Black soils,25.60173042272508,1,6.94,165.05125349950538,2.360850866018045,28.48,778.52,64.92,1
Wheat,Red and Yellow soils,45.9958564972776,0,5.96,199.4706146791189,3.097939236387041,26.91,912.69,63.97,0
Maize,Laterite soils,59.61861413363324,1,5.55,135.50678958732516,2.9379073788004195,25.98,917.38,78.58,1
summer paddy,Black soils,99.14865361366142,0,6.06,134.30705078512983,1.949386589804747,23.16,832.95,60.0,0
Mustard,Laterite soils,74.33462632790453,0,6.76,23.998040737995492,3.3383635311434943,30.0,799.24,77.88,0
summer paddy,Laterite soils,34.066071163832795,1,6.36,149.23083239700463,4.611200027303879,26.38,854.89,79.86,1
Millets,Laterite soils,69.8935704948745,0,6.7,32.32819760191878,3.248766454068652,25.78,785.15,85.51,0
Tiwra,Alluvial soils,42.73461385557504,1,6.72,46.60885970748865,2.3240919163041704,28.44,891.61,74.57,0
Urd,Laterite soils,2.7426498464331512,0,5.73,88.14528120125196,4.954035987983664,21.78,946.74,70.44,0
Jwar,Alluvial soils,75.59152131396844,1,6.8,79.91476651727123,4.875495742078561,22.07,885.5,72.29,1
Jwar,Alluvial soils,3.1422931695712104,0,5.5,124.9568629244877,1.2982647039962512,27.68,863.05,79.95,0
Gram,Alluvial soils,92.8493387422751,1,6.74,64.25799140275164,4.914860850641632,28.65,878.66,76.72,1
Moong,Red and Yellow soils,6.70159104623501,0,6.46,154.37849353994258,1.4738508434764648,20.35,913.68,60.0,0
summer paddy,Alluvial soils,62.00398399717235,0,6.75,38.761830651487706,4.14766925501463,22.35,812.99,76.44,0
Maize,Laterite soils,59.61861413363324,1,5.5,135.50678958732516,2.9379073788004195,23.35,869.95,81.77,1
Mustard,Alluvial soils,5.985936900346184,1,5.5,55.23498004685733,0.9143669321101572,24.73,944.7,67.27,1
Jwar,Alluvial soils,33.52139305008494,1,6.26,170.24519022942422,1.7358279923002595,26.7,933.02,66.43,1
Gram,Laterite soils,53.836448220478616,0,5.94,15.2236049976858,0.9405202056930708,23.74,874.59,61.9,0
Til,Black soils,46.52242066000872,0,5.66,142.37837594275828,2.13191427436652,25.1,944.6,60.58,0
Tiwra,Laterite soils,46.4327359055748,0,6.53,65.38166189792891,1.8247075099447776,25.21,925.61,79.06,0
Moong,Alluvial soils,26.489067920660645,1,5.8,57.774369919506846,4.0238207365493945,21.66,926.37,83.07,1
Kulthi,Alluvial soils,95.13326238868204,1,6.85,125.509145492839,4.864218401260991,23.17,869.52,60.0,1
Kulthi,Laterite soils,67.55487925578505,0,6.89,79.33838476518439,4.877362795825739,29.11,794.94,89.5,0
Gram,Black soils,43.903327920986655,1,6.97,153.1401018257682,2.190934023980345,26.62,905.25,84.1,1
Soybean,Red and Yellow soils,8.583758015057295,1,6.52,20.154563205107696,4.90903272481961,20.0,834.44,85.37,0
Millets,Alluvial soils,66.1773521263443,1,6.25,121.45483757861142,4.880676349583943,23.41,871.54,64.1,1
Masoor,Red and Yellow soils,63.29267823677274,1,5.55,149.29521124251127,1.6236523171898996,20.66,949.97,60.0,1
Arhar,Alluvial soils,91.85485510003234,0,6.28,76.53287840752338,1.2994679672213083,30.0,918.69,82.41,0
Moong,Laterite soils,47.72185492708941,0,7.0,108.96450143039937,2.7671496106270737,27.87,781.68,86.22,0
Tiwra,Laterite soils,66.59744978514821,1,6.59,180.71957832423595,3.992147155611458,30.0,795.32,83.67,0
Mustard,Red and Yellow soils,67.90567177519311,0,6.84,184.57009859164535,2.8827361969169605,23.27,794.29,87.95,0
Niger,Alluvial soils,40.72168891707997,1,6.05,64.74785133657514,2.41594149570782,24.96,883.48,75.31,1
Mustard,Alluvial soils,12.351657408054075,1,5.92,74.45869273649792,2.028361205368407,21.58,874.3,75.11,1
Til,Alluvial soils,20.130363157001845,1,6.21,96.39301275682372,3.99987462399122,26.21,960.44,65.97,1
Millets,Black soils,49.27248131847189,0,6.2,53.90095521876777,1.2019846474142255,20.7,840.48,81.8,0
Kulthi,Laterite soils,20.90726535219855,0,6.89,98.52331092318568,2.606152200854422,25.02,876.6,77.07,0
summer paddy,Black soils,8.760454270055591,0,5.6,159.97290035688565,2.4566092291501533,26.83,901.98,67.47,0
summer paddy,Red and Yellow soils,23.656969306526207,1,6.56,160.81222387384514,2.887401159556615,29.77,831.61,64.28,1
summer paddy,Red and Yellow soils,23.656969306526207,1,6.77,160.81222387384514,2.887401159556615,30.0,923.85,64.48,1
summer paddy,Black soils,99.14865361366142,0,6.01,134.30705078512983,1.949386589804747,24.48,906.96,61.27,0
Kulthi,Alluvial soils,54.81048353532652,1,5.91,24.193410570245213,4.594332152474536,25.49,961.31,62.44,0
Jwar,Laterite soils,83.27429064883648,1,5.77,66.97405545052723,4.904528295647274,26.36,968.82,66.95,1
summer paddy,Black soils,99.14865361366142,0,6.01,134.30705078512983,1.949386589804747,23.18,941.64,60.0,0
Maize,Alluvial soils,34.904783067347054,0,6.83,17.703829613210928,0.5905315307981513,27.87,837.39,90.0,0
Til,Alluvial soils,20.130363157001845,1,6.25,96.39301275682372,3.99987462399122,23.92,856.21,67.36,1
Jwar,Black soils,57.1131845366664,0,6.11,85.61927717435609,3.85322871870764,23.75,822.12,60.0,0
Tiwra,Alluvial soils,94.65421714056572,0,5.63,98.95128901135244,3.864899065380877,21.86,892.1,87.92,0
summer paddy,Red and Yellow soils,73.54687524942415,0,5.5,142.93725689571534,4.918276974920083,24.13,986.05,68.25,0
Soybean,Red and Yellow soils,64.9013741262986,0,5.85,175.0559582444221,3.45476106865228,22.02,873.87,74.76,0
Gram,Alluvial soils,96.98944330900548,0,6.71,18.44939670465994,1.562279272549458,21.54,899.77,75.76,0
Til,Laterite soils,60.02344822552675,0,6.82,196.68461063428768,1.6314438342398223,30.0,893.3,73.62,0
Tiwra,Laterite soils,99.79302285723834,1,6.12,28.356863022535748,2.7788430905388597,24.01,933.28,86.51,0
Pea,Alluvial soils,16.94988061339748,1,6.81,184.5564527018232,4.554417666294789,24.47,876.17,61.68,1
Niger,Black soils,2.645006445988896,0,6.1,149.7523142684901,3.7486793601665775,25.99,892.54,74.78,0
Kulthi,Laterite soils,6.566266666595126,1,6.64,182.44291675508293,2.3480193489739687,25.46,854.31,70.46,1
Jwar,Alluvial soils,87.5833721223469,0,6.61,73.36725049269779,3.5742192788952645,28.31,921.54,66.69,0
Groundnut,Red and Yellow soils,36.53238610880504,0,6.71,92.22094687585086,0.9655793146476612,23.79,828.34,77.02,0
Niger,Red and Yellow soils,4.301026088036883,0,6.71,145.61804214220632,2.0812368730220943,22.77,793.96,67.29,0
Jwar,Alluvial soils,89.71217350262663,0,6.68,25.10256180019756,4.094914179917966,23.95,794.04,69.26,0
summer paddy,Laterite soils,99.68532353972208,1,6.43,36.79724244169026,0.5887722514342346,29.83,844.46,68.25,0
Moong,Alluvial soils,30.47426495779317,1,5.5,79.66928665808871,2.6924502123480902,22.6,941.7,74.6,1
Maize,Alluvial soils,84.40064941289427,0,6.66,117.3407974676231,2.5830017311527627,29.46,904.71,87.67,0
Urd,Alluvial soils,37.78258122050927,1,5.7,46.08242628582618,2.6125853106729853,29.57,880.22,72.01,0
Millets,Laterite soils,11.564782214969178,1,6.34,120.43280013719917,3.7676132617091977,25.12,868.01,60.0,1
Mustard,Red and Yellow soils,47.35020570684794,1,6.6,14.979387934802954,2.7212244906205534,23.93,865.24,76.52,0
Maize,Black soils,37.59082546376269,1,5.98,177.66269564708426,3.0725046924698143,23.3,966.34,75.93,0
Mustard,Laterite soils,53.54515854139666,1,6.84,108.2514903397496,3.718948332542829,26.78,897.19,69.1,1
Mustard,Black soils,49.5300825663572,0,5.5,153.43110336778798,4.824259422343958,27.03,839.67,84.81,0
Arhar,Black soils,7.8885965708143235,0,6.78,22.190126691675964,1.5355669671957597,25.57,795.21,84.71,0
Moong,Laterite soils,66.7431644007017,1,6.25,36.37326995857885,1.941595947520944,23.06,894.51,75.4,0
Groundnut,Black soils,13.083322941050284,0,5.79,85.59418473765709,3.41430524157662,23.54,865.48,64.0,0
Jwar,Red and Yellow soils,28.76255629578411,1,5.96,177.41725250309972,0.8627567390016935,25.47,847.02,73.47,1
Pea,Laterite soils,33.75432868239185,1,5.71,80.1683655296807,2.515180774620488,23.41,958.76,67.37,1
Urd,Black soils,24.427711240308238,0,6.02,40.40200266895553,4.121770237149953,25.21,875.24,90.0,0
Millets,Alluvial soils,3.618996042561992,0,6.05,195.20677589698155,0.9929670665083924,27.41,904.06,90.0,0
Jwar,Alluvial soils,87.5833721223469,0,6.22,73.36725049269779,3.5742192788952645,28.24,900.19,60.82,0
Til,Black soils,72.8747310808644,1,6.51,23.94593504567197,0.5056538319244093,20.07,854.28,84.82,0
Millets,Alluvial soils,95.28279889194648,1,6.2,29.144702967043564,4.024157339354911,21.7,829.52,69.85,0
Millets,Alluvial soils,43.70916466330876,1,5.97,39.41587779577248,2.043259526678144,27.63,886.51,89.77,0
Maize,Black soils,73.32267007953085,0,5.98,47.49317757286676,0.6835265598024884,24.02,909.62,68.55,0
Wheat,Red and Yellow soils,44.32758410771781,0,6.72,147.39729054115696,3.125924867676585,26.53,788.44,65.91,0
Millets,Laterite soils,69.8935704948745,0,6.32,32.32819760191878,3.248766454068652,28.05,856.37,83.48,0
Groundnut,Laterite soils,65.31840295659302,0,7.0,141.36645020981774,4.393638773635823,25.97,841.08,83.48,0
Arhar,Alluvial soils,91.85485510003234,0,5.96,76.53287840752338,1.2994679672213083,29.98,901.7,85.88,0
Urd,Red and Yellow soils,21.596618772360653,1,7.0,136.9355851898517,2.343072110888093,20.4,874.52,88.59,1
Kulthi,Laterite soils,1.9575813458450015,0,6.35,135.07179394615684,2.663615249026792,20.66,832.46,77.38,0
Millets,Laterite soils,19.45015786212121,1,6.82,27.201414090139878,0.6815101265907944,23.77,865.7,84.35,0
Gram,Black soils,60.6590114165344,0,5.53,89.25746879492321,4.041605590451173,25.8,933.72,87.44,0
Til,Black soils,29.59626120983151,0,6.23,26.91842836664658,2.7167595174345838,27.27,844.0,88.36,0
Groundnut,Black soils,77.0287821542821,1,6.0,28.30353013570137,1.0980962288868708,30.0,945.95,78.86,0
Mustard,Laterite soils,2.422650386748149,1,5.69,50.003662732995785,1.3339062519960363,27.95,979.84,63.15,1
Gram,Red and Yellow soils,14.573215619358535,1,5.88,57.09839965697187,3.9514705976890343,25.66,883.93,82.46,0
Til,Red and Yellow soils,85.94972915026943,1,5.65,124.22027903539907,4.9855581453472375,20.6,860.25,82.49,1
Pea,Red and Yellow soils,21.55979018755156,0,6.55,77.78609298703317,3.689048046868987,22.27,878.79,66.35,0
summer paddy,Laterite soils,14.757076703479033,0,6.25,114.56572536211222,3.841667344001905,22.05,840.04,72.98,0
Mustard,Laterite soils,53.54515854139666,1,6.85,108.2514903397496,3.718948332542829,24.91,919.12,68.73,1
Moong,Black soils,66.35159251639024,0,5.86,154.92011886243904,4.532794847215374,27.24,951.75,64.44,0
Jwar,Laterite soils,52.03647167552329,1,6.78,64.66675150721977,1.1856502725788038,28.81,847.66,63.57,1
Soybean,Black soils,80.18699184832587,1,6.42,66.79895680678409,2.870925046781913,27.69,896.61,81.55,1
Kulthi,Red and Yellow soils,4.874093193902079,0,5.91,58.01984131719706,1.2796791167350348,22.73,854.13,84.77,0
Mustard,Red and Yellow soils,63.63832068665308,0,6.43,88.53373490142508,1.9370490801246305,27.26,799.14,69.46,0
Pea,Red and Yellow soils,62.89562385255008,1,6.11,137.36228110423383,3.989132493505775,23.83,808.15,87.58,0
Millets,Black soils,15.194191435755716,1,6.02,139.19187074455024,2.3495259339216563,29.08,842.0,74.77,1
Pea,Black soils,35.50207418332751,0,5.94,155.1924950643728,4.558757044762429,28.53,876.16,70.08,0
Til,Laterite soils,79.9474430875547,1,5.79,173.28889307383915,3.202864513601942,22.84,978.38,62.04,1
Niger,Red and Yellow soils,30.05926746262701,0,5.68,171.41131547239257,3.621531844526511,30.0,889.94,63.23,0
Niger,Black soils,41.408301825253936,1,6.43,31.68152038748095,2.551580468611744,22.98,906.44,65.74,0
Arhar,Alluvial soils,16.947340444794044,0,6.88,115.46353355361116,3.294811394244745,22.85,836.91,71.16,0
Urd,Black soils,24.427711240308238,0,6.14,40.40200266895553,4.121770237149953,25.57,942.05,86.78,0
Soybean,Black soils,76.5747447185727,0,6.04,55.80956789226062,1.6624085030446671,21.6,905.56,85.43,0
Jwar,Black soils,87.71268641532818,0,6.07,15.698221174437968,2.9018118843038945,22.02,905.97,84.26,0
Til,Alluvial soils,25.073589779047172,0,7.0,173.56684832753513,0.5153972218655465,27.06,788.5,64.3,0
Urd,Alluvial soils,18.245949358971803,1,6.36,144.86143436361849,4.22251584341133,28.05,913.74,67.07,1
Urd,Red and Yellow soils,80.12909695909734,0,7.0,70.99504826835619,4.201089365152599,29.6,798.51,80.08,0
Pea,Laterite soils,37.95291147089761,1,6.64,155.92154634208538,1.0961422182962492,22.46,896.78,81.1,1
Gram,Black soils,7.859205242978358,0,6.5,59.29153611037987,1.2925953541039088,22.81,906.28,72.47,0
Niger,Black soils,30.080933360930537,0,5.88,52.22680121536878,1.086363801815192,26.65,975.66,68.05,0
Arhar,Alluvial soils,40.59763875962707,1,5.5,154.16751398387302,1.6967064291359415,25.83,898.91,76.69,1
Tiwra,Laterite soils,83.03751864098753,0,5.91,103.43937315702806,4.951128879703812,30.0,830.37,72.6,0
Soybean,Alluvial soils,1.0845160463029235,0,6.03,132.15140054930788,1.295639412046346,24.51,949.0,84.14,0
Pea,Black soils,96.80767801393904,0,6.37,195.8016411514046,1.166165615757137,21.65,902.59,79.17,0
Jwar,Alluvial soils,3.1422931695712104,0,5.5,124.9568629244877,1.2982647039962512,27.27,940.9,76.31,0
Til,Laterite soils,60.02344822552675,0,6.8,196.68461063428768,1.6314438342398223,29.61,850.47,69.22,0
Millets,Laterite soils,40.123933186942935,1,5.92,78.28259692949361,2.6365415718597265,25.43,819.71,71.27,1
Wheat,Red and Yellow soils,45.9958564972776,0,6.03,199.4706146791189,3.097939236387041,27.25,952.19,65.88,0
Jwar,Alluvial soils,8.770750022223734,1,5.85,115.99582439793596,2.540243063469655,23.61,953.67,87.19,1
Tiwra,Laterite soils,46.4327359055748,0,6.34,65.38166189792891,1.8247075099447776,25.58,811.19,75.16,0
Wheat,Alluvial soils,86.54297981140141,0,7.0,108.46872549256152,3.65827855817515,21.9,886.87,60.34,0
Moong,Laterite soils,15.751845797753464,1,6.29,116.91939141246866,1.6379793852651496,21.06,953.1,63.6,1
Millets,Alluvial soils,43.70916466330876,1,6.0,39.41587779577248,2.043259526678144,27.18,861.31,88.33,0
Til,Black soils,29.59626120983151,0,6.26,26.91842836664658,2.7167595174345838,29.82,923.5,90.0,0
Rice,Laterite soils,6.748270550218036,0,6.18,153.16939920228737,1.174174578363922,26.09,910.73,60.27,0
Pea,Alluvial soils,16.94988061339748,1,6.89,184.5564527018232,4.554417666294789,25.0,925.03,61.84,1
summer paddy,Laterite soils,68.33971322490649,1,6.9,21.80492518759846,3.622176401026044,20.43,801.26,72.94,0
Pea,Red and Yellow soils,77.1904149781785,1,6.33,159.6942075375746,3.61915464017993,24.21,921.56,60.0,1
Wheat,Alluvial soils,67.4018482677936,0,5.82,27.39069849597884,4.906744463762068,20.56,980.28,64.74,0
Tiwra,Alluvial soils,57.12809708824221,1,6.53,197.0604365484146,3.9823961897083984,22.35,813.7,67.77,1
Jwar,Alluvial soils,77.34890187462672,0,6.31,187.39893140589743,4.13407204546712,25.18,890.95,66.91,0
Urd,Red and Yellow soils,45.498714553357374,0,6.79,78.41811791005178,2.4597531594443405,22.19,766.93,81.8,0
Til,Red and Yellow soils,80.31440413281457,0,5.73,77.60609722671164,0.5869799739884878,28.37,918.88,62.61,0
Til,Laterite soils,82.11526872345533,0,5.84,179.22366038694898,3.004640999287888,25.8,911.47,66.94,0
Til,Alluvial soils,20.130363157001845,1,6.23,96.39301275682372,3.99987462399122,26.63,827.32,66.97,1
Rice,Laterite soils,7.142480781761127,0,5.83,145.4650010321932,2.084973135653419,23.67,855.92,67.68,0
summer paddy,Red and Yellow soils,23.656969306526207,1,7.0,160.81222387384514,2.887401159556615,29.26,916.47,63.61,1
Niger,Black soils,41.408301825253936,1,6.12,31.68152038748095,2.551580468611744,22.37,870.7,63.26,0
Tiwra,Laterite soils,41.61828535466275,1,6.57,25.379723997991185,4.950763297623329,26.04,895.41,60.0,0
Millets,Laterite soils,19.45015786212121,1,6.65,27.201414090139878,0.6815101265907944,22.05,917.75,82.09,0
Millets,Laterite soils,11.564782214969178,1,6.81,120.43280013719917,3.7676132617091977,24.72,817.31,61.17,1
Soybean,Black soils,98.59433372410363,0,5.84,78.26901572028348,4.212803098596902,25.07,942.36,72.88,0
Jwar,Red and Yellow soils,54.09861316205604,1,5.72,43.55196900142567,2.5235327567755976,27.67,893.7,68.16,0
Moong,Laterite soils,75.26532755569725,1,5.75,43.65731320402202,3.3010974637817863,29.11,962.85,66.46,0
Gram,Black soils,18.54638357946299,1,5.62,34.31846563723244,1.5054079551932045,25.77,909.06,68.79,0
Rice,Black soils,5.27909199036012,1,6.61,172.95426825777906,0.8633173028000611,20.62,901.7,65.25,1
Rice,Laterite soils,7.142480781761127,0,5.8,145.4650010321932,2.084973135653419,24.6,911.04,73.71,0
Pea,Alluvial soils,34.82813570853206,1,6.94,39.67680173556278,0.8048689074476658,28.62,778.24,76.56,0
Jwar,Alluvial soils,93.969049183815,1,6.74,83.89046853013258,1.8300016425041368,24.9,923.33,84.06,1
Soybean,Laterite soils,13.10812731307866,1,5.66,178.12965587280345,2.260207718353315,29.15,977.97,75.91,1
Kulthi,Laterite soils,31.16493766854265,0,6.61,37.76578110224007,3.3810076514253757,21.66,869.85,66.03,0
Jwar,Alluvial soils,50.27501027132872,0,6.35,103.71091740391591,4.248261783890516,21.53,858.68,64.01,0
Soybean,Black soils,43.93909969768636,1,6.76,187.44094250103575,3.156684445310398,28.49,790.1,84.09,1
summer paddy,Alluvial soils,92.14077589708448,0,5.5,37.26311684885115,2.4051624361938035,20.28,831.42,79.41,0
Maize,Laterite soils,80.06913248485557,0,6.17,60.5239790933438,1.7659599285259715,29.17,884.83,73.17,0
Pea,Black soils,60.61327630651897,1,6.23,71.88729840163472,3.3834428136844004,25.46,900.56,60.37,1
Maize,Laterite soils,80.06913248485557,0,6.45,60.5239790933438,1.7659599285259715,27.82,813.33,72.36,0
Gram,Alluvial soils,96.9050114005799,0,6.63,122.13502087504426,2.056511701070491,21.96,795.25,90.0,0
Maize,Black soils,65.32355202698167,0,5.7,153.432927891906,1.8221311119500412,21.07,949.69,76.13,0
Millets,Alluvial soils,11.562316984377864,1,5.75,36.32941582572472,4.6043699786807775,24.66,899.74,66.25,0
Groundnut,Laterite soils,65.31840295659302,0,6.96,141.36645020981774,4.393638773635823,24.86,845.52,82.25,0
Jwar,Black soils,13.99127022595174,1,6.62,96.4732462540386,1.8688803337971989,23.93,850.53,73.05,1
Kulthi,Red and Yellow soils,77.23112760032592,0,6.82,189.48722932169497,0.7063293420201492,23.73,817.32,77.2,0
Jwar,Black soils,57.1131845366664,0,6.14,85.61927717435609,3.85322871870764,25.41,934.74,60.0,0
Kulthi,Alluvial soils,17.77720417995551,1,6.68,186.6233951811228,2.9967585527538096,20.0,919.87,63.69,1
Wheat,Red and Yellow soils,45.9958564972776,0,6.13,199.4706146791189,3.097939236387041,28.99,865.1,61.43,0
Rice,Alluvial soils,45.02207961303291,1,6.07,183.9060120825367,2.2666440011155182,28.47,844.88,90.0,1
Tiwra,Red and Yellow soils,49.47275930960727,1,6.63,64.97986652212177,4.40748983958334,26.44,855.77,88.63,0
Mustard,Black soils,8.188474407011933,1,6.85,47.59586392867045,2.8105878706836,20.0,815.03,60.0,0
summer paddy,Black soils,99.14865361366142,0,6.14,134.30705078512983,1.949386589804747,23.26,876.63,63.87,0
Millets,Laterite soils,43.90448238355727,0,6.13,165.51927153855505,0.5251230931434431,21.74,812.61,65.99,0
Wheat,Alluvial soils,86.71163811325147,1,6.08,54.94653337104506,3.359167289944513,29.65,902.52,80.18,1
Mustard,Red and Yellow soils,67.90567177519311,0,6.77,184.57009859164535,2.8827361969169605,22.27,906.26,86.8,0
Niger,Black soils,37.31419938079141,1,7.0,132.93729695324475,2.649581196463151,23.43,842.14,84.3,1
Gram,Red and Yellow soils,19.447014158096326,0,7.0,144.3782799628782,2.1302329607260293,27.84,845.6,81.91,0
Gram,Red and Yellow soils,82.24193371365227,1,6.36,186.49446950562293,3.4182091680119338,20.0,939.48,60.0,1
Niger,Laterite soils,4.079749834554197,0,5.68,99.53335179078957,3.6129767886177073,25.12,923.65,72.56,0
Millets,Alluvial soils,3.618996042561992,0,6.07,195.20677589698155,0.9929670665083924,27.17,908.15,85.96,0
Groundnut,Laterite soils,34.78961480849945,1,6.32,100.82047107807897,4.765268097487416,25.29,888.83,83.41,1
Jwar,Black soils,87.71268641532818,0,6.08,15.698221174437968,2.9018118843038945,24.05,914.72,85.26,0
Pea,Red and Yellow soils,57.89621108388996,1,6.23,140.3534641806105,3.0806227397827857,27.17,786.62,85.33,1
Til,Red and Yellow soils,85.94972915026943,1,5.67,124.22027903539907,4.9855581453472375,21.46,894.18,78.49,1
Groundnut,Laterite soils,73.65874563961616,0,5.78,22.36466943541153,2.773808931043931,26.1,860.8,62.95,0
Maize,Laterite soils,80.06913248485557,0,6.49,60.5239790933438,1.7659599285259715,27.32,841.67,66.4,0
Pea,Black soils,60.61327630651897,1,6.03,71.88729840163472,3.3834428136844004,25.22,907.58,62.71,1
Masoor,Alluvial soils,71.71208281936302,0,7.0,31.377403355249527,1.0655330314056928,27.11,796.34,64.88,0
Millets,Red and Yellow soils,17.122970872144943,1,6.23,60.7652239322664,2.3761285663683043,25.98,937.54,73.12,1
Niger,Alluvial soils,30.9149550672235,0,7.0,25.390180382606133,4.890082443067278,21.01,885.31,77.2,0
Pea,Black soils,60.61327630651897,1,6.12,71.88729840163472,3.3834428136844004,25.12,921.59,60.64,1
summer paddy,Laterite soils,14.757076703479033,0,6.26,114.56572536211222,3.841667344001905,21.02,828.57,71.4,0
Til,Laterite soils,60.02344822552675,0,6.69,196.68461063428768,1.6314438342398223,30.0,877.4,71.36,0
Arhar,Red and Yellow soils,89.63418660147754,0,6.01,197.40269607320457,2.917209527133356,25.43,824.5,78.49,0
Maize,Alluvial soils,25.96962093356883,0,5.78,159.78724651759555,2.4066244155234733,20.38,961.72,70.57,0
Tiwra,Laterite soils,99.79302285723834,1,6.42,28.356863022535748,2.7788430905388597,24.03,848.0,85.29,0
Jwar,Red and Yellow soils,81.05182096520964,1,5.5,198.10884266676885,4.3258916692421066,24.1,929.29,70.24,1
Mustard,Laterite soils,50.57716960311954,0,5.82,79.28921525200687,1.641631398260391,27.03,933.67,81.08,0
Wheat,Alluvial soils,86.71163811325147,1,6.26,54.94653337104506,3.359167289944513,29.66,836.48,79.34,1
Maize,Laterite soils,59.61861413363324,1,5.5,135.50678958732516,2.9379073788004195,25.98,830.93,80.93,1
summer paddy,Red and Yellow soils,1.3568197489404303,1,6.02,169.14624833347128,4.405057679473639,30.0,847.47,84.4,0
Niger,Alluvial soils,30.9149550672235,0,7.0,25.390180382606133,4.890082443067278,22.42,818.37,83.6,0
Gram,Laterite soils,53.836448220478616,0,5.88,15.2236049976858,0.9405202056930708,24.08,910.38,61.16,0
Millets,Alluvial soils,3.618996042561992,0,6.51,195.20677589698155,0.9929670665083924,26.38,782.71,87.6,0
Masoor,Black soils,35.88229477097293,0,6.78,78.05785247904603,3.7076108701053294,24.62,790.96,62.06,0
Niger,Alluvial soils,30.9149550672235,0,6.82,25.390180382606133,4.890082443067278,21.9,861.43,83.3,0
Mustard,Black soils,49.5300825663572,0,5.72,153.43110336778798,4.824259422343958,27.32,919.58,85.04,0
Pea,Red and Yellow soils,21.55979018755156,0,6.51,77.78609298703317,3.689048046868987,23.69,832.77,65.58,0
Arhar,Black soils,7.8885965708143235,0,6.84,22.190126691675964,1.5355669671957597,25.24,886.15,80.38,0
Pea,Laterite soils,23.44233244018282,0,6.18,87.75414749046334,4.298467138068505,21.88,854.97,90.0,0
Gram,Red and Yellow soils,82.24193371365227,1,6.04,186.49446950562293,3.4182091680119338,20.73,923.3,60.0,1
Kulthi,Black soils,67.84108048066902,1,7.0,44.23042527392003,2.349613359680567,24.29,790.29,76.74,0
Til,Red and Yellow soils,63.93819639548853,1,5.78,86.5501462725284,0.8314949690878561,25.95,904.92,72.21,1
Urd,Red and Yellow soils,80.12909695909734,0,7.0,70.99504826835619,4.201089365152599,29.63,879.44,83.66,0
Gram,Red and Yellow soils,19.447014158096326,0,6.68,144.3782799628782,2.1302329607260293,29.96,809.82,87.09,0
Til,Red and Yellow soils,80.31440413281457,0,5.92,77.60609722671164,0.5869799739884878,28.74,850.36,68.39,0
Groundnut,Laterite soils,47.3154015978025,0,5.91,163.00709664528063,2.6080442594736524,22.49,940.22,60.64,0
Soybean,Red and Yellow soils,3.422005573134409,1,6.46,184.83881346960908,0.628547000211728,29.65,891.88,66.09,1
Pea,Alluvial soils,17.17303816819014,0,5.51,163.3134475429299,2.644391106796571,25.97,955.27,66.21,0
Rice,Red and Yellow soils,94.9606118039142,0,5.81,54.1128672085785,1.619877527026648,23.38,925.32,63.02,0
Kulthi,Laterite soils,67.55487925578505,0,6.99,79.33838476518439,4.877362795825739,26.73,894.48,89.38,0
Arhar,Alluvial soils,93.266516769375,0,6.22,151.91084094712255,4.153019042714469,28.0,907.46,74.82,0
Wheat,Black soils,27.701983404171347,1,6.85,165.79370043835235,0.8135175506595091,25.63,791.78,85.08,1
Jwar,Alluvial soils,89.71217350262663,0,6.57,25.10256180019756,4.094914179917966,23.59,925.89,68.38,0
Gram,Red and Yellow soils,19.447014158096326,0,6.7,144.3782799628782,2.1302329607260293,29.17,880.1,86.57,0
Maize,Black soils,37.59082546376269,1,6.14,177.66269564708426,3.0725046924698143,22.3,919.21,77.85,0
Millets,Laterite soils,57.962788657384245,1,6.25,176.98515468543576,1.3308049793192296,30.0,928.64,78.41,1
Til,Black soils,29.59626120983151,0,6.23,26.91842836664658,2.7167595174345838,27.92,877.29,90.0,0
Soybean,Alluvial soils,1.0845160463029235,0,6.07,132.15140054930788,1.295639412046346,24.03,888.61,86.2,0
Arhar,Alluvial soils,93.266516769375,0,6.23,151.91084094712255,4.153019042714469,26.27,895.99,76.24,0
Pea,Laterite soils,13.913505998801302,1,6.03,198.6012534110168,2.571015400924413,26.03,838.71,64.01,1
Soybean,Red and Yellow soils,3.422005573134409,1,6.88,184.83881346960908,0.628547000211728,28.03,886.11,60.45,1
Tiwra,Black soils,51.6709483055929,0,7.0,135.42477390060515,3.1134728386348294,23.3,861.42,80.83,0
Millets,Alluvial soils,3.618996042561992,0,6.45,195.20677589698155,0.9929670665083924,28.83,879.36,90.0,0
Moong,Black soils,68.47419592831014,1,6.23,62.139746561585554,1.7248326329770518,27.28,860.26,70.55,0
Gram,Alluvial soils,44.36061613463463,1,5.76,51.92836348552057,1.185780320544819,23.15,976.78,72.07,1
Pea,Alluvial soils,34.82813570853206,1,6.64,39.67680173556278,0.8048689074476658,28.83,925.3,72.22,0
Pea,Red and Yellow soils,21.55979018755156,0,6.49,77.78609298703317,3.689048046868987,23.46,852.28,60.54,0
Kulthi,Laterite soils,67.55487925578505,0,6.68,79.33838476518439,4.877362795825739,27.97,771.75,86.17,0
Millets,Red and Yellow soils,60.97944387000568,0,6.48,183.50464510721,2.1363469721664288,28.1,911.59,63.66,0
Wheat,Red and Yellow soils,45.9958564972776,0,6.15,199.4706146791189,3.097939236387041,28.09,911.47,60.76,0
Wheat,Laterite soils,7.276797004040833,0,5.86,117.16853925930828,3.99316410162361,25.74,876.32,84.87,0
Masoor,Red and Yellow soils,63.29267823677274,1,5.62,149.29521124251127,1.6236523171898996,21.41,847.3,62.36,1
Kulthi,Black soils,19.94313150748539,1,6.81,97.58946583215312,2.988773303025213,23.11,893.25,83.17,1
Soybean,Alluvial soils,73.18122507589274,0,5.75,84.15235572039454,4.546057014434088,23.15,853.46,83.95,0
summer paddy,Laterite soils,57.82058689786627,0,6.24,53.81319082011551,2.8357837897845606,20.44,899.18,74.5,0
Moong,Laterite soils,75.26532755569725,1,5.96,43.65731320402202,3.3010974637817863,29.0,929.72,63.84,0
Pea,Alluvial soils,34.82813570853206,1,6.87,39.67680173556278,0.8048689074476658,28.98,924.58,71.79,0
Niger,Black soils,41.408301825253936,1,6.47,31.68152038748095,2.551580468611744,21.65,882.17,69.41,0
Mustard,Alluvial soils,29.138359213116704,0,6.35,163.4305505984715,3.5913293882148416,26.54,825.88,66.42,0
summer paddy,Alluvial soils,62.00398399717235,0,6.95,38.761830651487706,4.14766925501463,23.36,809.24,75.66,0
Jwar,Laterite soils,51.52716525625736,0,5.5,117.26931971045472,4.763386070226863,26.22,965.28,60.0,0
summer paddy,Black soils,60.308079523188816,0,6.7,43.46443527108601,3.000106367186519,28.2,867.93,80.17,0
Masoor,Red and Yellow soils,15.573043648692993,0,5.56,40.394151236744186,2.3537196802479925,25.05,887.41,69.31,0
Mustard,Red and Yellow soils,67.90567177519311,0,7.0,184.57009859164535,2.8827361969169605,24.44,859.61,86.18,0
Millets,Black soils,6.907493912567169,0,6.83,84.40519823967013,2.862263975769026,27.18,860.06,83.22,0
Soybean,Black soils,99.34559799516776,0,7.0,135.6931179241448,1.381824872493303,24.15,906.47,71.35,0
Gram,Red and Yellow soils,82.24193371365227,1,6.18,186.49446950562293,3.4182091680119338,21.12,894.81,60.0,1
Jwar,Alluvial soils,33.52139305008494,1,6.06,170.24519022942422,1.7358279923002595,25.42,905.26,64.34,1
Rice,Laterite soils,83.8775957011866,1,5.5,34.37576356945297,2.294909994831729,29.57,887.51,70.34,0
Soybean,Red and Yellow soils,8.583758015057295,1,6.73,20.154563205107696,4.90903272481961,21.34,860.64,82.89,0
Wheat,Laterite soils,7.276797004040833,0,5.85,117.16853925930828,3.99316410162361,26.42,831.13,83.95,0
Til,Alluvial soils,48.12232243119416,1,5.76,159.19400511003866,4.48088955820164,20.0,828.46,73.21,1
Kulthi,Alluvial soils,61.837349287810135,1,7.0,27.801636027771064,2.6701487722421016,25.28,887.28,76.29,0
Groundnut,Laterite soils,81.6554741475988,1,7.0,86.15027954705378,1.14379756440237,26.66,894.3,73.64,1
Groundnut,Black soils,87.53054551977526,0,5.5,172.43490927868564,4.158548482629399,30.0,848.81,73.52,0
Rice,Alluvial soils,49.78214071680444,0,6.81,54.89730595991944,1.04622923932641,20.7,834.27,77.36,0
Tiwra,Laterite soils,46.4327359055748,0,6.32,65.38166189792891,1.8247075099447776,24.96,946.43,74.87,0
summer paddy,Black soils,8.760454270055591,0,5.54,159.97290035688565,2.4566092291501533,28.5,876.62,70.08,0
Mustard,Alluvial soils,12.351657408054075,1,5.83,74.45869273649792,2.028361205368407,20.16,857.28,76.55,1
Maize,Alluvial soils,14.964041185953416,1,6.92,139.1026557896301,1.843602189402552,26.46,888.15,69.53,1
summer paddy,Black soils,8.760454270055591,0,5.54,159.97290035688565,2.4566092291501533,26.42,963.83,69.15,0
Til,Laterite soils,72.63236990744744,0,6.14,91.21425103639508,0.6719788045907025,28.57,852.49,65.65,0
Pea,Alluvial soils,63.2123421474168,1,6.2,30.08992185887418,2.1099619017340947,26.95,892.61,65.81,0
Masoor,Black soils,95.87154982405876,1,6.73,129.9810832257704,0.5034414484512415,21.49,947.79,60.0,1
Rice,Black soils,68.42984036578169,0,6.29,121.15296547268264,2.6923847070482827,30.0,841.73,89.51,0
Millets,Laterite soils,69.8935704948745,0,6.23,32.32819760191878,3.248766454068652,26.16,883.7,83.78,0
Wheat,Red and Yellow soils,19.63023274762661,0,5.67,132.24686057442185,4.182026033346189,28.51,883.93,62.38,0
Til,Alluvial soils,20.130363157001845,1,5.82,96.39301275682372,3.99987462399122,24.22,942.14,67.62,1
Jwar,Red and Yellow soils,14.921019331346107,0,6.29,199.58265014089395,3.3401633423800927,23.78,933.51,86.47,0
Jwar,Laterite soils,83.11521733640478,1,5.94,135.05875811788147,2.826652317689744,25.09,917.82,61.82,1
Groundnut,Red and Yellow soils,36.53238610880504,0,6.71,92.22094687585086,0.9655793146476612,24.37,930.93,72.19,0
Niger,Laterite soils,58.342897767539576,0,5.95,30.396351069572987,0.6188329381507388,24.14,928.21,84.94,0
Til,Laterite soils,79.80767833149267,1,6.0,195.1869784074493,4.9333156627866845,21.9,922.28,81.86,0
Soybean,Red and Yellow soils,64.9013741262986,0,6.04,175.0559582444221,3.45476106865228,22.08,896.56,74.04,0
Urd,Red and Yellow soils,45.498714553357374,0,6.98,78.41811791005178,2.4597531594443405,21.81,807.26,82.51,0
Jwar,Red and Yellow soils,14.921019331346107,0,6.21,199.58265014089395,3.3401633423800927,22.57,827.15,86.63,0
Kulthi,Black soils,23.189085786347796,0,5.68,189.8627111419892,2.7848888056767773,28.05,822.82,88.26,0
Jwar,Black soils,13.99127022595174,1,6.49,96.4732462540386,1.8688803337971989,22.9,898.67,72.44,1
Wheat,Red and Yellow soils,45.9958564972776,0,6.3,199.4706146791189,3.097939236387041,29.28,914.87,62.62,0
Arhar,Alluvial soils,39.45787077617061,1,6.39,191.36893057921523,4.646728325885565,21.56,888.63,66.37,0
Jwar,Black soils,58.43929542154972,1,5.76,16.566631578535365,3.473426184998023,23.03,902.27,72.14,0
Kulthi,Black soils,39.49071677717886,0,6.08,60.39751234176016,3.8970756841866954,27.39,829.5,72.33,0
Soybean,Laterite soils,71.15073745457829,1,5.75,34.43015994612051,2.8276033668845826,28.0,852.77,67.55,0
Tiwra,Black soils,97.158326515426,0,5.5,132.63690929018293,0.9977835566720724,20.53,854.24,74.23,0
Jwar,Red and Yellow soils,54.09861316205604,1,5.52,43.55196900142567,2.5235327567755976,27.2,870.3,72.7,0
Masoor,Black soils,95.87154982405876,1,6.71,129.9810832257704,0.5034414484512415,20.39,904.59,61.07,1
Urd,Black soils,6.69515158775076,0,6.41,187.8070287106091,1.1930450406000916,24.18,900.95,74.63,0
Soybean,Black soils,98.59433372410363,0,6.16,78.26901572028348,4.212803098596902,23.95,932.57,68.46,0
Pea,Alluvial soils,30.453837006264006,0,5.52,185.93651068955492,1.0198778892903464,29.11,879.6,76.22,0
Masoor,Red and Yellow soils,34.865602801136006,1,5.88,74.53290343716962,0.976484678989204,20.96,862.88,64.78,1
Urd,Laterite soils,2.7426498464331512,0,5.51,88.14528120125196,4.954035987983664,24.11,852.27,69.33,0
Soybean,Black soils,76.5747447185727,0,6.01,55.80956789226062,1.6624085030446671,20.99,803.17,85.47,0
Gram,Alluvial soils,40.02287500376711,1,6.68,152.92792867079348,3.896782705565548,25.3,846.17,63.67,1
Groundnut,Alluvial soils,76.89512894880215,0,6.89,111.20094863538525,4.241037869145725,20.55,823.39,73.04,0
summer paddy,Laterite soils,34.066071163832795,1,6.57,149.23083239700463,4.611200027303879,26.49,869.88,77.99,1
Mustard,Red and Yellow soils,63.63832068665308,0,6.65,88.53373490142508,1.9370490801246305,29.09,834.21,69.03,0
Moong,Alluvial soils,30.47426495779317,1,5.91,79.66928665808871,2.6924502123480902,23.66,812.94,80.28,1
summer paddy,Alluvial soils,62.00398399717235,0,6.98,38.761830651487706,4.14766925501463,22.49,834.92,77.43,0
Wheat,Alluvial soils,54.78604267673645,0,6.84,83.84981090417665,4.083958299034335,22.66,911.36,90.0,0
Tiwra,Red and Yellow soils,45.40305501460495,1,5.5,63.94801167122259,4.253171358306454,27.72,958.99,82.33,1
Arhar,Alluvial soils,93.266516769375,0,6.03,151.91084094712255,4.153019042714469,25.88,864.75,78.62,0
Jwar,Red and Yellow soils,61.33138378263416,0,6.34,131.90345014994583,3.0456960700275504,20.42,876.9,80.19,0
Mustard,Red and Yellow soils,63.63832068665308,0,6.84,88.53373490142508,1.9370490801246305,26.99,883.67,74.75,0
Mustard,Alluvial soils,29.138359213116704,0,6.38,163.4305505984715,3.5913293882148416,26.88,949.39,65.25,0
Tiwra,Red and Yellow soils,97.38715723126916,1,6.2,137.4889698215875,2.0734056158904988,25.62,843.13,84.16,1
Gram,Red and Yellow soils,19.447014158096326,0,7.0,144.3782799628782,2.1302329607260293,27.25,798.24,81.03,0
Tiwra,Alluvial soils,42.73461385557504,1,6.71,46.60885970748865,2.3240919163041704,29.39,921.93,72.45,0
Mustard,Alluvial soils,29.138359213116704,0,6.31,163.4305505984715,3.5913293882148416,28.35,849.99,65.62,0
Wheat,Alluvial soils,86.54297981140141,0,6.94,108.46872549256152,3.65827855817515,20.07,892.97,65.5,0
Masoor,Black soils,35.88229477097293,0,6.66,78.05785247904603,3.7076108701053294,26.31,830.53,65.47,0
Tiwra,Red and Yellow soils,45.40305501460495,1,5.77,63.94801167122259,4.253171358306454,27.9,844.97,85.6,1
Groundnut,Black soils,87.53054551977526,0,5.79,172.43490927868564,4.158548482629399,28.59,844.61,67.54,0
Millets,Laterite soils,48.74312011750155,0,5.97,120.33880048951929,2.4768589850115967,20.0,969.01,74.58,0
Kulthi,Black soils,67.84108048066902,1,6.93,44.23042527392003,2.349613359680567,23.61,811.55,81.7,0
summer paddy,Alluvial soils,80.44770135267859,0,7.0,29.64755058306169,4.7260075846814615,20.75,887.21,87.38,0
Masoor,Black soils,35.88229477097293,0,6.52,78.05785247904603,3.7076108701053294,24.76,841.21,60.0,0
Gram,Alluvial soils,6.631856397258757,1,6.46,199.531133950268,4.800063599754694,23.21,788.29,82.55,0
Masoor,Alluvial soils,71.71208281936302,0,6.94,31.377403355249527,1.0655330314056928,26.86,870.79,66.69,0
Maize,Laterite soils,80.06913248485557,0,6.11,60.5239790933438,1.7659599285259715,28.02,885.14,66.1,0
Millets,Alluvial soils,11.562316984377864,1,6.11,36.32941582572472,4.6043699786807775,24.35,909.21,64.38,0
Moong,Alluvial soils,30.47426495779317,1,5.88,79.66928665808871,2.6924502123480902,24.58,815.63,73.51,1
Jwar,Alluvial soils,77.34890187462672,0,6.2,187.39893140589743,4.13407204546712,23.97,947.26,67.43,0
Gram,Black soils,43.903327920986655,1,6.64,153.1401018257682,2.190934023980345,25.52,847.09,83.84,1
Pea,Red and Yellow soils,57.89621108388996,1,6.17,140.3534641806105,3.0806227397827857,26.95,838.7,83.07,1
Urd,Red and Yellow soils,22.62538625387936,1,6.02,187.4545404933927,3.635494046187656,21.45,932.31,76.96,0
Gram,Alluvial soils,79.26862073639087,1,5.69,169.83024901214273,4.126874099803565,20.0,853.34,83.28,1
Masoor,Black soils,32.78096124453907,1,5.99,155.80477364636056,4.464364499262837,29.57,808.11,84.79,1
Millets,Alluvial soils,11.562316984377864,1,5.75,36.32941582572472,4.6043699786807775,25.74,857.34,71.37,0
Masoor,Red and Yellow soils,90.46926764515013,1,6.25,39.5265414675269,4.552431153446992,26.45,862.34,75.29,0
Maize,Black soils,25.60173042272508,1,6.86,165.05125349950538,2.360850866018045,29.25,842.97,65.39,1
Rice,Alluvial soils,45.02207961303291,1,6.0,183.9060120825367,2.2666440011155182,25.77,863.7,90.0,1
Millets,Black soils,8.545620951059774,1,6.5,161.95956637121765,4.866411463972916,30.0,876.53,90.0,1
Rice,Red and Yellow soils,65.11829897838918,0,6.79,175.61385743537613,1.910934434431556,27.56,800.53,63.11,0
Millets,Laterite soils,40.123933186942935,1,5.69,78.28259692949361,2.6365415718597265,23.82,931.87,69.11,1
Jwar,Red and Yellow soils,81.05182096520964,1,5.5,198.10884266676885,4.3258916692421066,24.06,852.09,67.18,1
Maize,Red and Yellow soils,92.61970763557478,1,6.56,58.18133438986627,3.1266305880832834,29.77,848.84,62.73,0
Arhar,Alluvial soils,40.59763875962707,1,5.71,154.16751398387302,1.6967064291359415,26.9,935.56,72.51,1
Kulthi,Laterite soils,97.05327118037404,1,6.72,33.70437264492988,4.118308574057645,24.71,844.65,71.27,0
summer paddy,Laterite soils,80.66896941192711,0,6.59,54.11712191845815,3.2515109543711493,27.59,855.12,61.59,0
Groundnut,Alluvial soils,51.66383286816028,0,6.31,98.78595372126168,1.518977035891242,20.37,886.82,68.63,0
Millets,Laterite soils,19.45015786212121,1,6.76,27.201414090139878,0.6815101265907944,23.61,817.45,77.25,0
Arhar,Laterite soils,84.46788570106386,1,6.21,192.94268675753716,2.7573837199416857,27.22,936.9,70.41,1
Niger,Black soils,37.31419938079141,1,6.92,132.93729695324475,2.649581196463151,23.77,830.98,87.4,1
Groundnut,Red and Yellow soils,36.53238610880504,0,6.67,92.22094687585086,0.9655793146476612,24.36,844.34,73.08,0
Jwar,Laterite soils,52.03647167552329,1,6.77,64.66675150721977,1.1856502725788038,29.02,870.07,64.57,1
Soybean,Laterite soils,71.15073745457829,1,5.67,34.43015994612051,2.8276033668845826,29.36,829.87,72.03,0
Soybean,Laterite soils,13.10812731307866,1,5.51,178.12965587280345,2.260207718353315,27.92,962.27,75.79,1
Mustard,Alluvial soils,29.138359213116704,0,6.18,163.4305505984715,3.5913293882148416,28.8,901.43,60.0,0
Mustard,Laterite soils,71.43977713087003,0,5.66,192.4061665391249,2.318230840930169,21.7,822.61,78.96,0
summer paddy,Alluvial soils,62.00398399717235,0,7.0,38.761830651487706,4.14766925501463,24.57,831.68,78.06,0
summer paddy,Black soils,8.760454270055591,0,5.73,159.97290035688565,2.4566092291501533,27.39,982.21,69.46,0
summer paddy,Red and Yellow soils,23.656969306526207,1,6.74,160.81222387384514,2.887401159556615,30.0,948.35,61.69,1
Jwar,Red and Yellow soils,54.09861316205604,1,5.53,43.55196900142567,2.5235327567755976,26.93,848.71,70.61,0
Groundnut,Alluvial soils,51.66383286816028,0,6.43,98.78595372126168,1.518977035891242,20.39,837.0,65.84,0
Jwar,Black soils,57.1131845366664,0,6.4,85.61927717435609,3.85322871870764,23.72,879.01,62.82,0
Til,Red and Yellow soils,63.93819639548853,1,5.77,86.5501462725284,0.8314949690878561,27.62,901.31,71.54,1
Jwar,Black soils,6.792207993494205,1,6.05,141.9426703662678,3.0373075279627453,25.92,836.5,83.17,0
Kulthi,Alluvial soils,95.13326238868204,1,6.8,125.509145492839,4.864218401260991,23.2,884.4,66.06,1
Jwar,Laterite soils,83.11521733640478,1,5.87,135.05875811788147,2.826652317689744,27.15,846.26,62.76,1
Pea,Alluvial soils,34.82813570853206,1,6.68,39.67680173556278,0.8048689074476658,29.24,820.29,76.9,0
Jwar,Laterite soils,92.81866674409925,1,6.1,159.32913111736443,4.144766898974626,20.58,916.19,81.25,0
Mustard,Laterite soils,71.43977713087003,0,5.76,192.4061665391249,2.318230840930169,20.0,902.18,79.15,0
Maize,Red and Yellow soils,83.97676737225935,0,5.57,174.8228236194111,1.95984723189331,22.23,868.54,81.6,0
Jwar,Red and Yellow soils,81.05182096520964,1,5.84,198.10884266676885,4.3258916692421066,25.25,910.7,67.95,1
Niger,Red and Yellow soils,4.301026088036883,0,6.51,145.61804214220632,2.0812368730220943,21.87,806.76,66.55,0
Kulthi,Black soils,64.62899831981025,0,6.67,83.52491651545493,1.5690018255421825,23.15,936.32,60.0,0
Soybean,Alluvial soils,45.929950244441066,1,6.47,146.06295145488895,4.868631700892124,26.77,791.76,73.57,0
Rice,Red and Yellow soils,62.88030372406628,0,6.35,69.50062910462015,4.898555948589926,24.2,923.48,73.73,0
Masoor,Black soils,32.78096124453907,1,5.65,155.80477364636056,4.464364499262837,29.37,909.32,86.46,1
Pea,Red and Yellow soils,43.446323388532846,0,6.68,141.32630646402174,3.2583353976805944,28.42,805.86,62.6,0
Arhar,Alluvial soils,93.266516769375,0,6.15,151.91084094712255,4.153019042714469,26.46,918.28,74.1,0
Moong,Alluvial soils,26.489067920660645,1,5.77,57.774369919506846,4.0238207365493945,24.0,829.52,86.62,1
Jwar,Alluvial soils,33.52139305008494,1,6.43,170.24519022942422,1.7358279923002595,25.7,819.99,65.02,1
Millets,Alluvial soils,66.1773521263443,1,6.17,121.45483757861142,4.880676349583943,24.99,833.15,68.34,1
Moong,Alluvial soils,42.49140354238396,0,6.09,56.1970084461051,2.8797560145626053,24.33,932.15,75.36,0
Maize,Laterite soils,59.61861413363324,1,5.5,135.50678958732516,2.9379073788004195,23.81,963.91,82.05,1
Millets,Alluvial soils,66.1773521263443,1,6.43,121.45483757861142,4.880676349583943,25.14,955.02,69.36,1
Maize,Red and Yellow soils,83.97676737225935,0,5.64,174.8228236194111,1.95984723189331,22.22,862.13,82.95,0
Tiwra,Red and Yellow soils,45.40305501460495,1,5.63,63.94801167122259,4.253171358306454,28.55,879.9,84.19,1
Wheat,Alluvial soils,86.71163811325147,1,6.0,54.94653337104506,3.359167289944513,27.5,918.44,76.66,1
Gram,Alluvial soils,44.36061613463463,1,5.5,51.92836348552057,1.185780320544819,23.11,916.96,69.49,1
summer paddy,Black soils,99.14865361366142,0,5.99,134.30705078512983,1.949386589804747,23.18,958.66,60.0,0
summer paddy,Black soils,8.760454270055591,0,5.95,159.97290035688565,2.4566092291501533,27.94,970.1,63.45,0
Til,Red and Yellow soils,83.59129485493202,0,6.4,36.09993908037054,0.925693566787786,23.54,847.49,61.33,0
Arhar,Alluvial soils,91.85485510003234,0,6.1,76.53287840752338,1.2994679672213083,28.0,869.7,81.97,0
Gram,Red and Yellow soils,63.32634654351951,1,5.5,83.0836277339837,1.436439024649144,27.91,903.96,85.18,1
Moong,Black soils,66.35159251639024,0,5.77,154.92011886243904,4.532794847215374,25.29,981.83,63.0,0
Soybean,Alluvial soils,1.0845160463029235,0,5.88,132.15140054930788,1.295639412046346,22.76,912.64,84.47,0
Jwar,Red and Yellow soils,14.921019331346107,0,5.97,199.58265014089395,3.3401633423800927,22.54,876.25,86.58,0
Soybean,Alluvial soils,45.929950244441066,1,6.4,146.06295145488895,4.868631700892124,28.14,914.63,73.6,0
Kulthi,Laterite soils,1.9575813458450015,0,6.42,135.07179394615684,2.663615249026792,21.02,877.7,81.55,0
Mustard,Laterite soils,95.8059931058451,0,5.62,103.02761838487882,4.034661034793127,22.09,944.05,63.16,0
Mustard,Laterite soils,50.57716960311954,0,5.87,79.28921525200687,1.641631398260391,24.66,949.18,79.76,0
Mustard,Laterite soils,50.57716960311954,0,5.86,79.28921525200687,1.641631398260391,26.55,839.24,84.58,0
Jwar,Alluvial soils,50.27501027132872,0,6.31,103.71091740391591,4.248261783890516,22.49,955.36,62.27,0
Wheat,Red and Yellow soils,58.75812809075228,0,5.81,61.15233492569079,2.7512492589727047,23.42,929.13,69.54,0
Moong,Laterite soils,44.60788148262814,1,5.65,83.79284451275134,2.217174315777015,24.39,895.94,68.77,1
summer paddy,Laterite soils,99.68532353972208,1,6.49,36.79724244169026,0.5887722514342346,27.95,798.52,68.51,0
summer paddy,Alluvial soils,92.14077589708448,0,5.5,37.26311684885115,2.4051624361938035,22.14,924.04,79.96,0
Gram,Red and Yellow soils,63.32634654351951,1,5.82,83.0836277339837,1.436439024649144,26.78,957.69,87.14,1
Urd,Black soils,6.69515158775076,0,6.21,187.8070287106091,1.1930450406000916,22.15,932.18,68.74,0
Mustard,Alluvial soils,29.138359213116704,0,6.4,163.4305505984715,3.5913293882148416,28.0,932.07,65.15,0
Gram,Black soils,7.538508193294686,1,6.93,22.895319575658647,0.7515476161379425,25.01,764.93,90.0,0
Niger,Laterite soils,4.079749834554197,0,5.67,99.53335179078957,3.6129767886177073,25.43,845.2,65.19,0
Wheat,Red and Yellow soils,45.9958564972776,0,6.21,199.4706146791189,3.097939236387041,27.03,829.76,65.0,0
Rice,Laterite soils,83.8775957011866,1,5.69,34.37576356945297,2.294909994831729,29.42,964.73,73.09,0
Maize,Black soils,37.59082546376269,1,6.1,177.66269564708426,3.0725046924698143,23.23,876.22,82.0,0
Rice,Alluvial soils,49.78214071680444,0,6.9,54.89730595991944,1.04622923932641,21.28,840.74,70.28,0
Gram,Alluvial soils,11.03940647751555,0,6.83,53.34742166871745,2.74635152842651,25.43,878.82,73.59,0
Arhar,Alluvial soils,40.59763875962707,1,5.79,154.16751398387302,1.6967064291359415,25.93,920.63,74.67,1
Urd,Black soils,6.69515158775076,0,6.51,187.8070287106091,1.1930450406000916,24.39,888.17,69.63,0
Moong,Laterite soils,44.60788148262814,1,5.63,83.79284451275134,2.217174315777015,24.88,939.64,68.08,1
Gram,Black soils,78.84309895532813,1,6.31,101.37659921705163,0.5595492491183836,20.0,799.29,74.98,0
Kulthi,Black soils,64.62899831981025,0,6.69,83.52491651545493,1.5690018255421825,22.32,908.99,64.03,0
Til,Alluvial soils,85.22978983877745,1,5.64,14.770261505983694,1.7336147501948824,24.12,980.42,65.61,0
Wheat,Red and Yellow soils,19.63023274762661,0,5.94,132.24686057442185,4.182026033346189,29.43,933.71,63.17,0
Til,Black soils,46.52242066000872,0,5.86,142.37837594275828,2.13191427436652,27.1,862.02,63.83,0
Millets,Laterite soils,40.123933186942935,1,6.01,78.28259692949361,2.6365415718597265,24.55,848.16,67.74,1
Millets,Black soils,49.27248131847189,0,6.47,53.90095521876777,1.2019846474142255,23.02,843.75,75.2,0
Pea,Red and Yellow soils,32.745807896062146,1,5.98,26.481396356110054,4.152733501535543,25.93,815.88,86.84,0
Millets,Laterite soils,57.962788657384245,1,6.21,176.98515468543576,1.3308049793192296,29.8,819.09,81.0,1
Til,Alluvial soils,20.130363157001845,1,6.09,96.39301275682372,3.99987462399122,25.7,829.12,61.66,1
Pea,Alluvial soils,63.2123421474168,1,5.94,30.08992185887418,2.1099619017340947,28.24,849.05,61.22,0
Soybean,Black soils,47.0521959690072,0,6.74,89.55122834530016,0.8923742776619482,22.85,871.33,77.61,0
Arhar,Laterite soils,70.69460626460166,0,6.2,128.31657060515244,4.766392383485942,24.85,807.11,88.2,0
Til,Alluvial soils,95.1984444835079,0,5.94,142.64313814170387,3.0749607676792494,26.71,937.92,88.3,0
Soybean,Laterite soils,71.15073745457829,1,5.61,34.43015994612051,2.8276033668845826,27.72,973.95,73.98,0
Urd,Black soils,30.25969736488654,0,6.05,28.04568065397041,1.8011830369833524,28.18,818.01,85.78,0
Urd,Laterite soils,66.47259153046967,1,6.32,141.76502902740526,2.4215107907859093,28.62,811.55,68.75,1
summer paddy,Alluvial soils,68.88862950071787,1,5.96,73.83428244149384,0.5966557233781861,27.04,870.54,79.5,1
Masoor,Red and Yellow soils,79.30084242753477,1,6.95,11.043366165214929,1.7972285602299596,23.19,818.84,63.71,0
Pea,Black soils,96.80767801393904,0,6.26,195.8016411514046,1.166165615757137,21.67,918.89,75.99,0
Maize,Black soils,73.32267007953085,0,5.72,47.49317757286676,0.6835265598024884,26.09,856.65,66.51,0
Wheat,Red and Yellow soils,19.63023274762661,0,5.74,132.24686057442185,4.182026033346189,29.26,855.6,68.5,0
Groundnut,Laterite soils,73.65874563961616,0,5.93,22.36466943541153,2.773808931043931,24.17,926.89,64.36,0
Tiwra,Laterite soils,88.94512805109724,0,5.61,56.3932872429863,2.278022077517278,21.96,965.39,84.42,0
Groundnut,Alluvial soils,77.64734025846953,1,6.63,30.1290536211666,2.4437057909109408,22.68,858.61,61.75,0
Arhar,Alluvial soils,40.59763875962707,1,5.61,154.16751398387302,1.6967064291359415,25.91,912.77,77.97,1
Tiwra,Laterite soils,41.61828535466275,1,6.33,25.379723997991185,4.950763297623329,24.03,916.62,62.8,0
Pea,Laterite soils,86.12529571965065,1,6.01,65.74792040384469,1.4305217882726928,25.28,919.77,88.7,1
Rice,Red and Yellow soils,65.11829897838918,0,6.69,175.61385743537613,1.910934434431556,26.65,792.16,70.18,0
Niger,Alluvial soils,30.9149550672235,0,6.94,25.390180382606133,4.890082443067278,22.74,788.52,77.79,0
Masoor,Red and Yellow soils,84.52316916652465,1,6.29,136.06206737070266,3.720799011587236,25.79,839.24,78.76,1
Jwar,Red and Yellow soils,28.76255629578411,1,5.9,177.41725250309972,0.8627567390016935,26.65,963.6,72.58,1
Pea,Red and Yellow soils,62.89562385255008,1,5.99,137.36228110423383,3.989132493505775,26.05,895.35,82.73,0
Kulthi,Black soils,18.967225361011167,0,6.71,10.664611709977248,0.7513002185498734,20.6,839.13,61.94,0
Wheat,Red and Yellow soils,50.91070048310331,0,5.96,70.3847309463337,4.94260898334276,27.23,825.99,85.73,0
Millets,Alluvial soils,83.4164579675254,0,6.69,146.3607032263529,4.542588877178431,25.62,840.43,82.43,0
Mustard,Laterite soils,95.8059931058451,0,5.65,103.02761838487882,4.034661034793127,20.37,841.97,60.0,0
Til,Laterite soils,82.11526872345533,0,5.87,179.22366038694898,3.004640999287888,25.29,865.83,65.48,0
Rice,Alluvial soils,36.01014845087093,0,6.04,95.5705372998716,0.9837850209673618,20.75,855.98,79.96,0
Rice,Laterite soils,36.067847125393314,1,5.69,45.080516013725855,3.846756333323527,20.0,955.15,64.29,0
summer paddy,Laterite soils,99.68532353972208,1,6.55,36.79724244169026,0.5887722514342346,30.0,904.54,63.04,0
Groundnut,Laterite soils,34.78961480849945,1,6.58,100.82047107807897,4.765268097487416,23.78,781.84,82.2,1
Mustard,Laterite soils,2.422650386748149,1,5.5,50.003662732995785,1.3339062519960363,27.65,960.06,62.65,1
Millets,Alluvial soils,3.618996042561992,0,6.38,195.20677589698155,0.9929670665083924,27.34,829.33,87.78,0
Millets,Black soils,6.907493912567169,0,6.97,84.40519823967013,2.862263975769026,25.88,872.27,79.68,0
Millets,Alluvial soils,11.562316984377864,1,5.87,36.32941582572472,4.6043699786807775,26.09,838.86,71.38,0
Gram,Red and Yellow soils,82.07588905682253,0,6.87,18.009491866681152,3.233362891898263,21.53,860.7,78.94,0
Til,Laterite soils,89.66061130236088,0,5.52,138.96491601693197,2.999699639608014,27.02,833.35,88.75,0
summer paddy,Alluvial soils,62.00398399717235,0,6.9,38.761830651487706,4.14766925501463,25.09,819.14,75.57,0
Gram,Alluvial soils,96.98944330900548,0,6.34,18.44939670465994,1.562279272549458,23.94,869.94,71.45,0
Rice,Alluvial soils,54.82894674818631,0,6.14,199.60504257664195,1.60459882847338,21.3,900.26,70.56,0
Groundnut,Red and Yellow soils,38.75737864428302,0,6.83,87.85159170492055,4.987331613193882,30.0,805.78,62.28,0
Gram,Alluvial soils,96.98944330900548,0,6.82,18.44939670465994,1.562279272549458,21.81,833.89,74.43,0
Tiwra,Black soils,97.158326515426,0,5.5,132.63690929018293,0.9977835566720724,22.81,946.05,73.42,0
Tiwra,Red and Yellow soils,97.38715723126916,1,6.34,137.4889698215875,2.0734056158904988,24.58,884.34,89.24,1
Maize,Red and Yellow soils,75.04133314858224,0,5.61,126.6451520573656,2.7235491072147164,27.18,849.79,64.42,0
Til,Red and Yellow soils,63.93819639548853,1,6.23,86.5501462725284,0.8314949690878561,28.84,893.87,69.14,1
Til,Red and Yellow soils,85.94972915026943,1,5.55,124.22027903539907,4.9855581453472375,20.0,837.58,77.91,1
Kulthi,Red and Yellow soils,77.23112760032592,0,7.0,189.48722932169497,0.7063293420201492,23.99,782.29,78.96,0
Kulthi,Alluvial soils,61.837349287810135,1,6.95,27.801636027771064,2.6701487722421016,25.96,858.24,83.5,0
Groundnut,Alluvial soils,51.66383286816028,0,6.63,98.78595372126168,1.518977035891242,21.27,848.17,68.18,0
Kulthi,Black soils,39.49071677717886,0,6.29,60.39751234176016,3.8970756841866954,26.81,826.03,71.23,0
Wheat,Alluvial soils,86.54297981140141,0,6.76,108.46872549256152,3.65827855817515,20.36,889.78,64.15,0
Mustard,Laterite soils,50.57716960311954,0,5.94,79.28921525200687,1.641631398260391,25.02,890.34,81.98,0
Moong,Black soils,66.35159251639024,0,5.97,154.92011886243904,4.532794847215374,27.83,915.86,69.21,0
Tiwra,Red and Yellow soils,16.381665237746383,1,6.18,84.8078611948209,1.039182547558261,26.98,840.66,76.79,0
Maize,Alluvial soils,25.96962093356883,0,5.79,159.78724651759555,2.4066244155234733,20.7,958.64,69.05,0
summer paddy,Laterite soils,68.33971322490649,1,7.0,21.80492518759846,3.622176401026044,21.25,816.45,71.65,0
Rice,Red and Yellow soils,7.996150840499768,0,6.77,73.07030318124619,1.7926143362906817,25.68,854.55,80.26,0
Moong,Red and Yellow soils,6.70159104623501,0,6.69,154.37849353994258,1.4738508434764648,20.13,869.59,61.36,0
Arhar,Alluvial soils,16.947340444794044,0,6.84,115.46353355361116,3.294811394244745,23.65,782.93,69.13,0
Tiwra,Alluvial soils,49.96403886906193,0,6.56,129.23233750459332,1.024483141899196,24.66,852.43,67.6,0
Groundnut,Alluvial soils,77.64734025846953,1,6.75,30.1290536211666,2.4437057909109408,24.32,884.42,62.46,0
Kulthi,Red and Yellow soils,71.95464735059075,0,6.97,143.26123077544585,2.2065192855643185,25.77,785.64,79.43,0
Pea,Alluvial soils,63.2123421474168,1,5.96,30.08992185887418,2.1099619017340947,28.65,918.02,67.85,0
Niger,Red and Yellow soils,4.301026088036883,0,6.55,145.61804214220632,2.0812368730220943,22.91,896.18,69.41,0
Jwar,Alluvial soils,3.1422931695712104,0,5.51,124.9568629244877,1.2982647039962512,26.78,840.85,76.61,0
Niger,Laterite soils,4.079749834554197,0,5.63,99.53335179078957,3.6129767886177073,23.67,970.03,71.3,0
Kulthi,Black soils,19.94313150748539,1,7.0,97.58946583215312,2.988773303025213,21.74,900.22,87.15,1
Kulthi,Black soils,18.967225361011167,0,6.79,10.664611709977248,0.7513002185498734,22.45,866.85,60.99,0
Til,Red and Yellow soils,63.93819639548853,1,6.25,86.5501462725284,0.8314949690878561,27.26,808.31,70.48,1
Gram,Black soils,33.36100018676664,1,6.5,77.38147579324998,4.486073743546642,26.37,885.31,60.69,1
Groundnut,Black soils,77.0287821542821,1,5.95,28.30353013570137,1.0980962288868708,29.4,843.57,77.26,0
Maize,Red and Yellow soils,73.05988458504615,0,6.81,100.07917652497429,3.303778717019921,20.0,808.04,71.37,0
summer paddy,Alluvial soils,5.634581766188527,1,6.59,70.69578532542236,3.804381772475503,21.85,880.92,76.96,1
Masoor,Black soils,35.88229477097293,0,6.93,78.05785247904603,3.7076108701053294,24.38,852.49,61.67,0
Groundnut,Laterite soils,47.3154015978025,0,6.24,163.00709664528063,2.6080442594736524,21.42,878.39,62.15,0
Til,Laterite soils,79.80767833149267,1,5.81,195.1869784074493,4.9333156627866845,22.53,897.89,80.41,0
Arhar,Alluvial soils,40.59763875962707,1,5.74,154.16751398387302,1.6967064291359415,26.75,902.73,73.45,1
Jwar,Red and Yellow soils,28.76255629578411,1,6.22,177.41725250309972,0.8627567390016935,26.75,872.63,69.98,1
Mustard,Black soils,49.5300825663572,0,5.75,153.43110336778798,4.824259422343958,25.69,959.36,90.0,0
Til,Red and Yellow soils,83.59129485493202,0,6.35,36.09993908037054,0.925693566787786,24.02,928.37,68.57,0
Kulthi,Black soils,39.49071677717886,0,6.37,60.39751234176016,3.8970756841866954,28.49,898.27,71.69,0
Pea,Laterite soils,86.12529571965065,1,5.85,65.74792040384469,1.4305217882726928,25.5,846.12,83.45,1
Niger,Black soils,41.408301825253936,1,6.39,31.68152038748095,2.551580468611744,24.07,959.0,67.17,0
Groundnut,Black soils,13.083322941050284,0,5.68,85.59418473765709,3.41430524157662,23.14,855.96,61.68,0
Groundnut,Laterite soils,73.65874563961616,0,5.74,22.36466943541153,2.773808931043931,24.09,934.93,60.0,0
Urd,Laterite soils,2.7426498464331512,0,5.58,88.14528120125196,4.954035987983664,24.31,961.43,68.49,0
Groundnut,Alluvial soils,77.64734025846953,1,6.64,30.1290536211666,2.4437057909109408,22.54,855.86,63.37,0
Pea,Red and Yellow soils,21.55979018755156,0,6.67,77.78609298703317,3.689048046868987,21.73,943.72,61.76,0
Mustard,Laterite soils,53.54515854139666,1,6.88,108.2514903397496,3.718948332542829,26.02,801.55,69.04,1
Moong,Laterite soils,4.258463097456195,0,5.5,181.9289995636216,3.8846723421151497,25.88,843.0,73.8,0
Pea,Black soils,60.61327630651897,1,5.97,71.88729840163472,3.3834428136844004,25.44,824.04,65.9,1
Pea,Black soils,52.66967119754954,1,5.75,193.05858625795943,1.4970629237169906,26.03,825.77,86.71,1
Maize,Laterite soils,80.06913248485557,0,6.28,60.5239790933438,1.7659599285259715,27.58,891.82,65.77,0
Til,Laterite soils,82.11526872345533,0,5.86,179.22366038694898,3.004640999287888,26.15,970.22,61.51,0
Arhar,Laterite soils,96.60763642238672,0,6.78,133.99567920563555,1.2167870909791818,21.94,913.28,84.17,0
Millets,Laterite soils,43.23591197416306,1,7.0,119.119475832171,0.6911915449376529,27.21,873.91,70.14,1
Groundnut,Black soils,13.083322941050284,0,5.81,85.59418473765709,3.41430524157662,25.51,954.32,64.45,0
Wheat,Laterite soils,92.6074773325522,1,5.84,171.06465646258272,1.1677687279613973,22.5,846.27,76.51,1
Tiwra,Laterite soils,66.59744978514821,1,6.65,180.71957832423595,3.992147155611458,28.71,796.03,84.29,0
Niger,Alluvial soils,30.9149550672235,0,7.0,25.390180382606133,4.890082443067278,21.93,815.29,80.8,0
Gram,Black soils,78.84309895532813,1,6.44,101.37659921705163,0.5595492491183836,22.47,870.8,75.11,0
Soybean,Laterite soils,50.60103662954688,0,5.68,171.12574873717588,2.589034966808882,21.03,895.6,75.64,0
Maize,Laterite soils,32.09495506812422,0,6.78,71.06637841499042,4.98667080551723,23.4,850.62,73.45,0
Til,Alluvial soils,20.130363157001845,1,5.85,96.39301275682372,3.99987462399122,25.83,846.48,63.44,1
Arhar,Alluvial soils,84.94829653763078,0,6.73,148.30405234987228,2.085751113035552,23.72,812.93,77.35,0
Urd,Laterite soils,2.7426498464331512,0,5.57,88.14528120125196,4.954035987983664,22.71,962.28,66.96,0
Mustard,Alluvial soils,91.82905732992558,1,6.51,53.74481212887618,1.5966321610404377,26.64,932.83,72.09,1
Kulthi,Black soils,67.84108048066902,1,6.82,44.23042527392003,2.349613359680567,23.82,790.21,83.08,0
Jwar,Black soils,28.67326065577008,0,6.17,62.69765596562617,3.9383874571860433,22.91,809.42,79.06,0
Maize,Black soils,87.75885918969198,0,5.7,139.78469040599293,1.3665129133839682,26.77,933.09,83.51,0
Kulthi,Laterite soils,6.566266666595126,1,6.61,182.44291675508293,2.3480193489739687,24.15,789.81,70.35,1
Masoor,Red and Yellow soils,63.29267823677274,1,5.65,149.29521124251127,1.6236523171898996,22.3,929.5,60.0,1
summer paddy,Black soils,8.760454270055591,0,5.81,159.97290035688565,2.4566092291501533,28.72,974.79,65.42,0
Kulthi,Laterite soils,1.9575813458450015,0,6.32,135.07179394615684,2.663615249026792,20.47,871.67,82.03,0
Gram,Alluvial soils,96.98944330900548,0,6.58,18.44939670465994,1.562279272549458,23.46,833.73,74.86,0
Maize,Black soils,37.59082546376269,1,6.04,177.66269564708426,3.0725046924698143,22.12,892.88,81.08,0
Jwar,Laterite soils,83.27429064883648,1,5.69,66.97405545052723,4.904528295647274,26.61,943.3,69.1,1
Wheat,Laterite soils,92.6074773325522,1,5.83,171.06465646258272,1.1677687279613973,22.61,827.37,74.66,1
Maize,Red and Yellow soils,83.97676737225935,0,5.5,174.8228236194111,1.95984723189331,24.6,823.87,79.8,0
Til,Black soils,72.8747310808644,1,6.49,23.94593504567197,0.5056538319244093,22.0,819.17,86.35,0
Maize,Black soils,65.32355202698167,0,5.5,153.432927891906,1.8221311119500412,21.4,936.92,73.78,0
Tiwra,Red and Yellow soils,36.11241183442073,0,5.89,127.43746461709286,3.6934087696499662,28.53,843.81,63.17,0
Jwar,Laterite soils,51.52716525625736,0,5.57,117.26931971045472,4.763386070226863,25.2,880.86,60.95,0
Niger,Black soils,56.17716140693022,1,6.54,42.88801275230651,2.992074792161899,24.65,855.75,69.0,0
Gram,Alluvial soils,92.8493387422751,1,6.63,64.25799140275164,4.914860850641632,27.52,806.03,77.52,1
Til,Alluvial soils,48.12232243119416,1,5.63,159.19400511003866,4.48088955820164,20.0,963.71,74.83,1
Moong,Alluvial soils,30.47426495779317,1,5.76,79.66928665808871,2.6924502123480902,23.53,876.11,77.7,1
Til,Black soils,58.53364358235279,1,7.0,199.36210175604907,0.7934570356250641,29.13,800.3,77.69,1
Mustard,Laterite soils,95.8059931058451,0,5.61,103.02761838487882,4.034661034793127,20.99,890.82,60.0,0
Mustard,Black soils,8.188474407011933,1,7.0,47.59586392867045,2.8105878706836,20.68,920.0,60.0,0
Moong,Laterite soils,44.60788148262814,1,5.82,83.79284451275134,2.217174315777015,24.27,925.31,60.98,1
Gram,Black soils,78.84309895532813,1,6.09,101.37659921705163,0.5595492491183836,21.79,839.17,75.69,0
Jwar,Black soils,87.71268641532818,0,6.26,15.698221174437968,2.9018118843038945,22.12,883.38,85.76,0
Gram,Black soils,7.538508193294686,1,6.86,22.895319575658647,0.7515476161379425,22.36,838.02,87.25,0
Mustard,Red and Yellow soils,47.35020570684794,1,6.7,14.979387934802954,2.7212244906205534,22.24,844.31,72.78,0
Arhar,Alluvial soils,84.94829653763078,0,6.31,148.30405234987228,2.085751113035552,22.91,925.65,80.8,0
Millets,Black soils,6.907493912567169,0,6.62,84.40519823967013,2.862263975769026,27.42,800.45,84.97,0
Kulthi,Red and Yellow soils,71.95464735059075,0,6.67,143.26123077544585,2.2065192855643185,26.01,797.26,75.79,0
Masoor,Red and Yellow soils,15.573043648692993,0,5.71,40.394151236744186,2.3537196802479925,24.67,876.17,73.02,0
Soybean,Laterite soils,13.10812731307866,1,5.55,178.12965587280345,2.260207718353315,28.45,838.85,78.5,1
Til,Alluvial soils,95.1984444835079,0,6.0,142.64313814170387,3.0749607676792494,26.55,876.25,86.29,0
Soybean,Red and Yellow soils,3.422005573134409,1,6.87,184.83881346960908,0.628547000211728,29.82,908.0,60.95,1
Maize,Laterite soils,59.61861413363324,1,5.5,135.50678958732516,2.9379073788004195,25.23,963.61,80.49,1
Mustard,Black soils,83.04704930059059,1,7.0,164.2968639673771,3.2910142681176096,22.36,891.43,85.62,1
Til,Laterite soils,82.11526872345533,0,6.2,179.22366038694898,3.004640999287888,25.82,880.21,66.93,0
Jwar,Red and Yellow soils,81.05182096520964,1,5.59,198.10884266676885,4.3258916692421066,23.22,882.84,69.69,1
Niger,Alluvial soils,40.72168891707997,1,6.34,64.74785133657514,2.41594149570782,25.36,916.92,72.21,1
Wheat,Red and Yellow soils,44.32758410771781,0,6.61,147.39729054115696,3.125924867676585,25.6,879.21,61.82,0
Millets,Laterite soils,11.564782214969178,1,6.64,120.43280013719917,3.7676132617091977,25.17,894.98,60.0,1
Maize,Alluvial soils,14.964041185953416,1,6.77,139.1026557896301,1.843602189402552,28.02,885.62,69.82,1
Tiwra,Laterite soils,88.94512805109724,0,5.59,56.3932872429863,2.278022077517278,20.0,829.45,84.67,0
Tiwra,Red and Yellow soils,12.71408322731068,0,5.9,16.77495232897338,2.110155905799066,23.39,824.81,85.63,0
Mustard,Black soils,49.5300825663572,0,5.51,153.43110336778798,4.824259422343958,25.34,835.26,90.0,0
Gram,Alluvial soils,92.8493387422751,1,6.63,64.25799140275164,4.914860850641632,29.86,859.58,77.29,1
Maize,Laterite soils,32.09495506812422,0,6.46,71.06637841499042,4.98667080551723,24.92,870.59,74.87,0
Rice,Alluvial soils,36.01014845087093,0,5.98,95.5705372998716,0.9837850209673618,20.82,926.9,77.72,0
summer paddy,Red and Yellow soils,1.3568197489404303,1,6.13,169.14624833347128,4.405057679473639,28.93,869.54,79.18,0
Millets,Black soils,15.194191435755716,1,6.1,139.19187074455024,2.3495259339216563,30.0,909.13,73.0,1
Masoor,Red and Yellow soils,90.46926764515013,1,6.34,39.5265414675269,4.552431153446992,26.65,829.56,77.25,0
summer paddy,Alluvial soils,7.078898910240252,1,5.5,133.05676737201873,2.8391106476553305,22.85,961.58,81.4,0
Pea,Red and Yellow soils,57.89621108388996,1,5.93,140.3534641806105,3.0806227397827857,27.22,955.67,83.09,1
Kulthi,Black soils,93.64418332139984,1,5.6,135.85787194702743,2.7374408939283854,30.0,957.06,90.0,1
Wheat,Red and Yellow soils,44.32758410771781,0,6.47,147.39729054115696,3.125924867676585,24.68,839.97,60.05,0
Moong,Laterite soils,4.258463097456195,0,5.77,181.9289995636216,3.8846723421151497,26.6,919.0,75.49,0
Maize,Red and Yellow soils,73.05988458504615,0,7.0,100.07917652497429,3.303778717019921,20.0,819.1,66.64,0
Urd,Alluvial soils,37.78258122050927,1,6.03,46.08242628582618,2.6125853106729853,27.82,920.36,70.97,0
Masoor,Red and Yellow soils,90.46926764515013,1,6.27,39.5265414675269,4.552431153446992,26.37,837.65,73.98,0
summer paddy,Red and Yellow soils,23.656969306526207,1,6.96,160.81222387384514,2.887401159556615,28.33,888.06,60.56,1
Jwar,Laterite soils,85.67941919967865,1,5.68,155.92944761114924,4.804050202111057,28.38,959.92,64.73,1
Jwar,Laterite soils,83.27429064883648,1,5.64,66.97405545052723,4.904528295647274,26.1,833.34,67.24,1
Rice,Alluvial soils,49.78214071680444,0,6.49,54.89730595991944,1.04622923932641,22.91,883.77,73.27,0
Gram,Black soils,60.6590114165344,0,5.86,89.25746879492321,4.041605590451173,25.61,818.17,88.89,0
summer paddy,Alluvial soils,62.00398399717235,0,6.65,38.761830651487706,4.14766925501463,23.92,875.65,74.78,0
Maize,Laterite soils,59.61861413363324,1,5.6,135.50678958732516,2.9379073788004195,23.23,934.66,79.76,1
Gram,Alluvial soils,11.03940647751555,0,6.82,53.34742166871745,2.74635152842651,27.74,773.81,73.93,0
Niger,Red and Yellow soils,16.887171155387144,1,5.94,22.167450486029797,2.846606265660132,27.04,854.32,73.68,0
Maize,Black soils,25.60173042272508,1,6.64,165.05125349950538,2.360850866018045,29.63,841.38,66.29,1
Maize,Laterite soils,59.61861413363324,1,5.5,135.50678958732516,2.9379073788004195,23.78,908.69,77.7,1
Millets,Alluvial soils,95.28279889194648,1,6.42,29.144702967043564,4.024157339354911,21.96,860.12,69.73,0
Tiwra,Black soils,51.6709483055929,0,6.98,135.42477390060515,3.1134728386348294,22.31,913.07,81.57,0
Pea,Alluvial soils,30.453837006264006,0,5.65,185.93651068955492,1.0198778892903464,29.6,950.76,72.49,0
Mustard,Alluvial soils,5.985936900346184,1,5.5,55.23498004685733,0.9143669321101572,23.25,960.79,65.72,1
Millets,Laterite soils,40.123933186942935,1,5.93,78.28259692949361,2.6365415718597265,23.99,863.71,70.79,1
Millets,Black soils,46.115623150526005,1,6.44,177.58949627751142,1.0156582803711816,27.03,802.25,71.07,1
Groundnut,Black soils,87.53054551977526,0,5.75,172.43490927868564,4.158548482629399,30.0,838.31,71.14,0
Maize,Red and Yellow soils,83.97676737225935,0,5.77,174.8228236194111,1.95984723189331,24.94,908.52,86.04,0
summer paddy,Alluvial soils,92.14077589708448,0,5.63,37.26311684885115,2.4051624361938035,21.17,883.65,77.13,0
Jwar,Red and Yellow soils,69.32300344575232,0,6.97,63.73200903681688,0.6010337902162692,29.01,810.17,82.77,0
Niger,Red and Yellow soils,30.05926746262701,0,5.84,171.41131547239257,3.621531844526511,28.19,982.1,62.12,0
Millets,Laterite soils,11.564782214969178,1,6.58,120.43280013719917,3.7676132617091977,26.95,822.71,60.06,1
Rice,Red and Yellow soils,7.996150840499768,0,7.0,73.07030318124619,1.7926143362906817,24.59,885.35,74.7,0
Niger,Black soils,41.79287336304921,0,7.0,54.696853754845804,1.7969102556076575,22.79,801.7,69.65,0
Mustard,Black soils,8.188474407011933,1,6.81,47.59586392867045,2.8105878706836,20.46,846.41,64.8,0
Jwar,Alluvial soils,89.71217350262663,0,6.67,25.10256180019756,4.094914179917966,24.29,915.72,65.83,0
Pea,Laterite soils,23.44233244018282,0,6.31,87.75414749046334,4.298467138068505,22.52,908.12,85.46,0
Gram,Alluvial soils,6.631856397258757,1,6.68,199.531133950268,4.800063599754694,21.13,876.59,83.23,0
Millets,Black soils,46.115623150526005,1,6.44,177.58949627751142,1.0156582803711816,27.61,925.55,68.99,1
Mustard,Alluvial soils,2.3002039972834387,0,6.53,145.61959193869544,2.519545815592032,26.36,802.43,78.23,0
Gram,Laterite soils,25.539681660071125,1,6.68,24.59636681009846,2.769413193485069,22.0,930.27,80.1,0
Tiwra,Red and Yellow soils,36.11241183442073,0,5.9,127.43746461709286,3.6934087696499662,28.31,927.37,66.73,0
summer paddy,Laterite soils,14.757076703479033,0,6.47,114.56572536211222,3.841667344001905,22.47,799.6,76.66,0
Gram,Black soils,48.6773164556799,1,5.5,69.28313557959125,2.0201114088284804,21.26,960.38,82.98,1
Til,Alluvial soils,25.073589779047172,0,6.83,173.56684832753513,0.5153972218655465,24.94,793.08,64.65,0
Moong,Alluvial soils,74.91849185092191,1,6.5,35.66011307470839,3.274662483685392,21.04,822.59,90.0,0
Millets,Red and Yellow soils,70.98318926589636,1,6.92,74.80825570491946,3.7312992983988873,26.78,835.23,61.7,1
Soybean,Alluvial soils,73.18122507589274,0,5.92,84.15235572039454,4.546057014434088,23.82,944.84,84.61,0
Soybean,Black soils,76.5747447185727,0,6.15,55.80956789226062,1.6624085030446671,21.24,910.0,88.4,0
Wheat,Black soils,27.701983404171347,1,6.98,165.79370043835235,0.8135175506595091,26.49,861.54,89.37,1
Groundnut,Alluvial soils,51.66383286816028,0,6.3,98.78595372126168,1.518977035891242,21.68,900.39,70.34,0
Arhar,Black soils,58.272667448535096,0,5.99,146.75311324207283,0.571651324312384,20.0,977.8,64.93,0
Maize,Black soils,19.463557757075588,0,6.61,125.4704718867283,2.598418486481846,21.99,929.07,81.05,0
Urd,Alluvial soils,3.862270503389171,0,6.93,55.87963143873647,4.218136005495886,21.14,767.59,82.3,0
Arhar,Laterite soils,84.46788570106386,1,5.87,192.94268675753716,2.7573837199416857,25.86,892.62,71.31,1
Wheat,Red and Yellow soils,58.75812809075228,0,5.62,61.15233492569079,2.7512492589727047,21.21,890.73,64.58,0
Gram,Black soils,78.84309895532813,1,6.16,101.37659921705163,0.5595492491183836,20.98,894.86,81.45,0
Jwar,Black soils,87.71268641532818,0,6.37,15.698221174437968,2.9018118843038945,22.9,798.05,83.32,0
Gram,Red and Yellow soils,82.07588905682253,0,6.77,18.009491866681152,3.233362891898263,20.76,789.51,77.53,0
Soybean,Black soils,76.5747447185727,0,6.03,55.80956789226062,1.6624085030446671,21.76,891.29,84.26,0
Rice,Black soils,51.78490534951984,1,5.57,159.67777079366866,3.8935916410771423,20.0,878.94,76.34,1
Pea,Alluvial soils,17.17303816819014,0,5.7,163.3134475429299,2.644391106796571,26.48,963.88,66.71,0
Urd,Alluvial soils,3.862270503389171,0,6.85,55.87963143873647,4.218136005495886,21.69,766.83,87.9,0
Millets,Red and Yellow soils,70.98318926589636,1,6.74,74.80825570491946,3.7312992983988873,27.65,829.07,61.34,1
Groundnut,Laterite soils,73.65874563961616,0,6.15,22.36466943541153,2.773808931043931,24.81,845.12,65.9,0
summer paddy,Alluvial soils,80.44770135267859,0,7.0,29.64755058306169,4.7260075846814615,21.98,823.85,83.66,0
Tiwra,Laterite soils,77.41000299816143,0,5.96,102.68567704073148,4.5790889615245725,20.69,936.86,66.1,0
Mustard,Laterite soils,61.737953589033744,0,5.82,65.69585886371809,1.5602596870875736,25.86,899.58,86.21,0
Pea,Red and Yellow soils,32.745807896062146,1,6.19,26.481396356110054,4.152733501535543,23.25,919.95,89.43,0
Pea,Alluvial soils,17.17303816819014,0,5.76,163.3134475429299,2.644391106796571,27.78,827.44,68.46,0
Pea,Alluvial soils,17.17303816819014,0,5.83,163.3134475429299,2.644391106796571,26.31,845.53,69.85,0
Maize,Black soils,19.463557757075588,0,6.57,125.4704718867283,2.598418486481846,22.74,811.95,79.73,0
Til,Laterite soils,79.80767833149267,1,5.92,195.1869784074493,4.9333156627866845,21.93,925.88,84.2,0
Kulthi,Black soils,5.487798902751413,0,6.01,116.7863204842874,2.954194231161236,23.07,839.77,64.7,0
Urd,Laterite soils,2.7426498464331512,0,5.79,88.14528120125196,4.954035987983664,24.11,891.62,65.3,0
Niger,Black soils,41.408301825253936,1,6.39,31.68152038748095,2.551580468611744,22.67,836.96,66.15,0
Pea,Alluvial soils,17.17303816819014,0,5.69,163.3134475429299,2.644391106796571,26.15,837.37,71.65,0
Maize,Black soils,65.32355202698167,0,5.85,153.432927891906,1.8221311119500412,22.55,873.38,72.65,0
Tiwra,Laterite soils,77.41000299816143,0,5.84,102.68567704073148,4.5790889615245725,20.0,879.04,60.0,0
Wheat,Alluvial soils,86.71163811325147,1,6.27,54.94653337104506,3.359167289944513,27.78,929.8,77.45,1
Millets,Black soils,85.5878730724342,1,6.02,61.37039983559247,3.7262686183632985,27.4,872.13,77.22,0
Pea,Red and Yellow soils,57.89621108388996,1,5.8,140.3534641806105,3.0806227397827857,27.62,935.02,85.04,1
Kulthi,Laterite soils,31.16493766854265,0,6.72,37.76578110224007,3.3810076514253757,23.1,915.95,68.01,0
Gram,Black soils,78.84309895532813,1,6.23,101.37659921705163,0.5595492491183836,20.73,908.43,79.42,0
Mustard,Black soils,19.12922251866725,1,5.73,103.50209792378745,2.617585675899809,27.2,861.1,69.04,0
Kulthi,Black soils,64.62899831981025,0,6.6,83.52491651545493,1.5690018255421825,22.29,871.81,65.89,0
Gram,Red and Yellow soils,19.447014158096326,0,7.0,144.3782799628782,2.1302329607260293,30.0,826.25,82.11,0
Maize,Alluvial soils,84.40064941289427,0,6.84,117.3407974676231,2.5830017311527627,29.84,873.8,90.0,0
Moong,Black soils,68.47419592831014,1,6.08,62.139746561585554,1.7248326329770518,28.47,888.89,72.51,0
Wheat,Laterite soils,92.6074773325522,1,5.94,171.06465646258272,1.1677687279613973,23.13,856.8,80.53,1
Gram,Alluvial soils,79.26862073639087,1,5.66,169.83024901214273,4.126874099803565,21.47,867.13,78.72,1
Mustard,Laterite soils,95.8059931058451,0,5.91,103.02761838487882,4.034661034793127,22.1,942.61,60.0,0
Maize,Red and Yellow soils,60.85170379581952,1,6.46,154.7840778557563,1.2002355013252552,23.49,854.63,70.41,1
Pea,Red and Yellow soils,62.89562385255008,1,6.3,137.36228110423383,3.989132493505775,24.26,861.53,83.1,0
Tiwra,Laterite soils,41.61828535466275,1,6.36,25.379723997991185,4.950763297623329,24.75,925.98,60.0,0
Soybean,Black soils,99.34559799516776,0,6.89,135.6931179241448,1.381824872493303,22.7,784.14,71.31,0
Maize,Red and Yellow soils,83.97676737225935,0,5.52,174.8228236194111,1.95984723189331,23.66,827.36,84.88,0
Kulthi,Black soils,18.967225361011167,0,7.0,10.664611709977248,0.7513002185498734,20.12,872.07,65.43,0
Gram,Alluvial soils,92.8493387422751,1,6.55,64.25799140275164,4.914860850641632,27.78,811.23,75.66,1
Gram,Red and Yellow soils,82.24193371365227,1,6.07,186.49446950562293,3.4182091680119338,20.99,907.33,62.82,1
Maize,Black soils,65.32355202698167,0,5.65,153.432927891906,1.8221311119500412,20.2,874.28,75.93,0
Tiwra,Red and Yellow soils,49.47275930960727,1,6.91,64.97986652212177,4.40748983958334,25.94,832.4,89.6,0
Wheat,Red and Yellow soils,58.75812809075228,0,5.65,61.15233492569079,2.7512492589727047,20.85,979.42,68.01,0
Urd,Laterite soils,59.08990961897472,0,6.09,192.0845844938899,2.9650442270922275,22.76,915.63,62.25,0
Jwar,Black soils,65.54709453271963,1,6.12,14.774203291276631,4.843878235764788,27.78,839.88,79.62,0
Moong,Alluvial soils,42.49140354238396,0,6.27,56.1970084461051,2.8797560145626053,25.06,951.79,75.66,0
Tiwra,Laterite soils,44.157514598221695,0,6.39,20.786220688080256,4.760647059177217,23.56,794.1,76.58,0
Pea,Black soils,96.80767801393904,0,6.34,195.8016411514046,1.166165615757137,21.5,933.15,76.74,0
Jwar,Black soils,6.792207993494205,1,5.88,141.9426703662678,3.0373075279627453,27.66,937.47,83.03,0
Maize,Red and Yellow soils,69.73343459088427,0,5.91,159.39192951392974,3.210066085264966,26.36,861.56,73.16,0
Rice,Red and Yellow soils,65.11829897838918,0,6.74,175.61385743537613,1.910934434431556,28.8,890.58,63.65,0
Millets,Laterite soils,43.90448238355727,0,5.82,165.51927153855505,0.5251230931434431,20.13,889.97,64.81,0
Groundnut,Alluvial soils,51.66383286816028,0,6.46,98.78595372126168,1.518977035891242,21.06,815.79,70.76,0
Gram,Alluvial soils,40.02287500376711,1,6.99,152.92792867079348,3.896782705565548,26.15,871.92,64.74,1
Millets,Black soils,46.115623150526005,1,6.44,177.58949627751142,1.0156582803711816,28.3,865.55,73.39,1
Kulthi,Black soils,39.49071677717886,0,6.2,60.39751234176016,3.8970756841866954,28.01,882.48,72.69,0
Gram,Black soils,7.859205242978358,0,6.38,59.29153611037987,1.2925953541039088,23.07,846.79,72.03,0
Groundnut,Black soils,87.53054551977526,0,5.66,172.43490927868564,4.158548482629399,30.0,982.11,66.98,0
Til,Black soils,58.53364358235279,1,6.78,199.36210175604907,0.7934570356250641,29.44,768.92,81.52,1
Moong,Alluvial soils,40.61480583667867,1,6.0,166.39544242161517,4.281051864970563,27.54,834.77,63.12,1
Gram,Laterite soils,25.539681660071125,1,6.68,24.59636681009846,2.769413193485069,21.94,807.63,78.43,0
Urd,Red and Yellow soils,80.12909695909734,0,7.0,70.99504826835619,4.201089365152599,27.36,892.35,82.62,0
Urd,Black soils,11.274410889490516,0,6.79,112.43829037819636,4.276394728505107,26.46,813.47,78.87,0
Kulthi,Red and Yellow soils,77.23112760032592,0,6.82,189.48722932169497,0.7063293420201492,24.57,844.8,81.97,0
Masoor,Black soils,32.78096124453907,1,5.79,155.80477364636056,4.464364499262837,29.79,907.57,89.49,1
Arhar,Alluvial soils,84.94829653763078,0,6.54,148.30405234987228,2.085751113035552,25.16,858.56,74.98,0
Jwar,Laterite soils,83.27429064883648,1,5.79,66.97405545052723,4.904528295647274,25.46,851.31,62.39,1
Jwar,Alluvial soils,25.85682337890519,1,5.58,102.61050271033608,4.377680196883321,25.95,945.78,85.49,0
Arhar,Laterite soils,96.60763642238672,0,6.49,133.99567920563555,1.2167870909791818,22.59,930.06,84.86,0
Niger,Red and Yellow soils,30.05926746262701,0,5.73,171.41131547239257,3.621531844526511,27.83,942.93,69.13,0
Mustard,Black soils,83.04704930059059,1,7.0,164.2968639673771,3.2910142681176096,22.37,888.02,85.89,1
Wheat,Alluvial soils,86.54297981140141,0,7.0,108.46872549256152,3.65827855817515,20.24,864.58,62.95,0
Wheat,Red and Yellow soils,45.9958564972776,0,6.36,199.4706146791189,3.097939236387041,29.49,856.77,60.77,0
Tiwra,Laterite soils,87.1125768798161,0,5.61,155.6761395244254,3.972236580663137,29.07,877.99,65.36,0
Gram,Black soils,78.84309895532813,1,6.13,101.37659921705163,0.5595492491183836,22.2,936.68,74.78,0
Tiwra,Alluvial soils,94.65421714056572,0,5.81,98.95128901135244,3.864899065380877,21.15,853.11,87.56,0
Groundnut,Alluvial soils,76.89512894880215,0,6.54,111.20094863538525,4.241037869145725,20.0,795.95,68.26,0
Mustard,Red and Yellow soils,47.35020570684794,1,7.0,14.979387934802954,2.7212244906205534,23.47,868.82,75.31,0
summer paddy,Black soils,60.308079523188816,0,6.94,43.46443527108601,3.000106367186519,27.91,857.07,77.68,0
Tiwra,Red and Yellow soils,97.38715723126916,1,6.51,137.4889698215875,2.0734056158904988,26.46,866.77,85.57,1
Groundnut,Black soils,77.0287821542821,1,5.91,28.30353013570137,1.0980962288868708,29.64,961.98,83.31,0
Pea,Alluvial soils,34.82813570853206,1,6.77,39.67680173556278,0.8048689074476658,29.39,792.52,73.2,0
Maize,Black soils,19.463557757075588,0,6.42,125.4704718867283,2.598418486481846,23.15,879.23,78.45,0
Arhar,Alluvial soils,84.94829653763078,0,6.35,148.30405234987228,2.085751113035552,23.97,813.13,73.85,0
Tiwra,Laterite soils,83.03751864098753,0,5.87,103.43937315702806,4.951128879703812,29.21,863.94,71.99,0
Tiwra,Laterite soils,41.61828535466275,1,6.5,25.379723997991185,4.950763297623329,24.12,826.33,64.43,0
Arhar,Laterite soils,74.64442798330771,1,6.27,155.32653226232352,1.9369977433354968,26.81,886.18,87.81,1
Til,Alluvial soils,48.12232243119416,1,6.04,159.19400511003866,4.48088955820164,21.53,875.24,70.95,1
Wheat,Alluvial soils,19.530682289860536,0,5.88,40.60874305282016,2.7283560112256846,26.49,961.51,79.8,0
Masoor,Black soils,76.58104466203038,0,6.38,112.258823548082,0.8441663455221252,25.76,865.27,68.49,0
Soybean,Laterite soils,82.5219028825696,1,6.27,120.98570933252736,1.84204637395397,21.35,790.43,88.29,1
Jwar,Alluvial soils,89.71217350262663,0,6.33,25.10256180019756,4.094914179917966,22.76,929.57,66.64,0
Maize,Red and Yellow soils,75.04133314858224,0,5.6,126.6451520573656,2.7235491072147164,25.41,854.48,66.68,0
Masoor,Red and Yellow soils,42.05432526241285,0,6.86,90.60728467834542,3.089700259916918,25.8,877.58,67.99,0
Rice,Laterite soils,36.067847125393314,1,5.66,45.080516013725855,3.846756333323527,21.13,835.34,65.16,0
Millets,Laterite soils,43.90448238355727,0,5.92,165.51927153855505,0.5251230931434431,20.34,818.24,68.65,0
Wheat,Alluvial soils,19.530682289860536,0,5.78,40.60874305282016,2.7283560112256846,27.25,849.86,79.62,0
Mustard,Alluvial soils,5.985936900346184,1,5.89,55.23498004685733,0.9143669321101572,23.56,886.88,66.39,1
Tiwra,Alluvial soils,57.12809708824221,1,6.63,197.0604365484146,3.9823961897083984,23.43,860.84,67.88,1
Moong,Black soils,68.47419592831014,1,5.94,62.139746561585554,1.7248326329770518,25.75,914.63,71.44,0
Soybean,Black soils,39.78177453222698,0,5.77,94.97051601405003,2.865401887107058,25.23,862.07,65.17,0
Wheat,Alluvial soils,19.530682289860536,0,5.91,40.60874305282016,2.7283560112256846,26.35,945.9,80.74,0
Moong,Black soils,66.35159251639024,0,6.06,154.92011886243904,4.532794847215374,27.53,834.95,68.43,0
Niger,Alluvial soils,40.72168891707997,1,6.13,64.74785133657514,2.41594149570782,22.86,849.99,69.53,1
Jwar,Alluvial soils,75.59152131396844,1,6.67,79.91476651727123,4.875495742078561,20.44,816.73,75.03,1
Wheat,Laterite soils,7.276797004040833,0,5.91,117.16853925930828,3.99316410162361,24.68,875.91,84.49,0
Pea,Black soils,94.11254095151456,0,6.98,74.32011188400841,3.278071802192412,22.83,830.54,84.22,0
summer paddy,Red and Yellow soils,39.66105407075501,0,6.48,35.35427059036928,1.3256422203939051,21.11,883.49,63.47,0
Gram,Alluvial soils,92.8493387422751,1,6.84,64.25799140275164,4.914860850641632,27.03,876.73,74.64,1
Kulthi,Black soils,5.487798902751413,0,5.7,116.7863204842874,2.954194231161236,24.65,846.38,64.46,0
Til,Alluvial soils,85.22978983877745,1,5.5,14.770261505983694,1.7336147501948824,24.58,905.05,60.65,0
Urd,Alluvial soils,3.862270503389171,0,6.91,55.87963143873647,4.218136005495886,21.11,840.86,86.91,0
Kulthi,Red and Yellow soils,4.874093193902079,0,5.81,58.01984131719706,1.2796791167350348,21.25,846.62,87.78,0
Jwar,Black soils,57.1131845366664,0,6.44,85.61927717435609,3.85322871870764,25.56,897.3,64.46,0
Kulthi,Black soils,19.94313150748539,1,6.93,97.58946583215312,2.988773303025213,21.66,835.49,84.76,1
Masoor,Black soils,76.58104466203038,0,6.44,112.258823548082,0.8441663455221252,28.08,925.82,71.04,0
Kulthi,Laterite soils,31.16493766854265,0,6.71,37.76578110224007,3.3810076514253757,21.64,853.13,69.18,0
Rice,Red and Yellow soils,65.11829897838918,0,6.71,175.61385743537613,1.910934434431556,26.33,816.06,64.5,0
Mustard,Red and Yellow soils,47.35020570684794,1,6.91,14.979387934802954,2.7212244906205534,21.72,925.16,77.65,0
Tiwra,Red and Yellow soils,49.47275930960727,1,6.73,64.97986652212177,4.40748983958334,25.19,789.39,88.36,0
summer paddy,Laterite soils,80.66896941192711,0,6.63,54.11712191845815,3.2515109543711493,27.2,923.19,62.63,0
Arhar,Laterite soils,70.69460626460166,0,6.33,128.31657060515244,4.766392383485942,24.4,894.37,86.42,0
Millets,Red and Yellow soils,60.97944387000568,0,6.56,183.50464510721,2.1363469721664288,28.82,928.7,65.77,0
Wheat,Alluvial soils,86.71163811325147,1,6.19,54.94653337104506,3.359167289944513,27.52,830.72,81.67,1
Millets,Black soils,51.93747983054598,1,5.94,147.6076818611602,3.4815759318038104,22.98,866.42,83.97,1
Millets,Laterite soils,19.45015786212121,1,6.71,27.201414090139878,0.6815101265907944,21.3,915.13,77.96,0
Moong,Red and Yellow soils,6.70159104623501,0,6.78,154.37849353994258,1.4738508434764648,20.0,927.04,60.0,0
Groundnut,Laterite soils,34.78961480849945,1,6.63,100.82047107807897,4.765268097487416,24.16,783.87,81.57,1
Kulthi,Black soils,23.189085786347796,0,6.0,189.8627111419892,2.7848888056767773,30.0,816.5,90.0,0
Arhar,Black soils,58.272667448535096,0,5.91,146.75311324207283,0.571651324312384,20.39,973.71,66.56,0
Millets,Black soils,51.93747983054598,1,6.12,147.6076818611602,3.4815759318038104,20.99,832.64,90.0,1
Maize,Laterite soils,80.06913248485557,0,6.26,60.5239790933438,1.7659599285259715,28.94,919.48,68.61,0
Mustard,Black soils,48.223606509415184,0,5.75,42.21612474828965,3.626063543977249,26.87,925.02,77.99,0
Mustard,Alluvial soils,2.3002039972834387,0,6.57,145.61959193869544,2.519545815592032,24.7,880.9,77.19,0
Kulthi,Black soils,64.62899831981025,0,6.64,83.52491651545493,1.5690018255421825,21.2,812.79,65.08,0
Soybean,Black soils,98.59433372410363,0,5.99,78.26901572028348,4.212803098596902,24.74,810.9,73.7,0
Mustard,Laterite soils,2.422650386748149,1,5.5,50.003662732995785,1.3339062519960363,27.56,940.69,67.89,1
Kulthi,Laterite soils,1.9575813458450015,0,6.26,135.07179394615684,2.663615249026792,21.44,801.37,81.79,0
Tiwra,Red and Yellow soils,36.11241183442073,0,6.13,127.43746461709286,3.6934087696499662,30.0,952.89,62.33,0
Jwar,Alluvial soils,75.59152131396844,1,6.81,79.91476651727123,4.875495742078561,21.34,870.51,79.29,1
Masoor,Red and Yellow soils,34.865602801136006,1,5.93,74.53290343716962,0.976484678989204,20.0,931.39,62.05,1
summer paddy,Laterite soils,90.855464380136,0,5.72,88.93461010502237,2.2896711723008787,23.21,852.2,78.73,0
Mustard,Laterite soils,95.8059931058451,0,5.57,103.02761838487882,4.034661034793127,21.13,852.76,60.0,0
Niger,Alluvial soils,40.72168891707997,1,6.16,64.74785133657514,2.41594149570782,25.23,801.21,75.67,1
Jwar,Red and Yellow soils,28.76255629578411,1,6.27,177.41725250309972,0.8627567390016935,26.34,891.17,72.54,1
Urd,Laterite soils,2.7426498464331512,0,5.62,88.14528120125196,4.954035987983664,24.52,843.05,70.68,0
Tiwra,Alluvial soils,49.96403886906193,0,6.84,129.23233750459332,1.024483141899196,26.91,870.79,67.05,0
Gram,Black soils,7.538508193294686,1,6.56,22.895319575658647,0.7515476161379425,24.31,917.46,85.45,0
Jwar,Red and Yellow soils,28.76255629578411,1,5.98,177.41725250309972,0.8627567390016935,24.38,943.26,69.67,1
Til,Black soils,72.8747310808644,1,6.63,23.94593504567197,0.5056538319244093,20.3,902.52,81.89,0
Pea,Laterite soils,86.12529571965065,1,5.78,65.74792040384469,1.4305217882726928,26.58,948.56,87.99,1
Gram,Alluvial soils,79.26862073639087,1,5.97,169.83024901214273,4.126874099803565,22.34,847.28,76.51,1
Pea,Alluvial soils,17.17303816819014,0,5.5,163.3134475429299,2.644391106796571,27.93,886.14,67.52,0
Jwar,Alluvial soils,77.34890187462672,0,6.32,187.39893140589743,4.13407204546712,23.21,889.08,66.37,0
Pea,Red and Yellow soils,57.89621108388996,1,6.23,140.3534641806105,3.0806227397827857,28.8,883.99,87.97,1
summer paddy,Laterite soils,68.33971322490649,1,6.99,21.80492518759846,3.622176401026044,20.91,889.63,74.02,0
Mustard,Alluvial soils,91.82905732992558,1,6.42,53.74481212887618,1.5966321610404377,26.54,833.13,70.81,1
Jwar,Alluvial soils,50.27501027132872,0,6.64,103.71091740391591,4.248261783890516,24.22,950.2,60.0,0
Masoor,Black soils,95.87154982405876,1,6.76,129.9810832257704,0.5034414484512415,20.67,918.92,60.0,1
Pea,Red and Yellow soils,77.1904149781785,1,6.35,159.6942075375746,3.61915464017993,26.66,814.14,63.15,1
Soybean,Laterite soils,71.15073745457829,1,5.94,34.43015994612051,2.8276033668845826,27.33,949.18,72.53,0
Millets,Black soils,6.907493912567169,0,6.89,84.40519823967013,2.862263975769026,27.9,854.03,80.78,0
Til,Black soils,29.59626120983151,0,6.49,26.91842836664658,2.7167595174345838,27.27,817.81,86.81,0
Rice,Laterite soils,36.067847125393314,1,6.09,45.080516013725855,3.846756333323527,20.0,970.58,60.0,0
Millets,Black soils,8.545620951059774,1,6.44,161.95956637121765,4.866411463972916,29.53,799.45,87.53,1
Urd,Red and Yellow soils,22.62538625387936,1,6.24,187.4545404933927,3.635494046187656,22.71,889.11,79.26,0
Rice,Black soils,5.27909199036012,1,6.8,172.95426825777906,0.8633173028000611,20.85,900.62,65.67,1
Maize,Laterite soils,80.06913248485557,0,6.48,60.5239790933438,1.7659599285259715,28.03,923.09,69.59,0
Pea,Alluvial soils,63.2123421474168,1,6.23,30.08992185887418,2.1099619017340947,27.47,891.14,61.06,0
Masoor,Alluvial soils,88.17766186897569,0,5.84,13.862974164951854,3.4365674693025685,26.95,940.03,81.35,0
Til,Alluvial soils,20.130363157001845,1,5.92,96.39301275682372,3.99987462399122,24.83,900.08,61.05,1
Pea,Laterite soils,33.75432868239185,1,5.61,80.1683655296807,2.515180774620488,22.49,915.35,63.29,1
Millets,Red and Yellow soils,60.97944387000568,0,6.51,183.50464510721,2.1363469721664288,29.84,823.39,63.11,0
summer paddy,Alluvial soils,49.74984625046088,1,6.93,177.06316827987376,3.0524203994909347,20.84,858.11,77.3,1
Tiwra,Laterite soils,60.57467976893646,1,5.81,164.37331614576615,2.163674478018338,26.11,918.06,69.15,0
Kulthi,Alluvial soils,17.77720417995551,1,6.8,186.6233951811228,2.9967585527538096,21.5,882.72,64.73,1
Mustard,Laterite soils,74.33462632790453,0,6.83,23.998040737995492,3.3383635311434943,29.92,805.26,76.12,0
Til,Alluvial soils,48.12232243119416,1,5.62,159.19400511003866,4.48088955820164,20.0,866.7,72.59,1
Mustard,Black soils,49.5300825663572,0,5.64,153.43110336778798,4.824259422343958,27.11,893.59,86.34,0
Millets,Black soils,51.93747983054598,1,6.01,147.6076818611602,3.4815759318038104,21.22,842.36,86.27,1
Tiwra,Alluvial soils,94.65421714056572,0,5.73,98.95128901135244,3.864899065380877,20.09,893.26,90.0,0
Wheat,Red and Yellow soils,44.32758410771781,0,6.88,147.39729054115696,3.125924867676585,23.68,850.47,61.01,0
summer paddy,Red and Yellow soils,39.66105407075501,0,6.41,35.35427059036928,1.3256422203939051,20.98,856.27,63.18,0
Moong,Laterite soils,66.7431644007017,1,6.13,36.37326995857885,1.941595947520944,24.15,946.95,77.32,0
Urd,Alluvial soils,3.862270503389171,0,7.0,55.87963143873647,4.218136005495886,20.05,808.7,88.07,0
Moong,Laterite soils,75.26532755569725,1,6.07,43.65731320402202,3.3010974637817863,28.16,865.11,64.92,0
Mustard,Red and Yellow soils,47.35020570684794,1,6.85,14.979387934802954,2.7212244906205534,22.59,879.13,72.67,0
Rice,Laterite soils,36.067847125393314,1,5.71,45.080516013725855,3.846756333323527,21.86,850.33,63.43,0
summer paddy,Red and Yellow soils,73.54687524942415,0,5.58,142.93725689571534,4.918276974920083,23.33,931.21,72.2,0
Rice,Red and Yellow soils,65.11829897838918,0,6.45,175.61385743537613,1.910934434431556,26.57,901.83,67.77,0
Tiwra,Red and Yellow soils,49.47275930960727,1,6.53,64.97986652212177,4.40748983958334,24.21,771.73,89.16,0
Mustard,Alluvial soils,91.82905732992558,1,6.51,53.74481212887618,1.5966321610404377,26.12,892.66,74.44,1
Gram,Black soils,78.84309895532813,1,6.42,101.37659921705163,0.5595492491183836,20.76,821.11,81.65,0
Maize,Laterite soils,80.06913248485557,0,6.39,60.5239790933438,1.7659599285259715,28.72,877.95,67.73,0
Maize,Alluvial soils,14.964041185953416,1,7.0,139.1026557896301,1.843602189402552,28.41,880.64,66.2,1
Soybean,Red and Yellow soils,8.583758015057295,1,6.59,20.154563205107696,4.90903272481961,20.0,849.3,89.79,0
summer paddy,Alluvial soils,92.14077589708448,0,5.52,37.26311684885115,2.4051624361938035,21.36,823.5,82.92,0
Pea,Red and Yellow soils,43.446323388532846,0,7.0,141.32630646402174,3.2583353976805944,29.18,790.46,65.19,0
Rice,Alluvial soils,45.02207961303291,1,6.03,183.9060120825367,2.2666440011155182,28.04,841.57,86.35,1
Jwar,Red and Yellow soils,54.09861316205604,1,5.5,43.55196900142567,2.5235327567755976,26.4,849.05,73.65,0
Pea,Black soils,35.50207418332751,0,5.98,155.1924950643728,4.558757044762429,26.04,951.89,72.03,0
Jwar,Laterite soils,51.52716525625736,0,5.59,117.26931971045472,4.763386070226863,26.61,933.5,60.0,0
Tiwra,Alluvial soils,57.12809708824221,1,6.4,197.0604365484146,3.9823961897083984,24.16,937.82,66.15,1
Maize,Red and Yellow soils,83.97676737225935,0,5.71,174.8228236194111,1.95984723189331,22.35,939.33,86.46,0
Jwar,Alluvial soils,8.770750022223734,1,5.78,115.99582439793596,2.540243063469655,22.9,858.55,87.88,1
Niger,Black soils,56.17716140693022,1,6.88,42.88801275230651,2.992074792161899,27.32,799.86,69.77,0
summer paddy,Red and Yellow soils,1.3568197489404303,1,6.24,169.14624833347128,4.405057679473639,30.0,913.03,85.22,0
Pea,Laterite soils,23.804071407579336,1,6.47,131.24557260272172,3.669244395754899,27.88,802.04,80.3,1
summer paddy,Black soils,8.760454270055591,0,5.66,159.97290035688565,2.4566092291501533,27.33,960.6,70.06,0
Kulthi,Alluvial soils,95.13326238868204,1,6.91,125.509145492839,4.864218401260991,25.49,809.72,64.02,1
Tiwra,Alluvial soils,28.87196897058254,0,6.94,17.161441426265586,4.476599320211214,28.53,929.5,68.27,0
Jwar,Laterite soils,85.67941919967865,1,5.69,155.92944761114924,4.804050202111057,30.0,973.75,60.65,1
Niger,Black soils,37.31419938079141,1,7.0,132.93729695324475,2.649581196463151,24.37,847.97,81.73,1
Rice,Red and Yellow soils,62.88030372406628,0,6.09,69.50062910462015,4.898555948589926,25.63,879.83,71.7,0
Moong,Alluvial soils,26.489067920660645,1,5.79,57.774369919506846,4.0238207365493945,23.6,930.59,81.87,1
Kulthi,Laterite soils,6.566266666595126,1,6.53,182.44291675508293,2.3480193489739687,24.09,872.36,73.32,1
Rice,Red and Yellow soils,94.9606118039142,0,5.61,54.1128672085785,1.619877527026648,20.93,841.04,61.36,0
Jwar,Laterite soils,85.67941919967865,1,5.85,155.92944761114924,4.804050202111057,28.53,884.77,60.33,1
Til,Black soils,46.52242066000872,0,5.8,142.37837594275828,2.13191427436652,25.01,970.69,63.82,0
Mustard,Black soils,8.188474407011933,1,7.0,47.59586392867045,2.8105878706836,20.0,814.51,62.39,0
Groundnut,Alluvial soils,77.64734025846953,1,6.7,30.1290536211666,2.4437057909109408,24.16,853.66,63.32,0
Tiwra,Laterite soils,41.61828535466275,1,6.23,25.379723997991185,4.950763297623329,26.39,869.62,60.0,0
Kulthi,Alluvial soils,61.837349287810135,1,6.66,27.801636027771064,2.6701487722421016,27.6,917.82,81.27,0
Groundnut,Laterite soils,34.78961480849945,1,6.51,100.82047107807897,4.765268097487416,24.96,871.39,83.92,1
Gram,Black soils,78.84309895532813,1,6.45,101.37659921705163,0.5595492491183836,22.28,898.06,81.26,0
Gram,Laterite soils,25.539681660071125,1,6.98,24.59636681009846,2.769413193485069,22.15,902.25,76.91,0
Masoor,Red and Yellow soils,15.573043648692993,0,5.69,40.394151236744186,2.3537196802479925,25.18,916.69,68.66,0
Til,Laterite soils,60.02344822552675,0,6.46,196.68461063428768,1.6314438342398223,28.83,898.03,72.32,0
Maize,Red and Yellow soils,92.61970763557478,1,6.72,58.18133438986627,3.1266305880832834,28.76,791.91,65.39,0
Kulthi,Black soils,93.64418332139984,1,5.5,135.85787194702743,2.7374408939283854,30.0,826.04,87.35,1
Groundnut,Red and Yellow soils,38.75737864428302,0,6.55,87.85159170492055,4.987331613193882,29.75,921.44,60.0,0
Rice,Black soils,5.27909199036012,1,6.82,172.95426825777906,0.8633173028000611,20.0,813.31,61.35,1
Kulthi,Laterite soils,6.566266666595126,1,6.49,182.44291675508293,2.3480193489739687,22.55,793.61,74.41,1
Urd,Black soils,54.97589680292262,1,6.08,182.3901767961132,0.6312941161897548,24.91,841.61,83.32,0
Millets,Alluvial soils,11.562316984377864,1,6.0,36.32941582572472,4.6043699786807775,25.35,898.84,65.28,0
Pea,Alluvial soils,34.82813570853206,1,6.83,39.67680173556278,0.8048689074476658,27.63,921.0,74.04,0
Gram,Red and Yellow soils,19.447014158096326,0,6.81,144.3782799628782,2.1302329607260293,29.14,766.45,83.11,0
Tiwra,Black soils,94.76385180041332,0,6.58,110.7678118617717,0.8166051320582242,27.48,850.23,83.08,0
Millets,Alluvial soils,95.28279889194648,1,6.17,29.144702967043564,4.024157339354911,24.12,855.17,68.83,0
Gram,Black soils,43.903327920986655,1,6.72,153.1401018257682,2.190934023980345,27.14,774.19,84.54,1
Niger,Red and Yellow soils,54.18360976009397,1,6.96,118.99187835760888,4.683784908669928,22.91,901.32,80.42,1
Urd,Black soils,54.97589680292262,1,6.12,182.3901767961132,0.6312941161897548,25.41,805.55,87.32,0
Rice,Alluvial soils,55.7182474465031,0,6.51,34.65834578689061,2.032096363927362,28.33,864.44,66.12,0
Kulthi,Black soils,18.967225361011167,0,7.0,10.664611709977248,0.7513002185498734,20.77,870.87,62.22,0
summer paddy,Black soils,8.760454270055591,0,5.89,159.97290035688565,2.4566092291501533,28.42,924.97,70.76,0
Jwar,Black soils,87.71268641532818,0,6.15,15.698221174437968,2.9018118843038945,23.65,809.54,85.07,0
Urd,Laterite soils,3.1424283074838835,1,6.02,78.7181102480801,3.652081641177272,27.71,857.2,90.0,1
Millets,Laterite soils,69.8935704948745,0,6.56,32.32819760191878,3.248766454068652,25.77,812.64,85.54,0
Jwar,Alluvial soils,77.34890187462672,0,5.97,187.39893140589743,4.13407204546712,23.02,955.23,65.1,0
Kulthi,Red and Yellow soils,71.95464735059075,0,6.83,143.26123077544585,2.2065192855643185,23.74,770.48,78.13,0
Mustard,Red and Yellow soils,67.90567177519311,0,6.82,184.57009859164535,2.8827361969169605,22.59,854.26,90.0,0
Millets,Alluvial soils,45.51927766356464,0,6.05,17.637805914713663,4.038528886844827,20.85,820.33,66.38,0
Jwar,Alluvial soils,50.27501027132872,0,6.46,103.71091740391591,4.248261783890516,21.68,905.83,60.09,0
Millets,Black soils,49.27248131847189,0,6.33,53.90095521876777,1.2019846474142255,21.24,843.25,78.26,0
Tiwra,Red and Yellow soils,16.381665237746383,1,5.96,84.8078611948209,1.039182547558261,27.02,954.01,74.12,0
Soybean,Red and Yellow soils,64.9013741262986,0,5.87,175.0559582444221,3.45476106865228,23.95,859.43,74.19,0
Jwar,Alluvial soils,89.71217350262663,0,6.34,25.10256180019756,4.094914179917966,21.67,866.2,68.45,0
Kulthi,Alluvial soils,92.5492169547469,1,6.84,172.39818815807868,1.6613788159021248,29.11,893.1,86.08,1
Rice,Red and Yellow soils,94.9606118039142,0,5.5,54.1128672085785,1.619877527026648,22.64,884.35,66.04,0
Pea,Alluvial soils,16.94988061339748,1,7.0,184.5564527018232,4.554417666294789,24.12,853.09,64.8,1
Rice,Alluvial soils,49.78214071680444,0,6.62,54.89730595991944,1.04622923932641,22.86,919.44,77.62,0
Tiwra,Laterite soils,87.1125768798161,0,5.5,155.6761395244254,3.972236580663137,30.0,964.02,70.4,0
summer paddy,Alluvial soils,62.00398399717235,0,6.64,38.761830651487706,4.14766925501463,25.2,792.75,72.93,0
Millets,Laterite soils,48.74312011750155,0,5.84,120.33880048951929,2.4768589850115967,20.0,860.55,77.9,0
Gram,Red and Yellow soils,19.447014158096326,0,7.0,144.3782799628782,2.1302329607260293,29.29,782.84,86.86,0
Groundnut,Red and Yellow soils,36.53238610880504,0,6.71,92.22094687585086,0.9655793146476612,23.32,934.12,73.08,0
Til,Laterite soils,72.63236990744744,0,6.29,91.21425103639508,0.6719788045907025,27.03,853.14,67.49,0
Mustard,Black soils,48.223606509415184,0,5.5,42.21612474828965,3.626063543977249,26.27,953.84,72.57,0
Rice,Alluvial soils,55.7182474465031,0,6.15,34.65834578689061,2.032096363927362,30.0,830.11,60.49,0
Pea,Laterite soils,86.12529571965065,1,6.14,65.74792040384469,1.4305217882726928,26.62,932.23,86.55,1
Masoor,Black soils,56.607644110296,0,6.25,14.313069493331705,2.07281804952572,26.72,876.51,69.45,0
summer paddy,Laterite soils,99.68532353972208,1,6.25,36.79724244169026,0.5887722514342346,27.86,821.7,65.07,0
Wheat,Alluvial soils,19.530682289860536,0,5.85,40.60874305282016,2.7283560112256846,24.75,895.5,79.84,0
Kulthi,Laterite soils,93.89813650383569,0,6.35,193.230305006838,2.25817436042408,29.07,820.22,64.68,0
Jwar,Black soils,57.1131845366664,0,6.32,85.61927717435609,3.85322871870764,24.86,887.61,64.16,0
Groundnut,Black soils,13.083322941050284,0,5.88,85.59418473765709,3.41430524157662,25.35,962.32,67.12,0
Niger,Black soils,2.645006445988896,0,6.01,149.7523142684901,3.7486793601665775,26.52,887.32,74.19,0
Rice,Alluvial soils,45.02207961303291,1,6.09,183.9060120825367,2.2666440011155182,26.19,864.34,89.02,1
Tiwra,Red and Yellow soils,12.71408322731068,0,6.08,16.77495232897338,2.110155905799066,22.71,929.09,89.04,0
Masoor,Black soils,35.88229477097293,0,6.98,78.05785247904603,3.7076108701053294,24.47,798.44,62.33,0
Maize,Red and Yellow soils,60.85170379581952,1,6.38,154.7840778557563,1.2002355013252552,24.4,929.98,74.28,1
Tiwra,Black soils,51.6709483055929,0,6.98,135.42477390060515,3.1134728386348294,22.79,901.54,82.66,0
Maize,Black soils,19.463557757075588,0,6.76,125.4704718867283,2.598418486481846,22.64,902.55,75.43,0
Jwar,Laterite soils,83.11521733640478,1,5.98,135.05875811788147,2.826652317689744,26.73,916.96,63.92,1
Kulthi,Black soils,19.94313150748539,1,7.0,97.58946583215312,2.988773303025213,21.08,909.43,81.06,1
Groundnut,Alluvial soils,76.89512894880215,0,7.0,111.20094863538525,4.241037869145725,21.0,838.24,74.02,0
Soybean,Red and Yellow soils,8.583758015057295,1,6.78,20.154563205107696,4.90903272481961,21.46,880.94,82.6,0
Urd,Red and Yellow soils,45.498714553357374,0,6.86,78.41811791005178,2.4597531594443405,23.89,806.05,77.21,0
Millets,Black soils,85.5878730724342,1,6.32,61.37039983559247,3.7262686183632985,27.39,815.03,74.51,0
Rice,Red and Yellow soils,65.11829897838918,0,6.68,175.61385743537613,1.910934434431556,28.88,920.3,63.96,0
summer paddy,Red and Yellow soils,1.3568197489404303,1,5.84,169.14624833347128,4.405057679473639,30.0,910.92,81.12,0
Mustard,Black soils,83.04704930059059,1,7.0,164.2968639673771,3.2910142681176096,21.95,799.47,86.72,1
Kulthi,Black soils,18.967225361011167,0,7.0,10.664611709977248,0.7513002185498734,20.0,798.68,63.82,0
Jwar,Red and Yellow soils,69.32300344575232,0,7.0,63.73200903681688,0.6010337902162692,26.41,823.51,84.82,0
Millets,Red and Yellow soils,68.53613344912503,1,6.77,145.54578088551114,2.7638146457013453,20.0,897.05,63.8,1
Tiwra,Laterite soils,99.79302285723834,1,6.11,28.356863022535748,2.7788430905388597,24.08,838.38,90.0,0
Moong,Black soils,68.47419592831014,1,5.86,62.139746561585554,1.7248326329770518,28.28,976.23,71.18,0
Masoor,Red and Yellow soils,63.29267823677274,1,5.79,149.29521124251127,1.6236523171898996,22.4,891.7,63.43,1
Gram,Red and Yellow soils,82.24193371365227,1,6.38,186.49446950562293,3.4182091680119338,21.29,920.35,64.56,1
Millets,Black soils,49.27248131847189,0,6.13,53.90095521876777,1.2019846474142255,23.22,854.38,82.14,0
Soybean,Black soils,43.93909969768636,1,6.68,187.44094250103575,3.156684445310398,28.01,900.45,87.65,1
Millets,Black soils,49.27248131847189,0,6.46,53.90095521876777,1.2019846474142255,20.76,790.41,79.51,0
Groundnut,Laterite soils,81.6554741475988,1,6.76,86.15027954705378,1.14379756440237,26.55,862.26,77.69,1
Jwar,Laterite soils,52.03647167552329,1,6.81,64.66675150721977,1.1856502725788038,28.37,870.89,68.7,1
Jwar,Black soils,28.67326065577008,0,6.34,62.69765596562617,3.9383874571860433,22.92,893.8,81.73,0
Til,Red and Yellow soils,85.94972915026943,1,5.5,124.22027903539907,4.9855581453472375,20.0,917.43,78.58,1
Mustard,Laterite soils,61.737953589033744,0,5.73,65.69585886371809,1.5602596870875736,24.35,900.33,87.03,0
Arhar,Alluvial soils,57.32803334236286,1,6.91,178.80845618528306,2.3443978045744327,28.01,896.6,82.08,1
Rice,Red and Yellow soils,62.88030372406628,0,6.06,69.50062910462015,4.898555948589926,24.74,924.45,69.73,0
Rice,Laterite soils,83.79467762655149,0,6.53,33.31006222633755,2.783971589852677,21.62,831.75,88.27,0
Jwar,Black soils,65.54709453271963,1,6.04,14.774203291276631,4.843878235764788,27.64,936.33,79.58,0
Arhar,Alluvial soils,93.266516769375,0,5.97,151.91084094712255,4.153019042714469,27.43,906.55,77.3,0
Wheat,Alluvial soils,91.05415430835896,0,7.0,160.42512776637145,0.6999369117890404,22.89,788.31,85.04,0
Wheat,Red and Yellow soils,19.63023274762661,0,5.85,132.24686057442185,4.182026033346189,28.63,847.2,66.66,0
Mustard,Laterite soils,71.43977713087003,0,5.71,192.4061665391249,2.318230840930169,20.92,903.13,76.98,0
Wheat,Black soils,27.701983404171347,1,6.66,165.79370043835235,0.8135175506595091,24.77,828.27,85.73,1
Jwar,Black soils,43.34241591110462,0,6.07,55.8071284120974,4.114829632169133,22.43,822.75,80.53,0
Masoor,Black soils,76.58104466203038,0,6.44,112.258823548082,0.8441663455221252,27.25,813.25,69.56,0
Maize,Black soils,19.463557757075588,0,6.57,125.4704718867283,2.598418486481846,21.82,787.18,76.41,0
Maize,Black soils,65.32355202698167,0,5.5,153.432927891906,1.8221311119500412,21.12,883.59,71.2,0
Mustard,Laterite soils,2.422650386748149,1,5.74,50.003662732995785,1.3339062519960363,29.73,947.72,66.07,1
Pea,Laterite soils,13.913505998801302,1,6.17,198.6012534110168,2.571015400924413,24.25,903.35,63.23,1
Kulthi,Black soils,67.84108048066902,1,7.0,44.23042527392003,2.349613359680567,22.59,830.78,79.92,0
summer paddy,Laterite soils,14.757076703479033,0,6.0,114.56572536211222,3.841667344001905,21.45,817.45,77.57,0
Jwar,Black soils,6.792207993494205,1,5.77,141.9426703662678,3.0373075279627453,25.92,856.72,81.68,0
Jwar,Red and Yellow soils,61.33138378263416,0,6.54,131.90345014994583,3.0456960700275504,21.05,846.47,76.6,0
Maize,Black soils,19.410359181755048,0,5.51,167.23117270851932,4.392858700280796,25.9,902.29,64.26,0
Tiwra,Black soils,94.76385180041332,0,6.56,110.7678118617717,0.8166051320582242,26.94,894.34,86.09,0
Jwar,Laterite soils,52.03647167552329,1,6.52,64.66675150721977,1.1856502725788038,27.66,902.0,65.99,1
Jwar,Alluvial soils,93.969049183815,1,6.55,83.89046853013258,1.8300016425041368,24.79,789.63,83.15,1
Til,Black soils,72.8747310808644,1,6.8,23.94593504567197,0.5056538319244093,21.53,765.05,87.18,0
Gram,Alluvial soils,96.9050114005799,0,6.6,122.13502087504426,2.056511701070491,20.39,771.27,87.02,0
Jwar,Alluvial soils,77.34890187462672,0,6.16,187.39893140589743,4.13407204546712,22.77,864.68,62.51,0
Arhar,Red and Yellow soils,86.86720496550913,0,5.94,40.99567176940299,0.9693659789832094,22.23,820.61,88.07,0
Urd,Laterite soils,66.47259153046967,1,6.69,141.76502902740526,2.4215107907859093,30.0,863.35,64.16,1
Groundnut,Alluvial soils,77.64734025846953,1,6.48,30.1290536211666,2.4437057909109408,22.28,816.47,62.4,0
Arhar,Alluvial soils,40.59763875962707,1,5.5,154.16751398387302,1.6967064291359415,28.05,963.95,72.11,1
summer paddy,Laterite soils,57.82058689786627,0,5.79,53.81319082011551,2.8357837897845606,20.0,954.8,79.47,0
Masoor,Red and Yellow soils,63.29267823677274,1,5.75,149.29521124251127,1.6236523171898996,20.52,868.72,63.81,1
Mustard,Laterite soils,61.737953589033744,0,5.89,65.69585886371809,1.5602596870875736,25.95,876.04,82.06,0
Urd,Laterite soils,4.197889378619497,0,6.96,90.0138398925223,4.669929373092929,29.22,881.24,82.18,0
Til,Black soils,85.01927690614711,0,6.47,142.2143460301832,3.3364185717505808,20.93,794.98,75.36,0
Millets,Red and Yellow soils,60.97944387000568,0,6.19,183.50464510721,2.1363469721664288,29.93,961.91,62.92,0
Millets,Black soils,8.545620951059774,1,6.45,161.95956637121765,4.866411463972916,28.6,830.78,83.88,1
Soybean,Black soils,80.18699184832587,1,6.21,66.79895680678409,2.870925046781913,28.19,835.38,82.27,1
Gram,Alluvial soils,92.8493387422751,1,6.79,64.25799140275164,4.914860850641632,27.86,870.06,76.64,1
Tiwra,Laterite soils,66.59744978514821,1,6.62,180.71957832423595,3.992147155611458,28.85,928.1,83.55,0
Jwar,Black soils,28.67326065577008,0,6.05,62.69765596562617,3.9383874571860433,21.21,841.19,76.74,0
Maize,Red and Yellow soils,69.73343459088427,0,6.02,159.39192951392974,3.210066085264966,26.88,948.3,73.16,0
Urd,Laterite soils,3.1424283074838835,1,5.73,78.7181102480801,3.652081641177272,25.79,879.8,90.0,1
Kulthi,Black soils,39.49071677717886,0,6.22,60.39751234176016,3.8970756841866954,29.19,835.47,69.54,0
Gram,Alluvial soils,16.672643607007103,0,6.09,103.22443146605498,0.846637066382314,20.0,946.96,60.0,0
Gram,Black soils,48.6773164556799,1,5.5,69.28313557959125,2.0201114088284804,22.51,861.86,80.7,1
Wheat,Alluvial soils,91.05415430835896,0,6.92,160.42512776637145,0.6999369117890404,23.08,876.69,85.26,0
Gram,Red and Yellow soils,82.24193371365227,1,6.11,186.49446950562293,3.4182091680119338,20.0,919.34,60.0,1
Jwar,Alluvial soils,75.59152131396844,1,6.69,79.91476651727123,4.875495742078561,20.84,904.45,75.89,1
Moong,Black soils,75.01023382812153,1,6.87,27.654315800797047,2.046099335099027,30.0,787.98,64.25,0
Arhar,Alluvial soils,40.59763875962707,1,5.5,154.16751398387302,1.6967064291359415,26.47,975.43,75.21,1
Til,Alluvial soils,95.1984444835079,0,5.92,142.64313814170387,3.0749607676792494,28.82,930.89,84.27,0
Gram,Alluvial soils,92.8493387422751,1,6.79,64.25799140275164,4.914860850641632,28.72,844.01,74.45,1
Arhar,Laterite soils,10.205047368034332,1,6.18,171.60702634754793,1.5679546063176029,29.62,817.23,75.23,0
Wheat,Red and Yellow soils,44.32758410771781,0,6.68,147.39729054115696,3.125924867676585,25.25,940.46,63.15,0
Rice,Red and Yellow soils,7.996150840499768,0,6.61,73.07030318124619,1.7926143362906817,25.46,835.16,76.56,0
Millets,Laterite soils,57.962788657384245,1,6.12,176.98515468543576,1.3308049793192296,30.0,874.07,80.54,1
Soybean,Red and Yellow soils,3.422005573134409,1,6.67,184.83881346960908,0.628547000211728,27.94,865.66,66.62,1
Maize,Red and Yellow soils,75.04133314858224,0,5.55,126.6451520573656,2.7235491072147164,25.23,861.32,65.12,0
Masoor,Black soils,56.607644110296,0,6.15,14.313069493331705,2.07281804952572,28.38,885.66,69.08,0
Jwar,Alluvial soils,89.71217350262663,0,6.68,25.10256180019756,4.094914179917966,21.67,946.32,67.16,0
Tiwra,Laterite soils,60.57467976893646,1,5.99,164.37331614576615,2.163674478018338,24.77,942.44,71.12,0
Gram,Red and Yellow soils,19.447014158096326,0,6.69,144.3782799628782,2.1302329607260293,28.01,886.44,85.69,0
Millets,Black soils,3.6021924614231,0,5.93,20.467091914049288,0.5161914575404415,27.3,894.47,80.2,0
Maize,Black soils,38.61061367320439,0,6.29,170.31722106664762,0.5080767595702489,22.53,849.61,66.75,0
Gram,Black soils,18.54638357946299,1,5.65,34.31846563723244,1.5054079551932045,24.89,874.6,72.26,0
Millets,Black soils,46.115623150526005,1,6.37,177.58949627751142,1.0156582803711816,26.79,852.37,72.68,1
Jwar,Black soils,58.43929542154972,1,5.56,16.566631578535365,3.473426184998023,22.42,895.92,70.62,0
Soybean,Laterite soils,13.10812731307866,1,5.75,178.12965587280345,2.260207718353315,30.0,920.05,71.92,1
Maize,Red and Yellow soils,75.04133314858224,0,5.85,126.6451520573656,2.7235491072147164,27.0,927.9,64.77,0
Til,Black soils,85.01927690614711,0,6.41,142.2143460301832,3.3364185717505808,20.68,856.29,75.9,0
Gram,Red and Yellow soils,14.573215619358535,1,5.67,57.09839965697187,3.9514705976890343,27.96,933.9,83.26,0
Til,Black soils,46.52242066000872,0,5.84,142.37837594275828,2.13191427436652,27.4,949.49,66.35,0
Groundnut,Red and Yellow soils,96.74499664722,1,6.18,178.92269764733769,2.42511046193267,29.04,801.17,82.61,1
Gram,Red and Yellow soils,82.24193371365227,1,5.98,186.49446950562293,3.4182091680119338,20.0,958.88,61.11,1
summer paddy,Red and Yellow soils,73.54687524942415,0,5.5,142.93725689571534,4.918276974920083,25.55,917.72,70.49,0
Groundnut,Alluvial soils,77.64734025846953,1,6.85,30.1290536211666,2.4437057909109408,23.87,939.04,67.28,0
Arhar,Laterite soils,96.60763642238672,0,6.69,133.99567920563555,1.2167870909791818,22.79,917.7,81.01,0
summer paddy,Black soils,8.760454270055591,0,5.68,159.97290035688565,2.4566092291501533,27.44,849.5,67.79,0
Pea,Laterite soils,23.44233244018282,0,6.08,87.75414749046334,4.298467138068505,21.99,799.06,90.0,0
Pea,Black soils,52.66967119754954,1,5.88,193.05858625795943,1.4970629237169906,26.39,833.51,89.93,1
summer paddy,Black soils,8.760454270055591,0,5.95,159.97290035688565,2.4566092291501533,27.73,950.33,71.22,0
Til,Laterite soils,79.80767833149267,1,6.02,195.1869784074493,4.9333156627866845,22.86,835.33,83.51,0
Mustard,Black soils,8.188474407011933,1,6.72,47.59586392867045,2.8105878706836,20.0,848.1,60.02,0
Millets,Black soils,49.27248131847189,0,6.13,53.90095521876777,1.2019846474142255,22.25,907.96,75.02,0
Mustard,Laterite soils,2.422650386748149,1,5.5,50.003662732995785,1.3339062519960363,28.57,884.78,63.25,1
Tiwra,Laterite soils,83.03751864098753,0,5.76,103.43937315702806,4.951128879703812,30.0,820.23,73.12,0
Til,Red and Yellow soils,83.59129485493202,0,6.54,36.09993908037054,0.925693566787786,22.47,827.66,67.95,0
Til,Laterite soils,89.66061130236088,0,5.5,138.96491601693197,2.999699639608014,27.45,954.9,90.0,0
Til,Alluvial soils,85.22978983877745,1,5.5,14.770261505983694,1.7336147501948824,26.3,875.64,62.12,0
Tiwra,Laterite soils,44.157514598221695,0,6.39,20.786220688080256,4.760647059177217,21.46,915.38,73.37,0
Millets,Laterite soils,48.74312011750155,0,6.1,120.33880048951929,2.4768589850115967,20.0,921.3,77.59,0
summer paddy,Alluvial soils,49.74984625046088,1,6.64,177.06316827987376,3.0524203994909347,22.32,817.6,81.28,1
Til,Black soils,46.52242066000872,0,5.7,142.37837594275828,2.13191427436652,25.7,855.49,65.9,0
Rice,Red and Yellow soils,62.88030372406628,0,6.27,69.50062910462015,4.898555948589926,26.38,879.05,71.27,0
Pea,Alluvial soils,34.82813570853206,1,6.99,39.67680173556278,0.8048689074476658,27.21,918.65,76.11,0
Arhar,Alluvial soils,57.32803334236286,1,7.0,178.80845618528306,2.3443978045744327,29.27,880.13,83.91,1
Soybean,Black soils,39.78177453222698,0,5.52,94.97051601405003,2.865401887107058,25.64,895.79,69.37,0
Tiwra,Black soils,14.00913180874091,1,5.89,192.864017307691,3.587869631963185,25.66,905.93,77.34,1
Pea,Alluvial soils,16.94988061339748,1,7.0,184.5564527018232,4.554417666294789,25.41,784.54,67.65,1
Millets,Alluvial soils,23.54097596703025,1,6.48,57.43568008837477,1.5978107189656572,25.55,890.99,85.9,1
Arhar,Red and Yellow soils,86.86720496550913,0,6.13,40.99567176940299,0.9693659789832094,24.52,936.01,86.47,0
Urd,Alluvial soils,37.78258122050927,1,5.71,46.08242628582618,2.6125853106729853,29.71,877.62,72.63,0
Tiwra,Alluvial soils,28.87196897058254,0,6.88,17.161441426265586,4.476599320211214,28.87,805.06,68.17,0
Tiwra,Black soils,97.158326515426,0,5.69,132.63690929018293,0.9977835566720724,20.13,841.85,75.08,0
Masoor,Black soils,35.88229477097293,0,6.72,78.05785247904603,3.7076108701053294,25.55,879.92,63.43,0
Gram,Red and Yellow soils,34.74768672244927,1,6.77,33.58119022402276,1.9181663035284728,28.92,818.26,66.93,0
Millets,Alluvial soils,95.28279889194648,1,6.23,29.144702967043564,4.024157339354911,22.05,914.29,67.35,0
Pea,Black soils,94.11254095151456,0,7.0,74.32011188400841,3.278071802192412,24.91,778.25,86.48,0
Millets,Laterite soils,43.90448238355727,0,6.0,165.51927153855505,0.5251230931434431,22.5,881.82,69.31,0
Maize,Alluvial soils,14.964041185953416,1,6.71,139.1026557896301,1.843602189402552,28.18,923.53,72.43,1
Arhar,Alluvial soils,39.45787077617061,1,6.34,191.36893057921523,4.646728325885565,21.04,937.06,63.04,0
Gram,Red and Yellow soils,63.32634654351951,1,5.82,83.0836277339837,1.436439024649144,27.11,954.81,85.13,1
Urd,Laterite soils,59.08990961897472,0,5.92,192.0845844938899,2.9650442270922275,22.88,851.53,64.81,0
Maize,Red and Yellow soils,60.85170379581952,1,6.4,154.7840778557563,1.2002355013252552,24.66,802.98,68.47,1
Gram,Alluvial soils,6.631856397258757,1,6.64,199.531133950268,4.800063599754694,23.5,777.18,87.8,0
Pea,Red and Yellow soils,43.446323388532846,0,7.0,141.32630646402174,3.2583353976805944,28.16,857.18,61.93,0
Maize,Red and Yellow soils,83.97676737225935,0,5.54,174.8228236194111,1.95984723189331,22.25,919.66,82.98,0
Pea,Black soils,96.80767801393904,0,6.71,195.8016411514046,1.166165615757137,23.91,776.64,82.25,0
Millets,Black soils,6.907493912567169,0,6.85,84.40519823967013,2.862263975769026,28.23,761.44,84.42,0
Rice,Alluvial soils,55.7182474465031,0,6.11,34.65834578689061,2.032096363927362,28.15,932.73,63.93,0
Kulthi,Laterite soils,1.9575813458450015,0,6.43,135.07179394615684,2.663615249026792,20.54,894.81,76.28,0
Millets,Black soils,49.27248131847189,0,6.29,53.90095521876777,1.2019846474142255,21.63,950.52,76.24,0
Urd,Red and Yellow soils,21.596618772360653,1,6.75,136.9355851898517,2.343072110888093,20.83,766.21,86.55,1
Soybean,Black soils,47.0521959690072,0,6.67,89.55122834530016,0.8923742776619482,21.16,807.45,79.1,0
Jwar,Laterite soils,83.11521733640478,1,5.91,135.05875811788147,2.826652317689744,24.79,855.29,62.63,1
Tiwra,Laterite soils,88.94512805109724,0,5.71,56.3932872429863,2.278022077517278,20.0,870.9,87.83,0
Niger,Black soils,41.79287336304921,0,6.76,54.696853754845804,1.7969102556076575,23.26,849.16,73.29,0
Niger,Red and Yellow soils,54.18360976009397,1,6.79,118.99187835760888,4.683784908669928,22.28,888.49,80.46,1
Kulthi,Alluvial soils,54.81048353532652,1,5.98,24.193410570245213,4.594332152474536,27.22,970.48,65.41,0
Jwar,Alluvial soils,33.52139305008494,1,6.32,170.24519022942422,1.7358279923002595,26.06,935.94,66.78,1
Maize,Laterite soils,32.09495506812422,0,6.62,71.06637841499042,4.98667080551723,22.9,832.66,67.73,0
Maize,Red and Yellow soils,75.04133314858224,0,5.9,126.6451520573656,2.7235491072147164,26.57,918.3,65.91,0
Pea,Laterite soils,86.12529571965065,1,5.9,65.74792040384469,1.4305217882726928,23.74,861.41,87.07,1
summer paddy,Red and Yellow soils,73.54687524942415,0,5.71,142.93725689571534,4.918276974920083,24.77,915.18,73.76,0
Jwar,Laterite soils,83.11521733640478,1,5.91,135.05875811788147,2.826652317689744,25.24,826.49,67.72,1
Moong,Black soils,68.47419592831014,1,6.0,62.139746561585554,1.7248326329770518,26.34,881.28,74.87,0
Jwar,Black soils,43.34241591110462,0,6.03,55.8071284120974,4.114829632169133,22.49,920.89,81.84,0
Wheat,Alluvial soils,86.54297981140141,0,7.0,108.46872549256152,3.65827855817515,20.7,901.82,63.03,0
Masoor,Alluvial soils,17.051062582241848,1,6.8,158.50864420956958,2.1741170604411213,24.9,772.08,77.79,1
Mustard,Laterite soils,71.43977713087003,0,6.01,192.4061665391249,2.318230840930169,20.95,895.69,74.57,0
Pea,Laterite soils,86.12529571965065,1,5.79,65.74792040384469,1.4305217882726928,24.03,820.5,83.71,1
Gram,Black soils,60.6590114165344,0,5.5,89.25746879492321,4.041605590451173,25.99,882.58,82.97,0
Til,Alluvial soils,20.130363157001845,1,5.84,96.39301275682372,3.99987462399122,23.86,830.71,63.02,1
Millets,Black soils,8.545620951059774,1,6.41,161.95956637121765,4.866411463972916,30.0,846.45,90.0,1
Pea,Laterite soils,23.44233244018282,0,6.01,87.75414749046334,4.298467138068505,22.2,840.06,85.89,0
Tiwra,Red and Yellow soils,27.092825029366224,1,6.13,153.70269592651675,1.2125187749279782,27.81,857.24,60.87,1
Jwar,Alluvial soils,21.797420722217726,0,6.67,83.75345151111428,2.0437014769879367,25.12,823.35,90.0,0
Jwar,Laterite soils,92.81866674409925,1,5.82,159.32913111736443,4.144766898974626,21.57,934.23,79.55,0
Millets,Laterite soils,48.74312011750155,0,6.1,120.33880048951929,2.4768589850115967,20.0,866.82,78.72,0
Wheat,Alluvial soils,54.78604267673645,0,6.52,83.84981090417665,4.083958299034335,21.61,867.53,90.0,0
Til,Black soils,58.53364358235279,1,6.82,199.36210175604907,0.7934570356250641,28.84,849.76,80.39,1
Kulthi,Black soils,19.94313150748539,1,7.0,97.58946583215312,2.988773303025213,22.74,801.52,84.56,1
Mustard,Black soils,83.04704930059059,1,6.74,164.2968639673771,3.2910142681176096,22.16,891.21,89.76,1
Mustard,Alluvial soils,91.82905732992558,1,6.34,53.74481212887618,1.5966321610404377,24.09,947.65,67.4,1
summer paddy,Laterite soils,68.33971322490649,1,6.77,21.80492518759846,3.622176401026044,20.0,828.83,71.47,0
Masoor,Black soils,56.607644110296,0,6.12,14.313069493331705,2.07281804952572,26.6,869.19,68.23,0
Pea,Black soils,60.61327630651897,1,6.18,71.88729840163472,3.3834428136844004,27.9,821.01,60.0,1
Wheat,Red and Yellow soils,19.63023274762661,0,5.83,132.24686057442185,4.182026033346189,29.56,891.2,63.29,0
Kulthi,Laterite soils,6.566266666595126,1,6.63,182.44291675508293,2.3480193489739687,23.44,911.77,69.55,1
Soybean,Black soils,80.18699184832587,1,6.01,66.79895680678409,2.870925046781913,29.73,853.39,78.36,1
Maize,Alluvial soils,84.40064941289427,0,6.76,117.3407974676231,2.5830017311527627,29.15,839.48,88.75,0
Millets,Alluvial soils,43.70916466330876,1,5.95,39.41587779577248,2.043259526678144,27.1,878.37,90.0,0
Jwar,Alluvial soils,50.27501027132872,0,6.77,103.71091740391591,4.248261783890516,23.72,838.27,63.5,0
Rice,Laterite soils,6.748270550218036,0,6.25,153.16939920228737,1.174174578363922,25.84,852.39,60.0,0
Gram,Laterite soils,25.539681660071125,1,6.65,24.59636681009846,2.769413193485069,22.08,911.87,73.94,0
Gram,Alluvial soils,44.36061613463463,1,5.54,51.92836348552057,1.185780320544819,22.51,990.08,70.26,1
Soybean,Red and Yellow soils,64.9013741262986,0,5.83,175.0559582444221,3.45476106865228,23.58,916.85,72.08,0
Maize,Black soils,19.410359181755048,0,5.87,167.23117270851932,4.392858700280796,26.5,911.19,64.84,0
Pea,Black soils,60.61327630651897,1,5.96,71.88729840163472,3.3834428136844004,26.41,881.7,60.0,1
Arhar,Alluvial soils,93.266516769375,0,6.17,151.91084094712255,4.153019042714469,25.9,889.23,73.71,0
Maize,Alluvial soils,84.40064941289427,0,6.9,117.3407974676231,2.5830017311527627,29.58,872.4,88.8,0
Til,Black soils,29.59626120983151,0,6.25,26.91842836664658,2.7167595174345838,27.87,938.56,87.3,0
Til,Laterite soils,89.66061130236088,0,5.5,138.96491601693197,2.999699639608014,27.97,878.3,90.0,0
Tiwra,Alluvial soils,42.73461385557504,1,6.41,46.60885970748865,2.3240919163041704,26.96,843.33,77.26,0
Jwar,Red and Yellow soils,81.05182096520964,1,5.5,198.10884266676885,4.3258916692421066,23.5,931.21,71.64,1
Kulthi,Black soils,64.62899831981025,0,6.86,83.52491651545493,1.5690018255421825,22.93,844.46,60.42,0
Jwar,Black soils,58.43929542154972,1,5.66,16.566631578535365,3.473426184998023,21.28,898.67,66.95,0
Pea,Red and Yellow soils,43.446323388532846,0,6.94,141.32630646402174,3.2583353976805944,28.6,928.79,63.37,0
Til,Red and Yellow soils,80.31440413281457,0,6.11,77.60609722671164,0.5869799739884878,26.69,851.98,64.01,0
Pea,Alluvial soils,16.94988061339748,1,6.94,184.5564527018232,4.554417666294789,24.81,794.85,60.81,1
Millets,Alluvial soils,3.618996042561992,0,6.49,195.20677589698155,0.9929670665083924,27.6,927.71,89.93,0
Millets,Laterite soils,48.74312011750155,0,6.12,120.33880048951929,2.4768589850115967,21.5,914.78,72.83,0
Gram,Red and Yellow soils,82.07588905682253,0,7.0,18.009491866681152,3.233362891898263,20.93,756.23,82.98,0
Soybean,Laterite soils,82.5219028825696,1,6.5,120.98570933252736,1.84204637395397,22.0,785.75,90.0,1
Mustard,Alluvial soils,91.82905732992558,1,6.53,53.74481212887618,1.5966321610404377,25.7,798.03,70.98,1
Rice,Red and Yellow soils,94.9606118039142,0,5.87,54.1128672085785,1.619877527026648,22.16,883.58,61.08,0
Urd,Red and Yellow soils,45.498714553357374,0,6.63,78.41811791005178,2.4597531594443405,21.43,840.43,79.73,0
Gram,Red and Yellow soils,19.447014158096326,0,6.85,144.3782799628782,2.1302329607260293,29.34,898.35,86.74,0
Kulthi,Alluvial soils,92.5492169547469,1,7.0,172.39818815807868,1.6613788159021248,27.0,786.81,84.42,1
Til,Red and Yellow soils,85.94972915026943,1,5.5,124.22027903539907,4.9855581453472375,20.0,933.9,81.74,1
Pea,Alluvial soils,16.94988061339748,1,6.89,184.5564527018232,4.554417666294789,25.42,790.68,64.21,1
Gram,Red and Yellow soils,82.24193371365227,1,6.15,186.49446950562293,3.4182091680119338,20.29,923.13,63.11,1
Tiwra,Laterite soils,41.61828535466275,1,6.34,25.379723997991185,4.950763297623329,23.76,911.21,60.0,0
Wheat,Alluvial soils,54.78604267673645,0,6.85,83.84981090417665,4.083958299034335,20.96,874.06,88.17,0
Jwar,Laterite soils,85.67941919967865,1,5.6,155.92944761114924,4.804050202111057,29.87,911.38,64.43,1
Masoor,Alluvial soils,71.71208281936302,0,6.96,31.377403355249527,1.0655330314056928,26.58,835.06,66.77,0
Til,Red and Yellow soils,83.59129485493202,0,6.52,36.09993908037054,0.925693566787786,21.72,942.89,63.23,0
Maize,Laterite soils,80.06913248485557,0,6.32,60.5239790933438,1.7659599285259715,28.97,815.61,70.24,0
Jwar,Laterite soils,52.03647167552329,1,6.78,64.66675150721977,1.1856502725788038,27.83,868.31,68.72,1
Til,Alluvial soils,95.1984444835079,0,6.37,142.64313814170387,3.0749607676792494,27.61,816.18,89.15,0
Gram,Alluvial soils,92.8493387422751,1,6.65,64.25799140275164,4.914860850641632,28.13,847.22,73.97,1
Arhar,Red and Yellow soils,89.63418660147754,0,6.06,197.40269607320457,2.917209527133356,25.52,923.0,80.16,0
Jwar,Red and Yellow soils,14.921019331346107,0,6.16,199.58265014089395,3.3401633423800927,21.5,799.05,87.21,0
Soybean,Alluvial soils,45.929950244441066,1,6.41,146.06295145488895,4.868631700892124,27.8,803.36,73.09,0
Maize,Alluvial soils,34.904783067347054,0,7.0,17.703829613210928,0.5905315307981513,26.14,827.68,90.0,0
Kulthi,Red and Yellow soils,77.23112760032592,0,7.0,189.48722932169497,0.7063293420201492,24.43,791.38,77.49,0
Arhar,Laterite soils,10.205047368034332,1,5.85,171.60702634754793,1.5679546063176029,26.94,839.45,74.69,0
Pea,Red and Yellow soils,32.745807896062146,1,5.73,26.481396356110054,4.152733501535543,23.57,941.44,88.06,0
Til,Red and Yellow soils,83.59129485493202,0,6.72,36.09993908037054,0.925693566787786,21.46,934.74,68.21,0
Jwar,Alluvial soils,8.770750022223734,1,5.7,115.99582439793596,2.540243063469655,22.83,938.72,90.0,1
Urd,Alluvial soils,61.5620526784047,1,6.18,104.44263990041502,2.5721342995786207,23.35,825.58,90.0,1
Wheat,Red and Yellow soils,44.32758410771781,0,6.7,147.39729054115696,3.125924867676585,26.07,800.54,62.02,0
Maize,Red and Yellow soils,75.04133314858224,0,5.63,126.6451520573656,2.7235491072147164,25.15,941.21,62.78,0
Mustard,Alluvial soils,29.138359213116704,0,6.11,163.4305505984715,3.5913293882148416,28.62,898.11,65.66,0
Gram,Alluvial soils,96.9050114005799,0,6.92,122.13502087504426,2.056511701070491,21.17,785.33,84.84,0
Urd,Laterite soils,4.197889378619497,0,6.59,90.0138398925223,4.669929373092929,30.0,892.96,76.48,0
Tiwra,Laterite soils,87.1125768798161,0,5.5,155.6761395244254,3.972236580663137,29.8,971.64,66.28,0
Urd,Alluvial soils,3.862270503389171,0,6.75,55.87963143873647,4.218136005495886,20.0,864.38,83.2,0
Kulthi,Laterite soils,1.9575813458450015,0,6.18,135.07179394615684,2.663615249026792,20.68,937.73,79.97,0
Mustard,Black soils,19.12922251866725,1,5.5,103.50209792378745,2.617585675899809,27.82,879.94,72.04,0
Niger,Red and Yellow soils,16.887171155387144,1,6.02,22.167450486029797,2.846606265660132,26.67,842.2,76.16,0
Jwar,Black soils,6.792207993494205,1,6.07,141.9426703662678,3.0373075279627453,27.39,835.33,78.47,0
Soybean,Laterite soils,13.10812731307866,1,5.57,178.12965587280345,2.260207718353315,28.32,878.81,73.73,1
Jwar,Red and Yellow soils,28.76255629578411,1,6.25,177.41725250309972,0.8627567390016935,25.55,878.01,73.48,1
Urd,Red and Yellow soils,22.62538625387936,1,6.17,187.4545404933927,3.635494046187656,23.52,825.95,81.66,0
Til,Laterite soils,79.9474430875547,1,5.89,173.28889307383915,3.202864513601942,20.72,911.74,63.61,1
Jwar,Black soils,57.1131845366664,0,6.14,85.61927717435609,3.85322871870764,23.75,965.1,61.82,0
Urd,Black soils,30.25969736488654,0,5.93,28.04568065397041,1.8011830369833524,28.31,914.3,86.58,0
summer paddy,Laterite soils,90.855464380136,0,5.5,88.93461010502237,2.2896711723008787,23.68,971.37,79.11,0
Kulthi,Alluvial soils,95.13326238868204,1,6.9,125.509145492839,4.864218401260991,23.48,828.62,60.0,1
Urd,Alluvial soils,61.5620526784047,1,5.82,104.44263990041502,2.5721342995786207,21.65,877.41,86.35,1
Millets,Black soils,15.194191435755716,1,6.11,139.19187074455024,2.3495259339216563,28.73,856.27,70.92,1
Niger,Red and Yellow soils,54.18360976009397,1,6.64,118.99187835760888,4.683784908669928,21.77,821.5,78.21,1
summer paddy,Alluvial soils,80.44770135267859,0,7.0,29.64755058306169,4.7260075846814615,20.73,787.94,88.34,0
Masoor,Alluvial soils,71.71208281936302,0,6.8,31.377403355249527,1.0655330314056928,27.35,873.04,66.89,0
Millets,Laterite soils,43.23591197416306,1,7.0,119.119475832171,0.6911915449376529,25.9,907.43,63.41,1
Jwar,Alluvial soils,3.1422931695712104,0,5.5,124.9568629244877,1.2982647039962512,29.16,909.26,73.65,0
Maize,Black soils,37.59082546376269,1,5.98,177.66269564708426,3.0725046924698143,23.53,962.54,80.09,0
Kulthi,Laterite soils,93.89813650383569,0,6.34,193.230305006838,2.25817436042408,29.92,846.62,60.0,0
Arhar,Alluvial soils,16.947340444794044,0,7.0,115.46353355361116,3.294811394244745,22.79,838.18,71.02,0
Kulthi,Laterite soils,6.566266666595126,1,6.86,182.44291675508293,2.3480193489739687,24.68,895.11,66.44,1
Kulthi,Laterite soils,1.9575813458450015,0,6.25,135.07179394615684,2.663615249026792,23.14,878.65,82.06,0
Millets,Black soils,8.545620951059774,1,6.46,161.95956637121765,4.866411463972916,30.0,916.19,87.38,1
Tiwra,Laterite soils,87.1125768798161,0,5.53,155.6761395244254,3.972236580663137,29.86,946.11,64.88,0
Maize,Black soils,73.32267007953085,0,5.96,47.49317757286676,0.6835265598024884,24.03,848.59,70.2,0
Kulthi,Black soils,93.64418332139984,1,5.8,135.85787194702743,2.7374408939283854,29.46,948.71,90.0,1
Kulthi,Laterite soils,6.566266666595126,1,6.83,182.44291675508293,2.3480193489739687,25.41,821.74,67.34,1
Gram,Red and Yellow soils,63.32634654351951,1,5.7,83.0836277339837,1.436439024649144,26.4,823.79,84.82,1
summer paddy,Laterite soils,97.19340985732984,0,6.9,109.52068301196128,2.3271442877923745,30.0,820.45,74.37,0
Maize,Black soils,25.60173042272508,1,7.0,165.05125349950538,2.360850866018045,29.27,813.67,69.48,1
Kulthi,Laterite soils,97.05327118037404,1,7.0,33.70437264492988,4.118308574057645,25.8,875.23,74.56,0
Millets,Alluvial soils,43.70916466330876,1,6.02,39.41587779577248,2.043259526678144,27.79,847.99,90.0,0
Mustard,Laterite soils,61.737953589033744,0,5.67,65.69585886371809,1.5602596870875736,26.16,821.96,85.39,0
Urd,Black soils,54.97589680292262,1,6.19,182.3901767961132,0.6312941161897548,25.38,860.43,86.43,0
Soybean,Black soils,47.0521959690072,0,6.71,89.55122834530016,0.8923742776619482,21.62,917.82,82.39,0
Soybean,Alluvial soils,1.0845160463029235,0,6.18,132.15140054930788,1.295639412046346,24.42,869.5,85.72,0
Niger,Red and Yellow soils,4.301026088036883,0,6.76,145.61804214220632,2.0812368730220943,23.23,929.89,69.8,0
Til,Black soils,72.8747310808644,1,6.71,23.94593504567197,0.5056538319244093,22.29,876.84,87.42,0
Arhar,Red and Yellow soils,86.86720496550913,0,6.07,40.99567176940299,0.9693659789832094,24.23,833.43,84.43,0
Moong,Red and Yellow soils,9.326065442028998,0,6.93,172.44853243892462,3.156078875040973,23.26,787.8,70.2,0
Groundnut,Red and Yellow soils,96.74499664722,1,5.82,178.92269764733769,2.42511046193267,28.14,882.34,79.58,1
summer paddy,Alluvial soils,5.634581766188527,1,6.46,70.69578532542236,3.804381772475503,20.41,876.5,80.75,1
Tiwra,Black soils,63.70051960241635,1,6.84,78.64897896002441,4.51494091656409,22.62,908.77,90.0,0
Groundnut,Black soils,13.083322941050284,0,6.13,85.59418473765709,3.41430524157662,25.46,870.58,66.32,0
Maize,Black soils,38.61061367320439,0,6.31,170.31722106664762,0.5080767595702489,24.49,923.76,65.28,0
Niger,Laterite soils,4.079749834554197,0,5.5,99.53335179078957,3.6129767886177073,26.19,880.31,68.72,0
Wheat,Red and Yellow soils,45.9958564972776,0,6.18,199.4706146791189,3.097939236387041,27.88,837.41,65.5,0
Urd,Alluvial soils,37.78258122050927,1,5.83,46.08242628582618,2.6125853106729853,28.42,858.56,72.34,0
Mustard,Alluvial soils,91.82905732992558,1,6.37,53.74481212887618,1.5966321610404377,24.41,853.7,69.96,1
Jwar,Laterite soils,83.27429064883648,1,5.92,66.97405545052723,4.904528295647274,26.98,916.52,68.21,1
Pea,Black soils,35.50207418332751,0,6.04,155.1924950643728,4.558757044762429,26.95,871.49,69.64,0
Mustard,Alluvial soils,12.351657408054075,1,5.76,74.45869273649792,2.028361205368407,21.72,875.06,78.45,1
Groundnut,Laterite soils,47.3154015978025,0,5.99,163.00709664528063,2.6080442594736524,23.38,866.95,60.0,0
Jwar,Red and Yellow soils,81.05182096520964,1,5.5,198.10884266676885,4.3258916692421066,22.74,841.65,72.73,1
Masoor,Red and Yellow soils,63.29267823677274,1,5.5,149.29521124251127,1.6236523171898996,21.93,904.31,60.0,1
Pea,Alluvial soils,63.2123421474168,1,6.28,30.08992185887418,2.1099619017340947,28.84,885.49,63.21,0
Mustard,Laterite soils,95.8059931058451,0,5.97,103.02761838487882,4.034661034793127,21.4,916.15,60.0,0
Niger,Black soils,37.31419938079141,1,6.99,132.93729695324475,2.649581196463151,24.49,865.6,80.45,1
Pea,Black soils,60.61327630651897,1,5.95,71.88729840163472,3.3834428136844004,26.89,868.79,63.96,1
Millets,Laterite soils,40.123933186942935,1,5.94,78.28259692949361,2.6365415718597265,25.58,856.43,66.57,1
Jwar,Black soils,58.43929542154972,1,5.62,16.566631578535365,3.473426184998023,22.53,968.49,67.33,0
Jwar,Alluvial soils,93.969049183815,1,6.43,83.89046853013258,1.8300016425041368,24.71,862.78,83.23,1
Tiwra,Laterite soils,99.79302285723834,1,6.09,28.356863022535748,2.7788430905388597,24.92,798.66,85.08,0
Jwar,Black soils,13.99127022595174,1,6.19,96.4732462540386,1.8688803337971989,24.77,947.83,71.95,1
Pea,Alluvial soils,17.17303816819014,0,5.5,163.3134475429299,2.644391106796571,25.97,938.01,70.91,0
Masoor,Red and Yellow soils,84.52316916652465,1,6.07,136.06206737070266,3.720799011587236,27.17,897.36,77.24,1
Wheat,Alluvial soils,86.54297981140141,0,6.78,108.46872549256152,3.65827855817515,20.53,934.64,66.38,0
Niger,Black soils,56.17716140693022,1,6.67,42.88801275230651,2.992074792161899,26.92,838.1,72.7,0
Rice,Black soils,51.78490534951984,1,5.5,159.67777079366866,3.8935916410771423,20.76,923.28,72.73,1
Moong,Laterite soils,44.60788148262814,1,5.94,83.79284451275134,2.217174315777015,26.56,876.89,62.25,1
Arhar,Red and Yellow soils,86.86720496550913,0,5.89,40.99567176940299,0.9693659789832094,22.75,808.92,85.55,0
Til,Laterite soils,89.66061130236088,0,5.64,138.96491601693197,2.999699639608014,26.78,940.3,90.0,0
Pea,Red and Yellow soils,77.1904149781785,1,5.97,159.6942075375746,3.61915464017993,25.93,935.1,64.92,1
Arhar,Alluvial soils,40.59763875962707,1,5.7,154.16751398387302,1.6967064291359415,26.52,888.05,78.7,1
Arhar,Alluvial soils,16.947340444794044,0,6.8,115.46353355361116,3.294811394244745,25.0,919.94,72.56,0
Arhar,Laterite soils,96.60763642238672,0,6.44,133.99567920563555,1.2167870909791818,21.05,780.26,86.72,0
Kulthi,Laterite soils,31.16493766854265,0,6.74,37.76578110224007,3.3810076514253757,20.66,799.54,69.06,0
Maize,Black soils,73.32267007953085,0,5.81,47.49317757286676,0.6835265598024884,26.12,836.37,69.7,0
Moong,Alluvial soils,40.61480583667867,1,5.66,166.39544242161517,4.281051864970563,27.85,895.39,62.03,1
Niger,Black soils,41.408301825253936,1,6.34,31.68152038748095,2.551580468611744,23.41,912.84,66.94,0
Millets,Alluvial soils,83.4164579675254,0,6.34,146.3607032263529,4.542588877178431,22.72,814.56,89.41,0
Maize,Alluvial soils,34.904783067347054,0,7.0,17.703829613210928,0.5905315307981513,26.98,786.2,87.48,0
Pea,Red and Yellow soils,57.89621108388996,1,6.22,140.3534641806105,3.0806227397827857,28.66,797.02,85.86,1
Niger,Laterite soils,58.342897767539576,0,6.16,30.396351069572987,0.6188329381507388,24.53,939.24,90.0,0
Til,Alluvial soils,95.1984444835079,0,5.98,142.64313814170387,3.0749607676792494,26.15,838.03,87.76,0
Groundnut,Alluvial soils,7.595586649378683,1,7.0,32.52112578042177,2.090866635406147,20.76,931.08,65.19,0
Jwar,Laterite soils,92.81866674409925,1,6.01,159.32913111736443,4.144766898974626,20.48,824.36,80.54,0
Millets,Black soils,85.5878730724342,1,6.11,61.37039983559247,3.7262686183632985,26.97,895.36,72.69,0
Tiwra,Laterite soils,77.41000299816143,0,5.65,102.68567704073148,4.5790889615245725,21.5,902.28,60.0,0
Moong,Laterite soils,4.258463097456195,0,5.61,181.9289995636216,3.8846723421151497,26.79,862.05,79.41,0
Tiwra,Laterite soils,88.94512805109724,0,5.79,56.3932872429863,2.278022077517278,20.53,902.62,83.38,0
Niger,Laterite soils,4.079749834554197,0,5.5,99.53335179078957,3.6129767886177073,26.16,874.99,72.25,0
Maize,Red and Yellow soils,60.85170379581952,1,6.16,154.7840778557563,1.2002355013252552,22.91,930.18,69.1,1
Millets,Alluvial soils,43.70916466330876,1,5.77,39.41587779577248,2.043259526678144,25.65,904.76,90.0,0
Jwar,Black soils,87.71268641532818,0,6.17,15.698221174437968,2.9018118843038945,22.35,839.91,87.66,0
Urd,Alluvial soils,37.78258122050927,1,5.55,46.08242628582618,2.6125853106729853,28.06,878.47,72.91,0
Mustard,Alluvial soils,29.138359213116704,0,6.22,163.4305505984715,3.5913293882148416,28.57,930.91,62.2,0
Soybean,Black soils,39.78177453222698,0,5.66,94.97051601405003,2.865401887107058,26.73,927.29,69.57,0
Urd,Laterite soils,2.7426498464331512,0,5.87,88.14528120125196,4.954035987983664,23.39,879.99,63.35,0
Wheat,Red and Yellow soils,44.32758410771781,0,6.84,147.39729054115696,3.125924867676585,25.54,873.8,64.64,0
Masoor,Black soils,57.674849565932185,0,6.47,50.45115979273248,1.5982455206728323,24.77,844.0,62.77,0
Urd,Alluvial soils,61.5620526784047,1,5.86,104.44263990041502,2.5721342995786207,20.63,943.95,84.29,1
Millets,Alluvial soils,66.1773521263443,1,6.42,121.45483757861142,4.880676349583943,25.86,952.71,65.45,1
Groundnut,Laterite soils,73.65874563961616,0,6.01,22.36466943541153,2.773808931043931,25.36,829.47,66.28,0
Mustard,Black soils,48.223606509415184,0,5.76,42.21612474828965,3.626063543977249,25.57,920.88,76.02,0
Niger,Red and Yellow soils,54.18360976009397,1,6.93,118.99187835760888,4.683784908669928,22.28,789.96,80.7,1
Millets,Alluvial soils,11.562316984377864,1,5.91,36.32941582572472,4.6043699786807775,24.44,855.25,70.57,0
Maize,Laterite soils,32.09495506812422,0,6.89,71.06637841499042,4.98667080551723,24.91,863.7,69.89,0
Kulthi,Laterite soils,97.05327118037404,1,6.67,33.70437264492988,4.118308574057645,25.6,933.9,71.4,0
Jwar,Red and Yellow soils,28.76255629578411,1,6.05,177.41725250309972,0.8627567390016935,24.21,885.47,66.99,1
summer paddy,Alluvial soils,7.078898910240252,1,5.62,133.05676737201873,2.8391106476553305,25.0,917.45,84.06,0
Wheat,Alluvial soils,67.4018482677936,0,6.11,27.39069849597884,4.906744463762068,20.42,855.0,65.14,0
Maize,Red and Yellow soils,92.61970763557478,1,6.76,58.18133438986627,3.1266305880832834,29.14,913.1,64.47,0
Moong,Red and Yellow soils,9.326065442028998,0,6.77,172.44853243892462,3.156078875040973,24.17,922.02,72.14,0
Millets,Laterite soils,69.8935704948745,0,6.34,32.32819760191878,3.248766454068652,26.04,928.63,79.89,0
Moong,Black soils,68.47419592831014,1,5.94,62.139746561585554,1.7248326329770518,26.19,965.58,74.14,0
Maize,Alluvial soils,14.964041185953416,1,7.0,139.1026557896301,1.843602189402552,27.06,813.76,66.38,1
Tiwra,Alluvial soils,7.949464529363647,1,7.0,26.11128283567805,0.5044061015460503,21.0,828.21,81.82,0
Soybean,Black soils,99.34559799516776,0,7.0,135.6931179241448,1.381824872493303,21.45,851.74,72.11,0
Millets,Red and Yellow soils,70.98318926589636,1,6.79,74.80825570491946,3.7312992983988873,27.54,872.64,63.94,1
Wheat,Laterite soils,7.276797004040833,0,6.19,117.16853925930828,3.99316410162361,24.98,893.97,86.73,0
Kulthi,Laterite soils,6.566266666595126,1,6.65,182.44291675508293,2.3480193489739687,22.86,923.76,66.55,1
Jwar,Laterite soils,92.81866674409925,1,6.07,159.32913111736443,4.144766898974626,21.87,916.47,74.87,0
Rice,Alluvial soils,45.02207961303291,1,5.73,183.9060120825367,2.2666440011155182,26.01,929.08,90.0,1
Tiwra,Alluvial soils,57.12809708824221,1,6.48,197.0604365484146,3.9823961897083984,25.32,809.65,70.56,1
Groundnut,Alluvial soils,51.66383286816028,0,6.4,98.78595372126168,1.518977035891242,20.16,799.07,69.24,0
Moong,Alluvial soils,26.489067920660645,1,5.57,57.774369919506846,4.0238207365493945,23.13,817.9,87.61,1
Niger,Red and Yellow soils,30.05926746262701,0,5.79,171.41131547239257,3.621531844526511,30.0,939.33,62.5,0
Millets,Alluvial soils,66.1773521263443,1,6.27,121.45483757861142,4.880676349583943,22.92,918.32,67.41,1
Millets,Black soils,51.93747983054598,1,6.27,147.6076818611602,3.4815759318038104,20.92,793.18,84.79,1
Soybean,Red and Yellow soils,64.9013741262986,0,5.74,175.0559582444221,3.45476106865228,23.86,928.46,73.64,0
Urd,Alluvial soils,18.245949358971803,1,6.54,144.86143436361849,4.22251584341133,28.2,853.2,70.94,1
Rice,Laterite soils,7.142480781761127,0,6.16,145.4650010321932,2.084973135653419,22.75,884.8,71.22,0
Jwar,Black soils,58.43929542154972,1,5.8,16.566631578535365,3.473426184998023,21.64,828.75,65.52,0
Mustard,Laterite soils,95.8059931058451,0,5.81,103.02761838487882,4.034661034793127,21.48,965.08,60.0,0
Masoor,Alluvial soils,45.92043415033586,0,7.0,175.13241790304798,3.316894792035183,28.56,882.53,83.39,0
Maize,Black soils,19.410359181755048,0,5.69,167.23117270851932,4.392858700280796,25.84,990.3,60.0,0
Groundnut,Black soils,87.53054551977526,0,5.66,172.43490927868564,4.158548482629399,30.0,924.29,69.68,0
Maize,Red and Yellow soils,75.04133314858224,0,5.79,126.6451520573656,2.7235491072147164,25.48,838.92,65.42,0
Maize,Red and Yellow soils,69.73343459088427,0,5.69,159.39192951392974,3.210066085264966,26.66,953.16,76.33,0
Rice,Red and Yellow soils,62.88030372406628,0,6.19,69.50062910462015,4.898555948589926,24.24,958.04,69.76,0
Urd,Red and Yellow soils,22.62538625387936,1,5.83,187.4545404933927,3.635494046187656,20.93,827.49,79.02,0
Niger,Black soils,41.408301825253936,1,6.46,31.68152038748095,2.551580468611744,22.53,807.58,63.1,0
Tiwra,Alluvial soils,94.65421714056572,0,5.63,98.95128901135244,3.864899065380877,20.46,932.45,90.0,0
Arhar,Laterite soils,70.69460626460166,0,6.48,128.31657060515244,4.766392383485942,24.48,900.6,85.08,0
Til,Laterite soils,79.80767833149267,1,6.14,195.1869784074493,4.9333156627866845,22.85,951.58,77.23,0
Til,Alluvial soils,48.12232243119416,1,5.65,159.19400511003866,4.48088955820164,20.35,968.24,71.0,1
summer paddy,Laterite soils,57.82058689786627,0,5.9,53.81319082011551,2.8357837897845606,20.87,810.57,76.33,0
Rice,Black soils,51.78490534951984,1,5.5,159.67777079366866,3.8935916410771423,20.0,981.48,74.7,1
Pea,Alluvial soils,16.94988061339748,1,7.0,184.5564527018232,4.554417666294789,24.28,888.08,63.46,1
Moong,Laterite soils,1.3350146708237651,0,5.92,27.21836674974315,4.5485522285277975,26.56,963.14,63.05,0
Jwar,Laterite soils,83.27429064883648,1,5.88,66.97405545052723,4.904528295647274,24.97,823.98,67.24,1
Mustard,Alluvial soils,29.138359213116704,0,6.15,163.4305505984715,3.5913293882148416,28.02,953.05,63.15,0
Maize,Laterite soils,80.06913248485557,0,6.45,60.5239790933438,1.7659599285259715,29.24,855.35,72.74,0
Moong,Alluvial soils,26.489067920660645,1,5.89,57.774369919506846,4.0238207365493945,23.17,929.55,88.86,1
Jwar,Laterite soils,92.81866674409925,1,6.31,159.32913111736443,4.144766898974626,21.3,930.52,77.74,0
Moong,Laterite soils,75.26532755569725,1,5.87,43.65731320402202,3.3010974637817863,28.36,934.24,63.49,0
Tiwra,Red and Yellow soils,12.71408322731068,0,5.7,16.77495232897338,2.110155905799066,23.37,880.39,88.6,0
Urd,Black soils,6.69515158775076,0,6.09,187.8070287106091,1.1930450406000916,24.85,934.55,73.27,0
Til,Black soils,85.01927690614711,0,6.48,142.2143460301832,3.3364185717505808,20.0,817.47,79.52,0
Millets,Red and Yellow soils,17.122970872144943,1,6.25,60.7652239322664,2.3761285663683043,26.29,963.63,68.57,1
Rice,Alluvial soils,45.02207961303291,1,5.69,183.9060120825367,2.2666440011155182,27.75,893.1,90.0,1
Moong,Alluvial soils,42.49140354238396,0,6.14,56.1970084461051,2.8797560145626053,24.91,885.36,74.39,0
Millets,Laterite soils,40.123933186942935,1,5.61,78.28259692949361,2.6365415718597265,24.77,926.43,67.0,1
Moong,Black soils,66.35159251639024,0,5.64,154.92011886243904,4.532794847215374,26.67,963.72,63.92,0
Soybean,Alluvial soils,45.929950244441066,1,6.7,146.06295145488895,4.868631700892124,27.57,874.42,76.42,0
Tiwra,Laterite soils,44.157514598221695,0,6.51,20.786220688080256,4.760647059177217,22.01,801.01,68.93,0
Tiwra,Alluvial soils,28.87196897058254,0,6.82,17.161441426265586,4.476599320211214,29.05,839.02,68.12,0
Kulthi,Laterite soils,67.55487925578505,0,6.77,79.33838476518439,4.877362795825739,28.89,818.98,90.0,0
Til,Laterite soils,72.63236990744744,0,5.99,91.21425103639508,0.6719788045907025,29.03,971.06,68.58,0
Masoor,Red and Yellow soils,15.573043648692993,0,5.55,40.394151236744186,2.3537196802479925,25.39,895.22,69.34,0
Kulthi,Black soils,64.62899831981025,0,6.42,83.52491651545493,1.5690018255421825,23.32,856.28,65.61,0
Gram,Red and Yellow soils,82.07588905682253,0,6.57,18.009491866681152,3.233362891898263,20.0,907.07,75.73,0
Masoor,Black soils,56.607644110296,0,6.36,14.313069493331705,2.07281804952572,28.69,956.3,70.41,0
Groundnut,Laterite soils,47.3154015978025,0,6.17,163.00709664528063,2.6080442594736524,20.5,933.62,64.09,0
Wheat,Red and Yellow soils,45.9958564972776,0,6.19,199.4706146791189,3.097939236387041,29.34,880.7,65.49,0
Jwar,Black soils,57.1131845366664,0,6.03,85.61927717435609,3.85322871870764,23.73,957.66,60.0,0
Mustard,Black soils,8.188474407011933,1,6.73,47.59586392867045,2.8105878706836,20.0,825.63,60.49,0
Tiwra,Black soils,97.158326515426,0,5.5,132.63690929018293,0.9977835566720724,20.55,917.29,70.58,0
summer paddy,Black soils,60.308079523188816,0,6.99,43.46443527108601,3.000106367186519,28.64,910.45,80.13,0
Tiwra,Laterite soils,99.79302285723834,1,6.42,28.356863022535748,2.7788430905388597,26.56,865.07,85.4,0
summer paddy,Laterite soils,14.757076703479033,0,6.36,114.56572536211222,3.841667344001905,22.62,799.69,75.56,0
Masoor,Alluvial soils,17.051062582241848,1,6.78,158.50864420956958,2.1741170604411213,24.7,820.3,78.11,1
Tiwra,Black soils,97.158326515426,0,5.5,132.63690929018293,0.9977835566720724,22.07,976.05,74.82,0
Pea,Red and Yellow soils,45.88200025350533,0,6.48,166.4197314414131,0.7604645881312596,26.25,933.08,72.02,0
Millets,Alluvial soils,43.70916466330876,1,5.93,39.41587779577248,2.043259526678144,25.61,905.71,85.55,0
Soybean,Alluvial soils,73.18122507589274,0,5.89,84.15235572039454,4.546057014434088,24.26,834.35,82.6,0
Mustard,Black soils,8.188474407011933,1,6.81,47.59586392867045,2.8105878706836,21.35,859.61,60.0,0
Urd,Black soils,6.69515158775076,0,6.58,187.8070287106091,1.1930450406000916,25.01,929.34,71.28,0
Moong,Laterite soils,75.26532755569725,1,5.72,43.65731320402202,3.3010974637817863,27.51,863.57,64.04,0
Urd,Alluvial soils,3.862270503389171,0,7.0,55.87963143873647,4.218136005495886,20.0,821.76,82.73,0
Pea,Laterite soils,13.913505998801302,1,5.8,198.6012534110168,2.571015400924413,25.52,870.76,64.77,1
Millets,Black soils,3.6021924614231,0,6.22,20.467091914049288,0.5161914575404415,25.37,926.68,76.66,0
Maize,Alluvial soils,84.40064941289427,0,6.92,117.3407974676231,2.5830017311527627,28.57,791.42,89.8,0
summer paddy,Black soils,8.760454270055591,0,5.64,159.97290035688565,2.4566092291501533,26.72,877.92,63.54,0
Moong,Laterite soils,15.751845797753464,1,6.66,116.91939141246866,1.6379793852651496,23.11,816.19,60.24,1
Millets,Laterite soils,43.90448238355727,0,5.86,165.51927153855505,0.5251230931434431,21.23,881.75,70.62,0
Mustard,Black soils,19.12922251866725,1,5.99,103.50209792378745,2.617585675899809,26.33,876.0,68.41,0
Til,Alluvial soils,48.12232243119416,1,5.83,159.19400511003866,4.48088955820164,20.12,924.44,76.13,1
Arhar,Alluvial soils,93.266516769375,0,5.91,151.91084094712255,4.153019042714469,26.71,877.74,76.25,0
Arhar,Black soils,7.8885965708143235,0,6.78,22.190126691675964,1.5355669671957597,24.4,810.04,85.79,0
Til,Alluvial soils,85.22978983877745,1,5.72,14.770261505983694,1.7336147501948824,24.51,931.37,62.45,0
Rice,Black soils,5.27909199036012,1,6.84,172.95426825777906,0.8633173028000611,20.0,836.01,62.04,1
Gram,Red and Yellow soils,63.32634654351951,1,5.83,83.0836277339837,1.436439024649144,28.09,816.87,84.43,1
Arhar,Alluvial soils,93.266516769375,0,6.05,151.91084094712255,4.153019042714469,26.03,868.97,74.23,0
Kulthi,Red and Yellow soils,71.95464735059075,0,6.88,143.26123077544585,2.2065192855643185,25.57,787.74,76.78,0
Til,Black soils,29.59626120983151,0,6.27,26.91842836664658,2.7167595174345838,27.71,821.19,85.99,0
Groundnut,Red and Yellow soils,96.74499664722,1,5.75,178.92269764733769,2.42511046193267,28.95,927.4,78.44,1
Kulthi,Black soils,64.62899831981025,0,6.61,83.52491651545493,1.5690018255421825,22.35,842.22,64.31,0
Maize,Black soils,19.463557757075588,0,6.82,125.4704718867283,2.598418486481846,23.88,837.81,78.64,0
Mustard,Laterite soils,3.375598634207229,0,6.86,155.35234889949072,4.286214413194463,25.03,932.09,67.3,0
Tiwra,Laterite soils,87.1125768798161,0,5.5,155.6761395244254,3.972236580663137,28.72,875.82,71.36,0
Jwar,Black soils,58.43929542154972,1,5.98,16.566631578535365,3.473426184998023,20.96,893.12,64.92,0
Kulthi,Black soils,39.49071677717886,0,6.39,60.39751234176016,3.8970756841866954,28.86,900.94,69.57,0
Jwar,Laterite soils,92.81866674409925,1,5.92,159.32913111736443,4.144766898974626,21.38,905.84,78.79,0
Mustard,Laterite soils,50.57716960311954,0,5.89,79.28921525200687,1.641631398260391,25.88,842.74,84.54,0
Jwar,Alluvial soils,75.59152131396844,1,6.71,79.91476651727123,4.875495742078561,20.43,849.98,76.9,1
Jwar,Alluvial soils,89.71217350262663,0,6.41,25.10256180019756,4.094914179917966,22.0,806.68,69.24,0
Jwar,Black soils,58.43929542154972,1,5.62,16.566631578535365,3.473426184998023,22.17,921.47,72.21,0
Millets,Black soils,3.6021924614231,0,5.96,20.467091914049288,0.5161914575404415,27.83,945.95,75.59,0
Arhar,Alluvial soils,93.266516769375,0,6.37,151.91084094712255,4.153019042714469,25.76,929.1,78.58,0
Maize,Laterite soils,80.06913248485557,0,6.17,60.5239790933438,1.7659599285259715,26.65,915.66,69.63,0
Groundnut,Alluvial soils,7.595586649378683,1,6.9,32.52112578042177,2.090866635406147,21.74,846.33,63.19,0
Urd,Alluvial soils,91.70252765931488,0,6.66,15.605923247840275,3.5094411666075778,24.36,851.45,75.23,0
Millets,Laterite soils,48.74312011750155,0,5.85,120.33880048951929,2.4768589850115967,21.51,816.08,75.24,0
Maize,Black soils,19.463557757075588,0,6.47,125.4704718867283,2.598418486481846,24.2,914.02,80.3,0
Maize,Alluvial soils,34.904783067347054,0,6.88,17.703829613210928,0.5905315307981513,27.51,782.52,90.0,0
summer paddy,Alluvial soils,7.078898910240252,1,5.63,133.05676737201873,2.8391106476553305,24.71,914.44,83.83,0
Arhar,Red and Yellow soils,89.63418660147754,0,6.0,197.40269607320457,2.917209527133356,25.01,837.93,75.89,0
Jwar,Alluvial soils,75.59152131396844,1,6.5,79.91476651727123,4.875495742078561,22.33,933.51,74.79,1
Mustard,Black soils,49.5300825663572,0,5.71,153.43110336778798,4.824259422343958,26.93,886.5,87.67,0
Wheat,Alluvial soils,86.71163811325147,1,6.25,54.94653337104506,3.359167289944513,28.87,852.43,78.43,1
Wheat,Alluvial soils,67.4018482677936,0,6.15,27.39069849597884,4.906744463762068,20.46,849.91,63.73,0
Urd,Red and Yellow soils,21.596618772360653,1,7.0,136.9355851898517,2.343072110888093,21.06,840.56,89.36,1
Maize,Laterite soils,32.09495506812422,0,6.89,71.06637841499042,4.98667080551723,23.93,913.29,74.13,0
Arhar,Laterite soils,74.64442798330771,1,6.33,155.32653226232352,1.9369977433354968,27.41,925.47,90.0,1
Wheat,Alluvial soils,19.530682289860536,0,5.92,40.60874305282016,2.7283560112256846,24.82,939.57,79.84,0
Jwar,Laterite soils,92.81866674409925,1,5.83,159.32913111736443,4.144766898974626,21.72,889.72,74.87,0
Rice,Red and Yellow soils,94.9606118039142,0,5.5,54.1128672085785,1.619877527026648,21.15,888.32,60.0,0
Jwar,Alluvial soils,33.52139305008494,1,6.35,170.24519022942422,1.7358279923002595,25.36,936.66,67.87,1
Tiwra,Laterite soils,99.79302285723834,1,6.27,28.356863022535748,2.7788430905388597,24.41,839.87,85.12,0
Kulthi,Laterite soils,20.90726535219855,0,6.79,98.52331092318568,2.606152200854422,25.71,919.46,79.81,0
Arhar,Alluvial soils,40.59763875962707,1,5.65,154.16751398387302,1.6967064291359415,28.01,972.86,77.85,1
Pea,Red and Yellow soils,43.446323388532846,0,6.69,141.32630646402174,3.2583353976805944,29.19,811.98,61.56,0
Masoor,Black soils,57.674849565932185,0,6.21,50.45115979273248,1.5982455206728323,24.02,818.63,61.52,0
Jwar,Laterite soils,20.52338382586908,0,7.0,39.04821267421946,2.0258284690301904,23.05,915.7,71.09,0
Tiwra,Laterite soils,88.94512805109724,0,5.5,56.3932872429863,2.278022077517278,21.7,899.83,81.29,0
Moong,Red and Yellow soils,9.326065442028998,0,6.69,172.44853243892462,3.156078875040973,22.27,858.42,77.08,0
Tiwra,Red and Yellow soils,12.71408322731068,0,5.66,16.77495232897338,2.110155905799066,21.31,865.62,90.0,0
Jwar,Red and Yellow soils,54.09861316205604,1,5.55,43.55196900142567,2.5235327567755976,27.61,980.7,69.63,0
Millets,Black soils,6.907493912567169,0,6.85,84.40519823967013,2.862263975769026,27.88,843.69,84.43,0
Tiwra,Laterite soils,44.157514598221695,0,6.11,20.786220688080256,4.760647059177217,23.06,916.47,69.41,0
Arhar,Alluvial soils,39.45787077617061,1,6.41,191.36893057921523,4.646728325885565,20.0,912.52,66.74,0
Groundnut,Laterite soils,65.31840295659302,0,6.98,141.36645020981774,4.393638773635823,26.79,883.57,86.3,0
Gram,Black soils,48.6773164556799,1,5.7,69.28313557959125,2.0201114088284804,22.03,944.28,79.73,1
Tiwra,Laterite soils,46.4327359055748,0,6.19,65.38166189792891,1.8247075099447776,25.09,836.73,79.33,0
Mustard,Black soils,48.223606509415184,0,5.7,42.21612474828965,3.626063543977249,27.19,838.64,74.93,0
Tiwra,Laterite soils,87.1125768798161,0,5.65,155.6761395244254,3.972236580663137,30.0,891.01,70.59,0
Rice,Laterite soils,7.142480781761127,0,6.03,145.4650010321932,2.084973135653419,23.22,819.45,73.02,0
Urd,Laterite soils,3.1424283074838835,1,5.68,78.7181102480801,3.652081641177272,27.91,921.25,90.0,1
Millets,Alluvial soils,23.54097596703025,1,6.61,57.43568008837477,1.5978107189656572,24.62,868.18,86.57,1
Mustard,Red and Yellow soils,63.63832068665308,0,6.59,88.53373490142508,1.9370490801246305,28.19,859.86,70.64,0
Groundnut,Laterite soils,47.3154015978025,0,5.93,163.00709664528063,2.6080442594736524,22.58,920.24,60.91,0
Til,Red and Yellow soils,85.94972915026943,1,5.58,124.22027903539907,4.9855581453472375,20.0,851.33,82.05,1
Pea,Red and Yellow soils,32.745807896062146,1,5.8,26.481396356110054,4.152733501535543,24.51,915.46,90.0,0
Rice,Alluvial soils,45.02207961303291,1,6.03,183.9060120825367,2.2666440011155182,26.01,902.21,90.0,1
summer paddy,Laterite soils,14.757076703479033,0,6.25,114.56572536211222,3.841667344001905,21.28,904.3,73.66,0
Jwar,Alluvial soils,3.1422931695712104,0,5.5,124.9568629244877,1.2982647039962512,28.65,841.91,76.94,0
Kulthi,Black soils,5.487798902751413,0,6.03,116.7863204842874,2.954194231161236,23.14,934.59,61.25,0
Til,Black soils,29.59626120983151,0,6.5,26.91842836664658,2.7167595174345838,29.16,800.39,88.29,0
Arhar,Alluvial soils,40.59763875962707,1,5.75,154.16751398387302,1.6967064291359415,25.45,962.11,76.94,1
Groundnut,Alluvial soils,36.793994091155895,0,6.29,191.11670343048607,4.024925591961438,24.52,794.24,90.0,0
Kulthi,Black soils,23.189085786347796,0,6.07,189.8627111419892,2.7848888056767773,28.99,873.64,85.42,0
Groundnut,Black soils,87.53054551977526,0,5.76,172.43490927868564,4.158548482629399,28.89,907.59,72.36,0
Jwar,Black soils,57.1131845366664,0,6.26,85.61927717435609,3.85322871870764,25.36,911.62,62.28,0
Jwar,Alluvial soils,93.969049183815,1,6.71,83.89046853013258,1.8300016425041368,25.3,912.67,87.79,1
Masoor,Alluvial soils,45.62108056768259,0,6.32,174.13879435365195,4.357303858339503,24.79,811.69,61.05,0
Mustard,Black soils,8.188474407011933,1,6.75,47.59586392867045,2.8105878706836,20.0,799.62,60.0,0
summer paddy,Laterite soils,97.19340985732984,0,6.97,109.52068301196128,2.3271442877923745,29.93,918.0,68.48,0
Arhar,Red and Yellow soils,89.63418660147754,0,5.91,197.40269607320457,2.917209527133356,23.84,836.29,75.28,0
Pea,Laterite soils,37.95291147089761,1,6.69,155.92154634208538,1.0961422182962492,21.8,813.45,82.09,1
Masoor,Red and Yellow soils,90.46926764515013,1,6.36,39.5265414675269,4.552431153446992,26.69,795.6,77.35,0
Jwar,Alluvial soils,93.969049183815,1,6.76,83.89046853013258,1.8300016425041368,26.2,777.82,87.96,1
Soybean,Black soils,39.78177453222698,0,5.68,94.97051601405003,2.865401887107058,25.52,853.47,69.71,0
Tiwra,Red and Yellow soils,16.381665237746383,1,6.01,84.8078611948209,1.039182547558261,25.51,917.22,77.5,0
Mustard,Black soils,48.223606509415184,0,5.5,42.21612474828965,3.626063543977249,28.11,980.74,78.11,0
Maize,Laterite soils,32.09495506812422,0,6.59,71.06637841499042,4.98667080551723,22.08,893.14,72.35,0
Niger,Black soils,41.79287336304921,0,6.96,54.696853754845804,1.7969102556076575,23.14,819.65,73.64,0
Tiwra,Laterite soils,83.03751864098753,0,5.81,103.43937315702806,4.951128879703812,30.0,880.4,77.31,0
Soybean,Red and Yellow soils,8.583758015057295,1,6.53,20.154563205107696,4.90903272481961,20.99,775.11,86.69,0
Soybean,Alluvial soils,73.18122507589274,0,5.52,84.15235572039454,4.546057014434088,25.25,945.79,81.87,0
Tiwra,Laterite soils,83.03751864098753,0,5.87,103.43937315702806,4.951128879703812,30.0,954.31,71.33,0
Gram,Alluvial soils,96.98944330900548,0,6.73,18.44939670465994,1.562279272549458,22.55,919.73,71.09,0
Gram,Black soils,33.36100018676664,1,6.15,77.38147579324998,4.486073743546642,27.29,875.87,63.31,1
Niger,Black soils,30.080933360930537,0,5.52,52.22680121536878,1.086363801815192,24.73,944.17,66.34,0
Gram,Black soils,60.6590114165344,0,5.5,89.25746879492321,4.041605590451173,25.59,943.85,84.9,0
Rice,Alluvial soils,55.7182474465031,0,6.08,34.65834578689061,2.032096363927362,30.0,950.6,63.51,0
Soybean,Alluvial soils,45.929950244441066,1,6.68,146.06295145488895,4.868631700892124,27.95,830.63,71.69,0
Millets,Alluvial soils,45.51927766356464,0,5.79,17.637805914713663,4.038528886844827,23.5,935.31,61.94,0
Jwar,Black soils,65.54709453271963,1,6.0,14.774203291276631,4.843878235764788,27.44,841.45,76.24,0
Gram,Laterite soils,25.539681660071125,1,6.97,24.59636681009846,2.769413193485069,20.0,817.75,78.84,0
Gram,Alluvial soils,16.672643607007103,0,6.08,103.22443146605498,0.846637066382314,20.0,887.74,66.49,0
Gram,Black soils,78.84309895532813,1,6.34,101.37659921705163,0.5595492491183836,21.41,891.29,79.49,0
Mustard,Black soils,83.04704930059059,1,6.82,164.2968639673771,3.2910142681176096,24.04,780.21,85.7,1
Tiwra,Red and Yellow soils,49.47275930960727,1,6.52,64.97986652212177,4.40748983958334,26.52,778.06,85.97,0
Wheat,Alluvial soils,19.530682289860536,0,5.86,40.60874305282016,2.7283560112256846,26.13,845.89,84.29,0
Groundnut,Black soils,87.53054551977526,0,5.8,172.43490927868564,4.158548482629399,29.2,928.07,66.31,0
Gram,Alluvial soils,96.9050114005799,0,6.71,122.13502087504426,2.056511701070491,20.79,911.4,88.32,0
Gram,Alluvial soils,96.9050114005799,0,6.74,122.13502087504426,2.056511701070491,21.86,783.0,87.2,0
Rice,Laterite soils,83.8775957011866,1,5.71,34.37576356945297,2.294909994831729,28.87,947.75,66.26,0
Masoor,Black soils,57.674849565932185,0,6.34,50.45115979273248,1.5982455206728323,23.62,917.34,67.87,0
Groundnut,Black soils,13.083322941050284,0,6.07,85.59418473765709,3.41430524157662,25.0,945.3,62.25,0
Tiwra,Black soils,51.6709483055929,0,6.69,135.42477390060515,3.1134728386348294,21.71,889.29,86.03,0
Jwar,Alluvial soils,3.1422931695712104,0,5.74,124.9568629244877,1.2982647039962512,27.88,903.55,79.57,0
Jwar,Black soils,28.67326065577008,0,6.32,62.69765596562617,3.9383874571860433,21.57,939.6,75.15,0
Rice,Laterite soils,25.09494464680028,1,5.94,157.04690334075116,1.926924601319298,21.55,894.05,87.4,1
Mustard,Laterite soils,61.737953589033744,0,5.65,65.69585886371809,1.5602596870875736,23.91,910.04,84.43,0
Jwar,Black soils,43.34241591110462,0,6.22,55.8071284120974,4.114829632169133,20.06,860.7,83.98,0
Kulthi,Laterite soils,97.05327118037404,1,6.69,33.70437264492988,4.118308574057645,25.02,842.04,77.17,0
Mustard,Black soils,8.188474407011933,1,7.0,47.59586392867045,2.8105878706836,21.08,855.87,60.0,0
Masoor,Alluvial soils,71.71208281936302,0,6.82,31.377403355249527,1.0655330314056928,25.72,841.06,68.94,0
Soybean,Laterite soils,82.5219028825696,1,6.11,120.98570933252736,1.84204637395397,22.26,906.52,86.46,1
Moong,Laterite soils,1.3350146708237651,0,6.08,27.21836674974315,4.5485522285277975,28.09,909.73,63.69,0
Tiwra,Alluvial soils,49.96403886906193,0,6.89,129.23233750459332,1.024483141899196,25.19,926.75,70.14,0
Masoor,Black soils,57.674849565932185,0,6.38,50.45115979273248,1.5982455206728323,22.98,804.41,66.2,0
Millets,Black soils,6.907493912567169,0,6.71,84.40519823967013,2.862263975769026,27.14,895.35,84.96,0
Kulthi,Alluvial soils,67.60628023713699,0,5.5,34.05724834084618,3.7087473186135087,28.83,871.88,63.05,0
Gram,Alluvial soils,92.8493387422751,1,6.73,64.25799140275164,4.914860850641632,29.5,833.94,73.54,1
Arhar,Black soils,58.272667448535096,0,5.64,146.75311324207283,0.571651324312384,20.82,850.81,67.25,0
Jwar,Black soils,43.34241591110462,0,6.09,55.8071284120974,4.114829632169133,20.0,815.11,82.82,0
Urd,Black soils,24.427711240308238,0,5.77,40.40200266895553,4.121770237149953,24.52,904.29,89.85,0
Masoor,Alluvial soils,88.17766186897569,0,5.85,13.862974164951854,3.4365674693025685,24.82,807.74,81.83,0
Gram,Red and Yellow soils,34.74768672244927,1,6.56,33.58119022402276,1.9181663035284728,30.0,802.54,69.22,0
Urd,Laterite soils,4.197889378619497,0,6.94,90.0138398925223,4.669929373092929,29.56,771.57,83.13,0
Tiwra,Alluvial soils,42.73461385557504,1,6.5,46.60885970748865,2.3240919163041704,28.34,866.19,76.04,0
Kulthi,Alluvial soils,61.837349287810135,1,6.67,27.801636027771064,2.6701487722421016,26.42,880.57,78.97,0
Jwar,Black soils,58.43929542154972,1,5.93,16.566631578535365,3.473426184998023,22.06,907.66,68.23,0
Pea,Laterite soils,23.44233244018282,0,5.99,87.75414749046334,4.298467138068505,23.55,883.75,85.3,0
Tiwra,Red and Yellow soils,45.40305501460495,1,5.5,63.94801167122259,4.253171358306454,28.53,826.01,80.54,1
Kulthi,Black soils,93.64418332139984,1,5.5,135.85787194702743,2.7374408939283854,29.18,840.12,88.52,1
Niger,Black soils,2.645006445988896,0,5.77,149.7523142684901,3.7486793601665775,27.43,966.57,71.98,0
Gram,Laterite soils,25.539681660071125,1,7.0,24.59636681009846,2.769413193485069,21.75,886.98,73.99,0
Maize,Black soils,65.32355202698167,0,5.6,153.432927891906,1.8221311119500412,20.0,958.67,70.12,0
Maize,Black soils,38.61061367320439,0,6.01,170.31722106664762,0.5080767595702489,24.61,854.46,69.54,0
Til,Black soils,85.01927690614711,0,6.55,142.2143460301832,3.3364185717505808,20.0,831.18,76.68,0
Tiwra,Alluvial soils,28.87196897058254,0,6.59,17.161441426265586,4.476599320211214,30.0,941.14,69.93,0
Kulthi,Black soils,39.49071677717886,0,6.11,60.39751234176016,3.8970756841866954,27.29,864.85,68.8,0
Til,Alluvial soils,25.073589779047172,0,7.0,173.56684832753513,0.5153972218655465,27.67,935.73,63.87,0
Maize,Black soils,38.61061367320439,0,6.11,170.31722106664762,0.5080767595702489,23.62,916.46,68.27,0
Moong,Alluvial soils,30.47426495779317,1,5.57,79.66928665808871,2.6924502123480902,24.28,921.41,78.93,1
Niger,Red and Yellow soils,54.18360976009397,1,6.89,118.99187835760888,4.683784908669928,21.74,774.67,82.07,1
Jwar,Black soils,65.54709453271963,1,5.99,14.774203291276631,4.843878235764788,25.25,896.7,76.13,0
Wheat,Laterite soils,92.6074773325522,1,5.53,171.06465646258272,1.1677687279613973,22.68,962.4,76.03,1
Urd,Laterite soils,4.197889378619497,0,6.7,90.0138398925223,4.669929373092929,30.0,881.56,79.6,0
Pea,Red and Yellow soils,43.446323388532846,0,6.73,141.32630646402174,3.2583353976805944,28.75,917.93,66.25,0
Mustard,Laterite soils,50.57716960311954,0,6.12,79.28921525200687,1.641631398260391,26.54,923.66,81.97,0
Soybean,Laterite soils,71.15073745457829,1,5.66,34.43015994612051,2.8276033668845826,27.67,907.4,70.16,0
Kulthi,Black soils,64.62899831981025,0,6.67,83.52491651545493,1.5690018255421825,21.33,855.39,64.81,0
Til,Alluvial soils,85.22978983877745,1,5.5,14.770261505983694,1.7336147501948824,26.39,960.64,66.76,0
Jwar,Alluvial soils,50.27501027132872,0,6.35,103.71091740391591,4.248261783890516,22.66,897.38,60.0,0
Urd,Red and Yellow soils,22.62538625387936,1,5.88,187.4545404933927,3.635494046187656,22.16,836.54,77.28,0
Pea,Black soils,35.50207418332751,0,6.07,155.1924950643728,4.558757044762429,28.67,836.28,71.87,0
Jwar,Alluvial soils,25.85682337890519,1,5.67,102.61050271033608,4.377680196883321,24.24,853.26,88.57,0
Pea,Laterite soils,86.12529571965065,1,6.08,65.74792040384469,1.4305217882726928,25.52,936.04,83.87,1
Gram,Black soils,48.6773164556799,1,5.7,69.28313557959125,2.0201114088284804,22.47,823.57,79.27,1
Mustard,Alluvial soils,2.3002039972834387,0,6.8,145.61959193869544,2.519545815592032,25.06,885.7,71.92,0
Kulthi,Laterite soils,67.55487925578505,0,6.9,79.33838476518439,4.877362795825739,27.36,809.35,87.12,0
Rice,Red and Yellow soils,62.88030372406628,0,6.01,69.50062910462015,4.898555948589926,26.15,870.36,75.63,0
Rice,Black soils,51.78490534951984,1,5.5,159.67777079366866,3.8935916410771423,20.0,973.45,76.2,1
Arhar,Alluvial soils,40.59763875962707,1,5.5,154.16751398387302,1.6967064291359415,25.93,978.08,74.63,1
summer paddy,Laterite soils,14.757076703479033,0,6.33,114.56572536211222,3.841667344001905,22.85,909.25,71.9,0
Tiwra,Black soils,63.70051960241635,1,6.47,78.64897896002441,4.51494091656409,22.73,844.15,90.0,0
Niger,Red and Yellow soils,16.887171155387144,1,6.17,22.167450486029797,2.846606265660132,26.0,903.85,71.94,0
Moong,Alluvial soils,26.489067920660645,1,5.79,57.774369919506846,4.0238207365493945,22.47,843.33,86.84,1
Kulthi,Alluvial soils,67.60628023713699,0,5.61,34.05724834084618,3.7087473186135087,27.89,945.63,64.35,0
Tiwra,Laterite soils,60.57467976893646,1,6.05,164.37331614576615,2.163674478018338,24.02,909.65,67.49,0
Millets,Red and Yellow soils,70.98318926589636,1,6.68,74.80825570491946,3.7312992983988873,26.48,895.52,63.94,1
Urd,Laterite soils,2.7426498464331512,0,5.61,88.14528120125196,4.954035987983664,21.98,853.8,65.6,0
Mustard,Black soils,48.223606509415184,0,5.58,42.21612474828965,3.626063543977249,27.21,859.93,73.29,0
Kulthi,Red and Yellow soils,77.23112760032592,0,7.0,189.48722932169497,0.7063293420201492,23.38,845.9,77.47,0
Maize,Red and Yellow soils,83.97676737225935,0,5.57,174.8228236194111,1.95984723189331,24.24,911.18,81.01,0
Pea,Red and Yellow soils,45.88200025350533,0,6.82,166.4197314414131,0.7604645881312596,25.27,872.57,67.93,0
Moong,Laterite soils,47.72185492708941,0,6.81,108.96450143039937,2.7671496106270737,29.0,832.31,85.56,0
Mustard,Red and Yellow soils,67.90567177519311,0,7.0,184.57009859164535,2.8827361969169605,24.74,899.91,89.79,0
Gram,Alluvial soils,6.631856397258757,1,6.7,199.531133950268,4.800063599754694,21.8,862.14,84.53,0
Arhar,Alluvial soils,57.32803334236286,1,7.0,178.80845618528306,2.3443978045744327,29.64,904.76,83.5,1
Jwar,Red and Yellow soils,28.76255629578411,1,5.91,177.41725250309972,0.8627567390016935,25.62,911.96,72.78,1
summer paddy,Alluvial soils,68.88862950071787,1,6.19,73.83428244149384,0.5966557233781861,25.74,860.9,77.79,1
Groundnut,Laterite soils,47.3154015978025,0,5.91,163.00709664528063,2.6080442594736524,23.28,916.81,60.0,0
Arhar,Alluvial soils,16.947340444794044,0,6.67,115.46353355361116,3.294811394244745,24.19,816.6,76.16,0
Millets,Laterite soils,19.45015786212121,1,6.65,27.201414090139878,0.6815101265907944,22.11,785.77,80.57,0
Pea,Laterite soils,23.44233244018282,0,6.06,87.75414749046334,4.298467138068505,22.42,828.95,85.23,0
Moong,Alluvial soils,30.47426495779317,1,5.52,79.66928665808871,2.6924502123480902,25.06,843.31,79.99,1
Tiwra,Laterite soils,41.61828535466275,1,6.29,25.379723997991185,4.950763297623329,25.04,904.34,60.0,0
Pea,Alluvial soils,34.82813570853206,1,6.9,39.67680173556278,0.8048689074476658,29.22,863.04,76.27,0
Jwar,Red and Yellow soils,54.09861316205604,1,5.5,43.55196900142567,2.5235327567755976,25.96,902.84,74.53,0
Gram,Alluvial soils,92.8493387422751,1,6.81,64.25799140275164,4.914860850641632,28.16,915.11,78.45,1
summer paddy,Laterite soils,97.19340985732984,0,7.0,109.52068301196128,2.3271442877923745,28.4,836.62,74.35,0
Til,Laterite soils,60.02344822552675,0,6.79,196.68461063428768,1.6314438342398223,30.0,900.23,67.71,0
Millets,Alluvial soils,3.618996042561992,0,6.29,195.20677589698155,0.9929670665083924,28.31,886.56,86.12,0
summer paddy,Black soils,99.14865361366142,0,6.12,134.30705078512983,1.949386589804747,23.94,875.71,60.0,0
Maize,Red and Yellow soils,69.73343459088427,0,6.02,159.39192951392974,3.210066085264966,24.56,832.39,79.01,0
Rice,Red and Yellow soils,65.11829897838918,0,6.82,175.61385743537613,1.910934434431556,28.12,811.86,66.65,0
Til,Laterite soils,79.9474430875547,1,5.68,173.28889307383915,3.202864513601942,21.18,885.27,62.3,1
Mustard,Red and Yellow soils,67.90567177519311,0,7.0,184.57009859164535,2.8827361969169605,24.65,845.61,84.67,0
Niger,Red and Yellow soils,54.18360976009397,1,6.97,118.99187835760888,4.683784908669928,21.77,898.28,77.84,1
Gram,Red and Yellow soils,63.32634654351951,1,5.8,83.0836277339837,1.436439024649144,27.62,951.08,89.13,1
Maize,Laterite soils,59.61861413363324,1,5.64,135.50678958732516,2.9379073788004195,25.67,851.54,78.91,1
Mustard,Black soils,19.12922251866725,1,5.55,103.50209792378745,2.617585675899809,26.95,895.8,65.87,0
Mustard,Laterite soils,50.57716960311954,0,6.08,79.28921525200687,1.641631398260391,27.43,838.65,81.23,0
Millets,Laterite soils,69.8935704948745,0,6.55,32.32819760191878,3.248766454068652,27.7,804.66,86.67,0
summer paddy,Red and Yellow soils,1.3568197489404303,1,6.13,169.14624833347128,4.405057679473639,30.0,877.33,78.27,0
Gram,Alluvial soils,96.9050114005799,0,6.57,122.13502087504426,2.056511701070491,21.17,880.07,86.15,0
Groundnut,Black soils,13.083322941050284,0,5.72,85.59418473765709,3.41430524157662,23.23,903.83,66.26,0
Moong,Laterite soils,66.7431644007017,1,6.07,36.37326995857885,1.941595947520944,22.69,896.61,72.07,0
Kulthi,Laterite soils,20.90726535219855,0,6.97,98.52331092318568,2.606152200854422,24.99,877.38,74.47,0
summer paddy,Alluvial soils,7.078898910240252,1,5.78,133.05676737201873,2.8391106476553305,24.12,867.09,82.1,0
Arhar,Black soils,58.272667448535096,0,5.73,146.75311324207283,0.571651324312384,21.71,938.31,64.15,0
Gram,Alluvial soils,40.02287500376711,1,6.64,152.92792867079348,3.896782705565548,25.42,800.43,62.75,1
Arhar,Laterite soils,84.46788570106386,1,5.96,192.94268675753716,2.7573837199416857,25.83,926.08,70.38,1
Millets,Black soils,6.907493912567169,0,6.88,84.40519823967013,2.862263975769026,27.85,879.34,87.3,0
Pea,Alluvial soils,63.2123421474168,1,5.85,30.08992185887418,2.1099619017340947,28.97,897.02,66.45,0
Masoor,Black soils,57.674849565932185,0,6.51,50.45115979273248,1.5982455206728323,23.54,867.72,66.79,0
Moong,Laterite soils,44.60788148262814,1,5.62,83.79284451275134,2.217174315777015,26.63,892.9,62.57,1
Millets,Alluvial soils,95.28279889194648,1,6.17,29.144702967043564,4.024157339354911,22.1,871.05,72.69,0
Moong,Alluvial soils,30.47426495779317,1,5.51,79.66928665808871,2.6924502123480902,22.64,895.16,77.42,1
summer paddy,Black soils,60.308079523188816,0,6.62,43.46443527108601,3.000106367186519,28.02,799.85,80.31,0
Masoor,Black soils,95.87154982405876,1,6.41,129.9810832257704,0.5034414484512415,20.01,861.73,60.0,1
Niger,Alluvial soils,30.9149550672235,0,6.69,25.390180382606133,4.890082443067278,21.29,878.11,79.99,0
Niger,Red and Yellow soils,16.887171155387144,1,6.06,22.167450486029797,2.846606265660132,25.64,952.22,78.19,0
Jwar,Alluvial soils,89.71217350262663,0,6.4,25.10256180019756,4.094914179917966,22.73,901.0,71.13,0
Moong,Laterite soils,47.72185492708941,0,6.94,108.96450143039937,2.7671496106270737,30.0,763.99,82.41,0
Groundnut,Alluvial soils,77.64734025846953,1,6.96,30.1290536211666,2.4437057909109408,24.36,908.97,65.35,0
Niger,Alluvial soils,40.72168891707997,1,6.19,64.74785133657514,2.41594149570782,23.2,823.97,74.57,1
Tiwra,Black soils,63.70051960241635,1,6.86,78.64897896002441,4.51494091656409,20.8,809.0,89.17,0
Masoor,Black soils,95.87154982405876,1,6.59,129.9810832257704,0.5034414484512415,20.0,815.57,62.68,1
Jwar,Black soils,87.71268641532818,0,6.46,15.698221174437968,2.9018118843038945,21.76,819.77,88.88,0
Gram,Red and Yellow soils,82.07588905682253,0,6.8,18.009491866681152,3.233362891898263,20.0,876.19,81.31,0
Rice,Black soils,52.65669190477372,1,6.06,134.8384120738132,3.631008437924299,30.0,906.2,64.11,1
summer paddy,Alluvial soils,7.078898910240252,1,5.65,133.05676737201873,2.8391106476553305,23.64,865.41,86.7,0
Tiwra,Laterite soils,41.61828535466275,1,6.6,25.379723997991185,4.950763297623329,24.0,861.1,61.91,0
Arhar,Alluvial soils,40.59763875962707,1,5.5,154.16751398387302,1.6967064291359415,26.59,971.8,72.57,1
Kulthi,Alluvial soils,54.81048353532652,1,5.97,24.193410570245213,4.594332152474536,25.82,860.19,64.82,0
Moong,Black soils,75.01023382812153,1,7.0,27.654315800797047,2.046099335099027,28.49,786.16,62.65,0
Rice,Red and Yellow soils,7.996150840499768,0,6.88,73.07030318124619,1.7926143362906817,26.94,845.21,75.85,0
Gram,Alluvial soils,40.02287500376711,1,6.71,152.92792867079348,3.896782705565548,24.06,944.45,60.0,1
Soybean,Black soils,47.0521959690072,0,6.35,89.55122834530016,0.8923742776619482,23.81,900.93,75.37,0
Arhar,Laterite soils,10.205047368034332,1,6.01,171.60702634754793,1.5679546063176029,26.97,881.58,77.9,0
Kulthi,Alluvial soils,54.81048353532652,1,6.01,24.193410570245213,4.594332152474536,26.36,849.16,60.0,0
Jwar,Red and Yellow soils,14.921019331346107,0,6.15,199.58265014089395,3.3401633423800927,22.38,852.12,84.8,0
Jwar,Red and Yellow soils,14.921019331346107,0,5.87,199.58265014089395,3.3401633423800927,22.27,944.52,81.85,0
Masoor,Black soils,57.674849565932185,0,6.2,50.45115979273248,1.5982455206728323,23.51,841.96,63.03,0
Tiwra,Alluvial soils,42.73461385557504,1,6.71,46.60885970748865,2.3240919163041704,28.41,843.15,77.84,0
Tiwra,Laterite soils,46.4327359055748,0,6.48,65.38166189792891,1.8247075099447776,26.19,875.5,75.0,0
Maize,Red and Yellow soils,92.61970763557478,1,6.62,58.18133438986627,3.1266305880832834,29.59,879.61,67.27,0
Maize,Red and Yellow soils,69.73343459088427,0,5.89,159.39192951392974,3.210066085264966,26.55,883.58,76.1,0
Masoor,Red and Yellow soils,90.46926764515013,1,6.21,39.5265414675269,4.552431153446992,26.31,928.28,78.26,0
Millets,Alluvial soils,45.51927766356464,0,5.98,17.637805914713663,4.038528886844827,21.89,891.76,68.48,0
Pea,Alluvial soils,30.453837006264006,0,5.81,185.93651068955492,1.0198778892903464,29.23,970.02,72.91,0
Gram,Red and Yellow soils,82.07588905682253,0,6.61,18.009491866681152,3.233362891898263,20.65,802.04,75.97,0
Pea,Red and Yellow soils,43.446323388532846,0,6.82,141.32630646402174,3.2583353976805944,27.67,933.08,68.76,0
Rice,Alluvial soils,36.01014845087093,0,5.91,95.5705372998716,0.9837850209673618,22.85,880.23,75.27,0
Groundnut,Alluvial soils,36.793994091155895,0,6.36,191.11670343048607,4.024925591961438,26.17,834.67,86.91,0
Gram,Laterite soils,25.539681660071125,1,6.77,24.59636681009846,2.769413193485069,22.32,814.44,75.11,0
Maize,Black soils,87.75885918969198,0,5.86,139.78469040599293,1.3665129133839682,27.59,940.63,88.89,0
Arhar,Alluvial soils,16.947340444794044,0,7.0,115.46353355361116,3.294811394244745,22.48,798.64,72.86,0
Soybean,Red and Yellow soils,79.46057483174057,0,6.33,150.462155599481,3.444350816677973,21.17,898.8,87.3,0
Millets,Black soils,15.194191435755716,1,6.29,139.19187074455024,2.3495259339216563,29.26,944.34,73.87,1
summer paddy,Alluvial soils,92.14077589708448,0,5.63,37.26311684885115,2.4051624361938035,20.11,842.74,78.56,0
Masoor,Black soils,76.58104466203038,0,6.45,112.258823548082,0.8441663455221252,25.91,948.66,66.72,0
Wheat,Alluvial soils,91.05415430835896,0,6.99,160.42512776637145,0.6999369117890404,21.54,849.3,90.0,0
Masoor,Red and Yellow soils,90.46926764515013,1,6.29,39.5265414675269,4.552431153446992,25.55,915.16,76.06,0
Wheat,Laterite soils,7.276797004040833,0,5.96,117.16853925930828,3.99316410162361,24.97,801.18,85.39,0
Rice,Red and Yellow soils,94.9606118039142,0,5.79,54.1128672085785,1.619877527026648,23.29,965.37,60.0,0
Moong,Black soils,66.35159251639024,0,5.9,154.92011886243904,4.532794847215374,27.86,968.67,67.49,0
Maize,Black soils,19.410359181755048,0,5.74,167.23117270851932,4.392858700280796,27.02,915.93,60.0,0
Soybean,Black soils,80.18699184832587,1,6.35,66.79895680678409,2.870925046781913,27.78,808.52,82.15,1
Soybean,Laterite soils,50.60103662954688,0,6.03,171.12574873717588,2.589034966808882,20.0,872.02,79.07,0
Urd,Laterite soils,59.08990961897472,0,6.11,192.0845844938899,2.9650442270922275,23.57,873.16,65.63,0
Soybean,Black soils,43.93909969768636,1,6.65,187.44094250103575,3.156684445310398,25.92,894.0,87.37,1
Tiwra,Laterite soils,60.57467976893646,1,5.81,164.37331614576615,2.163674478018338,24.73,975.98,72.76,0
Masoor,Black soils,35.88229477097293,0,6.55,78.05785247904603,3.7076108701053294,25.09,914.61,61.89,0
Jwar,Black soils,6.792207993494205,1,6.03,141.9426703662678,3.0373075279627453,27.33,934.82,80.51,0
Wheat,Laterite soils,92.6074773325522,1,6.0,171.06465646258272,1.1677687279613973,24.28,820.96,79.69,1
Wheat,Red and Yellow soils,50.91070048310331,0,6.04,70.3847309463337,4.94260898334276,25.98,883.4,84.89,0
Arhar,Laterite soils,96.60763642238672,0,6.35,133.99567920563555,1.2167870909791818,21.08,920.44,83.82,0
Til,Black soils,58.53364358235279,1,7.0,199.36210175604907,0.7934570356250641,28.45,838.39,80.52,1
Moong,Laterite soils,4.258463097456195,0,5.88,181.9289995636216,3.8846723421151497,25.02,827.26,78.55,0
Soybean,Alluvial soils,73.18122507589274,0,5.56,84.15235572039454,4.546057014434088,23.47,911.58,83.59,0
Millets,Black soils,49.27248131847189,0,6.16,53.90095521876777,1.2019846474142255,22.2,805.16,80.88,0
Pea,Black soils,35.50207418332751,0,5.99,155.1924950643728,4.558757044762429,25.93,946.36,73.61,0
Masoor,Red and Yellow soils,90.46926764515013,1,6.05,39.5265414675269,4.552431153446992,26.09,952.91,77.06,0
Wheat,Red and Yellow soils,50.91070048310331,0,6.21,70.3847309463337,4.94260898334276,26.58,879.89,80.89,0
Gram,Red and Yellow soils,82.24193371365227,1,6.18,186.49446950562293,3.4182091680119338,20.0,910.81,60.78,1
Tiwra,Alluvial soils,42.73461385557504,1,6.73,46.60885970748865,2.3240919163041704,28.62,910.64,71.17,0
Maize,Black soils,19.463557757075588,0,6.56,125.4704718867283,2.598418486481846,21.54,815.76,77.3,0
Kulthi,Black soils,64.62899831981025,0,6.69,83.52491651545493,1.5690018255421825,21.61,806.49,60.0,0
Rice,Laterite soils,25.09494464680028,1,6.21,157.04690334075116,1.926924601319298,21.65,840.29,85.2,1
Niger,Black soils,30.080933360930537,0,5.78,52.22680121536878,1.086363801815192,26.62,893.4,66.14,0
Moong,Black soils,66.35159251639024,0,5.95,154.92011886243904,4.532794847215374,27.3,961.81,65.46,0
Moong,Black soils,70.46581678149187,0,5.91,21.66905565059997,4.032486033053475,20.81,927.37,78.33,0
summer paddy,Alluvial soils,49.74984625046088,1,6.83,177.06316827987376,3.0524203994909347,22.9,920.59,77.75,1
Pea,Red and Yellow soils,57.89621108388996,1,5.97,140.3534641806105,3.0806227397827857,27.78,800.42,86.76,1
Maize,Laterite soils,32.09495506812422,0,6.65,71.06637841499042,4.98667080551723,23.92,805.66,73.54,0
Millets,Laterite soils,57.962788657384245,1,6.24,176.98515468543576,1.3308049793192296,30.0,944.02,80.6,1
Kulthi,Alluvial soils,67.60628023713699,0,5.74,34.05724834084618,3.7087473186135087,29.0,928.26,62.52,0
Kulthi,Laterite soils,6.566266666595126,1,6.51,182.44291675508293,2.3480193489739687,25.08,802.7,68.4,1
Wheat,Alluvial soils,67.4018482677936,0,6.24,27.39069849597884,4.906744463762068,20.5,932.88,62.88,0
Mustard,Laterite soils,74.33462632790453,0,7.0,23.998040737995492,3.3383635311434943,30.0,917.02,77.79,0
Maize,Black soils,73.32267007953085,0,5.66,47.49317757286676,0.6835265598024884,25.98,849.76,67.87,0
Urd,Laterite soils,59.08990961897472,0,6.19,192.0845844938899,2.9650442270922275,22.06,818.19,60.37,0
Jwar,Alluvial soils,25.85682337890519,1,5.67,102.61050271033608,4.377680196883321,27.02,866.01,82.58,0
Maize,Black soils,19.463557757075588,0,6.56,125.4704718867283,2.598418486481846,22.82,901.7,75.98,0
Pea,Alluvial soils,16.94988061339748,1,6.86,184.5564527018232,4.554417666294789,25.91,848.07,61.33,1
Til,Alluvial soils,48.12232243119416,1,6.03,159.19400511003866,4.48088955820164,20.0,942.97,72.37,1
Til,Laterite soils,82.11526872345533,0,5.83,179.22366038694898,3.004640999287888,26.6,824.7,68.67,0
Jwar,Alluvial soils,25.85682337890519,1,5.5,102.61050271033608,4.377680196883321,24.75,821.41,83.85,0
Wheat,Alluvial soils,54.78604267673645,0,6.96,83.84981090417665,4.083958299034335,20.27,887.77,88.0,0
summer paddy,Laterite soils,99.68532353972208,1,6.48,36.79724244169026,0.5887722514342346,27.55,882.45,63.3,0
summer paddy,Alluvial soils,80.44770135267859,0,7.0,29.64755058306169,4.7260075846814615,22.92,851.02,88.2,0
Urd,Black soils,11.274410889490516,0,6.92,112.43829037819636,4.276394728505107,28.33,885.75,79.64,0
Millets,Alluvial soils,11.562316984377864,1,6.13,36.32941582572472,4.6043699786807775,24.47,889.45,70.34,0
Til,Alluvial soils,74.9101007065359,0,6.58,139.00895124661432,4.160729142666699,25.67,790.64,90.0,0
Kulthi,Black soils,64.62899831981025,0,6.76,83.52491651545493,1.5690018255421825,21.19,825.23,64.63,0
Gram,Laterite soils,53.836448220478616,0,5.91,15.2236049976858,0.9405202056930708,22.42,835.37,62.73,0
Jwar,Black soils,65.54709453271963,1,6.09,14.774203291276631,4.843878235764788,25.81,812.83,80.06,0
Kulthi,Alluvial soils,67.60628023713699,0,5.5,34.05724834084618,3.7087473186135087,29.54,972.53,60.05,0
Millets,Black soils,85.5878730724342,1,6.21,61.37039983559247,3.7262686183632985,26.05,825.75,74.85,0
Gram,Red and Yellow soils,14.573215619358535,1,5.5,57.09839965697187,3.9514705976890343,27.26,970.34,85.93,0
Jwar,Red and Yellow soils,54.09861316205604,1,5.5,43.55196900142567,2.5235327567755976,28.38,851.89,69.67,0
Mustard,Black soils,83.04704930059059,1,6.94,164.2968639673771,3.2910142681176096,24.25,809.11,86.32,1
Masoor,Black soils,76.58104466203038,0,6.56,112.258823548082,0.8441663455221252,26.45,901.41,67.23,0
Arhar,Laterite soils,10.205047368034332,1,5.85,171.60702634754793,1.5679546063176029,29.12,952.61,74.8,0
Tiwra,Alluvial soils,49.96403886906193,0,6.55,129.23233750459332,1.024483141899196,25.82,830.07,66.47,0
Gram,Black soils,18.54638357946299,1,5.97,34.31846563723244,1.5054079551932045,25.75,953.77,71.02,0
Rice,Black soils,52.65669190477372,1,6.14,134.8384120738132,3.631008437924299,29.75,957.21,67.95,1
Wheat,Alluvial soils,86.71163811325147,1,5.83,54.94653337104506,3.359167289944513,27.62,816.87,83.77,1
Til,Red and Yellow soils,83.59129485493202,0,6.38,36.09993908037054,0.925693566787786,23.93,834.97,62.89,0
Jwar,Black soils,58.43929542154972,1,5.89,16.566631578535365,3.473426184998023,22.7,974.86,65.05,0
Soybean,Black soils,99.34559799516776,0,6.77,135.6931179241448,1.381824872493303,22.02,792.59,76.44,0
Groundnut,Red and Yellow soils,96.74499664722,1,5.76,178.92269764733769,2.42511046193267,28.87,878.65,83.56,1
Tiwra,Black soils,63.70051960241635,1,6.82,78.64897896002441,4.51494091656409,20.77,795.51,89.77,0
Jwar,Laterite soils,20.52338382586908,0,6.71,39.04821267421946,2.0258284690301904,24.37,839.13,69.12,0
Kulthi,Laterite soils,6.566266666595126,1,6.5,182.44291675508293,2.3480193489739687,24.51,901.35,67.55,1
Niger,Laterite soils,58.342897767539576,0,6.01,30.396351069572987,0.6188329381507388,24.4,862.49,83.85,0
Soybean,Alluvial soils,73.18122507589274,0,5.86,84.15235572039454,4.546057014434088,25.47,927.14,88.83,0
Gram,Black soils,48.6773164556799,1,5.5,69.28313557959125,2.0201114088284804,23.27,891.38,77.53,1
Til,Black soils,72.8747310808644,1,6.68,23.94593504567197,0.5056538319244093,21.0,845.91,81.84,0
summer paddy,Red and Yellow soils,23.656969306526207,1,6.6,160.81222387384514,2.887401159556615,29.94,908.43,63.43,1
Wheat,Alluvial soils,91.05415430835896,0,7.0,160.42512776637145,0.6999369117890404,23.04,779.05,90.0,0
Tiwra,Red and Yellow soils,12.71408322731068,0,5.63,16.77495232897338,2.110155905799066,22.69,887.77,89.13,0
Masoor,Alluvial soils,71.71208281936302,0,6.93,31.377403355249527,1.0655330314056928,28.11,919.27,66.65,0
Kulthi,Alluvial soils,17.77720417995551,1,7.0,186.6233951811228,2.9967585527538096,21.29,926.87,66.07,1
Urd,Laterite soils,4.197889378619497,0,6.75,90.0138398925223,4.669929373092929,30.0,856.69,76.74,0
Jwar,Laterite soils,92.81866674409925,1,6.27,159.32913111736443,4.144766898974626,20.9,849.63,79.51,0
Moong,Alluvial soils,40.61480583667867,1,5.66,166.39544242161517,4.281051864970563,29.07,889.99,63.31,1
Masoor,Alluvial soils,17.051062582241848,1,6.71,158.50864420956958,2.1741170604411213,22.83,930.51,80.88,1
Pea,Laterite soils,86.12529571965065,1,5.73,65.74792040384469,1.4305217882726928,23.86,842.24,90.0,1
Gram,Laterite soils,25.539681660071125,1,6.63,24.59636681009846,2.769413193485069,20.0,850.34,78.87,0
summer paddy,Alluvial soils,68.88862950071787,1,6.24,73.83428244149384,0.5966557233781861,26.1,805.31,75.43,1
Moong,Laterite soils,47.72185492708941,0,7.0,108.96450143039937,2.7671496106270737,29.57,895.1,80.45,0
Rice,Red and Yellow soils,7.996150840499768,0,6.99,73.07030318124619,1.7926143362906817,25.06,873.51,74.75,0
Tiwra,Black soils,97.158326515426,0,5.5,132.63690929018293,0.9977835566720724,21.95,853.62,71.91,0
summer paddy,Black soils,99.14865361366142,0,6.11,134.30705078512983,1.949386589804747,24.15,890.22,60.0,0
Rice,Black soils,52.65669190477372,1,6.25,134.8384120738132,3.631008437924299,30.0,822.43,63.34,1
Millets,Alluvial soils,11.562316984377864,1,6.02,36.32941582572472,4.6043699786807775,24.14,901.96,69.4,0
Masoor,Black soils,76.58104466203038,0,6.09,112.258823548082,0.8441663455221252,28.26,821.76,66.65,0
Gram,Alluvial soils,16.672643607007103,0,6.11,103.22443146605498,0.846637066382314,20.0,890.73,64.04,0
Til,Black soils,29.59626120983151,0,6.33,26.91842836664658,2.7167595174345838,28.04,900.2,90.0,0
Groundnut,Red and Yellow soils,96.74499664722,1,5.84,178.92269764733769,2.42511046193267,29.32,853.97,86.02,1
Arhar,Alluvial soils,91.85485510003234,0,6.09,76.53287840752338,1.2994679672213083,27.98,933.69,80.73,0
Urd,Laterite soils,2.7426498464331512,0,5.82,88.14528120125196,4.954035987983664,24.48,980.48,68.94,0
Jwar,Red and Yellow soils,81.05182096520964,1,5.5,198.10884266676885,4.3258916692421066,24.72,849.15,73.46,1
Mustard,Red and Yellow soils,63.63832068665308,0,6.46,88.53373490142508,1.9370490801246305,28.01,822.22,71.23,0
Millets,Laterite soils,40.123933186942935,1,5.74,78.28259692949361,2.6365415718597265,23.96,827.14,70.44,1
Maize,Black soils,87.75885918969198,0,5.8,139.78469040599293,1.3665129133839682,26.64,879.19,83.47,0
Rice,Laterite soils,25.09494464680028,1,6.14,157.04690334075116,1.926924601319298,21.79,896.13,90.0,1
Mustard,Alluvial soils,5.985936900346184,1,5.5,55.23498004685733,0.9143669321101572,23.02,965.37,70.97,1
Masoor,Red and Yellow soils,90.46926764515013,1,6.32,39.5265414675269,4.552431153446992,24.6,852.31,79.24,0
Moong,Laterite soils,66.7431644007017,1,6.05,36.37326995857885,1.941595947520944,22.83,843.74,77.25,0
Tiwra,Laterite soils,66.59744978514821,1,6.35,180.71957832423595,3.992147155611458,28.81,840.99,83.78,0
Kulthi,Alluvial soils,17.77720417995551,1,6.75,186.6233951811228,2.9967585527538096,20.99,796.41,61.29,1
Til,Laterite soils,82.11526872345533,0,6.08,179.22366038694898,3.004640999287888,26.44,834.42,66.43,0
Til,Red and Yellow soils,85.94972915026943,1,5.7,124.22027903539907,4.9855581453472375,20.44,823.73,84.51,1
summer paddy,Alluvial soils,92.14077589708448,0,5.5,37.26311684885115,2.4051624361938035,20.0,926.9,81.36,0
Jwar,Black soils,28.67326065577008,0,6.13,62.69765596562617,3.9383874571860433,22.56,885.72,77.9,0
Jwar,Laterite soils,52.03647167552329,1,6.7,64.66675150721977,1.1856502725788038,29.85,887.86,64.38,1
Maize,Alluvial soils,84.40064941289427,0,6.71,117.3407974676231,2.5830017311527627,29.61,857.35,86.02,0
Groundnut,Laterite soils,34.78961480849945,1,6.22,100.82047107807897,4.765268097487416,26.05,789.83,82.58,1
Pea,Black soils,60.61327630651897,1,6.22,71.88729840163472,3.3834428136844004,27.13,887.45,63.45,1
Wheat,Red and Yellow soils,58.75812809075228,0,6.02,61.15233492569079,2.7512492589727047,23.16,929.23,62.45,0
summer paddy,Red and Yellow soils,39.66105407075501,0,6.36,35.35427059036928,1.3256422203939051,21.35,914.65,67.15,0
Pea,Alluvial soils,16.94988061339748,1,6.83,184.5564527018232,4.554417666294789,25.1,922.16,66.49,1
Groundnut,Alluvial soils,77.64734025846953,1,6.59,30.1290536211666,2.4437057909109408,24.02,831.5,65.98,0
summer paddy,Laterite soils,90.855464380136,0,5.7,88.93461010502237,2.2896711723008787,23.19,899.4,81.92,0
Niger,Red and Yellow soils,4.301026088036883,0,6.64,145.61804214220632,2.0812368730220943,21.01,788.62,67.91,0
Urd,Alluvial soils,91.70252765931488,0,6.67,15.605923247840275,3.5094411666075778,23.69,788.93,77.1,0
Groundnut,Alluvial soils,51.66383286816028,0,6.47,98.78595372126168,1.518977035891242,21.07,864.0,64.52,0
Kulthi,Black soils,23.189085786347796,0,6.07,189.8627111419892,2.7848888056767773,29.29,884.57,84.3,0
Kulthi,Black soils,64.62899831981025,0,6.45,83.52491651545493,1.5690018255421825,21.6,914.87,60.0,0
Masoor,Black soils,95.87154982405876,1,6.48,129.9810832257704,0.5034414484512415,21.52,915.55,62.21,1
Tiwra,Red and Yellow soils,12.71408322731068,0,6.04,16.77495232897338,2.110155905799066,22.07,831.64,87.22,0
Pea,Alluvial soils,30.453837006264006,0,5.59,185.93651068955492,1.0198778892903464,29.48,946.04,76.89,0
Soybean,Alluvial soils,45.929950244441066,1,6.26,146.06295145488895,4.868631700892124,28.2,907.04,72.93,0
Jwar,Alluvial soils,77.34890187462672,0,6.13,187.39893140589743,4.13407204546712,25.05,899.78,62.5,0
Masoor,Red and Yellow soils,34.865602801136006,1,6.02,74.53290343716962,0.976484678989204,20.79,821.67,65.87,1
summer paddy,Red and Yellow soils,1.3568197489404303,1,6.18,169.14624833347128,4.405057679473639,30.0,916.8,81.39,0
Jwar,Laterite soils,51.52716525625736,0,5.53,117.26931971045472,4.763386070226863,27.0,882.89,64.34,0
Groundnut,Alluvial soils,76.89512894880215,0,6.9,111.20094863538525,4.241037869145725,20.0,810.68,74.09,0
Groundnut,Laterite soils,65.31840295659302,0,6.78,141.36645020981774,4.393638773635823,26.24,903.0,85.82,0
Til,Black soils,72.8747310808644,1,6.82,23.94593504567197,0.5056538319244093,21.81,871.69,86.85,0
Pea,Red and Yellow soils,21.55979018755156,0,6.51,77.78609298703317,3.689048046868987,22.55,908.16,63.01,0
Jwar,Alluvial soils,25.85682337890519,1,5.5,102.61050271033608,4.377680196883321,24.73,850.22,89.54,0
Wheat,Red and Yellow soils,50.91070048310331,0,5.8,70.3847309463337,4.94260898334276,24.88,911.62,83.16,0
Tiwra,Red and Yellow soils,49.47275930960727,1,6.56,64.97986652212177,4.40748983958334,26.93,869.04,89.33,0
Masoor,Red and Yellow soils,90.46926764515013,1,5.92,39.5265414675269,4.552431153446992,25.34,901.63,75.34,0
Moong,Laterite soils,75.26532755569725,1,6.11,43.65731320402202,3.3010974637817863,29.28,844.07,60.0,0
Groundnut,Red and Yellow soils,36.53238610880504,0,7.0,92.22094687585086,0.9655793146476612,25.0,859.46,77.83,0
Soybean,Black soils,47.0521959690072,0,6.39,89.55122834530016,0.8923742776619482,21.87,931.41,77.57,0
Maize,Laterite soils,59.61861413363324,1,5.5,135.50678958732516,2.9379073788004195,25.66,895.63,83.15,1
Niger,Black soils,37.31419938079141,1,6.97,132.93729695324475,2.649581196463151,22.94,783.15,82.63,1
Tiwra,Laterite soils,66.59744978514821,1,6.45,180.71957832423595,3.992147155611458,30.0,931.05,80.38,0
Til,Laterite soils,79.80767833149267,1,5.73,195.1869784074493,4.9333156627866845,24.66,955.83,83.72,0
Moong,Black soils,70.46581678149187,0,5.97,21.66905565059997,4.032486033053475,20.0,933.65,78.73,0
Moong,Laterite soils,1.3350146708237651,0,6.15,27.21836674974315,4.5485522285277975,26.61,887.77,69.54,0
Soybean,Alluvial soils,73.18122507589274,0,5.57,84.15235572039454,4.546057014434088,25.66,888.31,83.9,0
Millets,Laterite soils,43.90448238355727,0,5.94,165.51927153855505,0.5251230931434431,22.15,894.14,66.95,0
Gram,Alluvial soils,16.672643607007103,0,6.04,103.22443146605498,0.846637066382314,20.2,912.18,63.88,0
Niger,Alluvial soils,40.72168891707997,1,6.34,64.74785133657514,2.41594149570782,22.95,932.61,77.45,1
Jwar,Black soils,28.67326065577008,0,5.98,62.69765596562617,3.9383874571860433,22.67,822.33,82.08,0
summer paddy,Laterite soils,90.855464380136,0,5.85,88.93461010502237,2.2896711723008787,23.9,907.6,84.29,0
Tiwra,Laterite soils,87.1125768798161,0,5.68,155.6761395244254,3.972236580663137,30.0,871.24,69.39,0
Niger,Laterite soils,58.342897767539576,0,6.16,30.396351069572987,0.6188329381507388,23.58,796.68,84.02,0
Gram,Red and Yellow soils,82.24193371365227,1,6.39,186.49446950562293,3.4182091680119338,20.0,810.59,63.21,1
Til,Alluvial soils,85.22978983877745,1,5.51,14.770261505983694,1.7336147501948824,26.22,933.93,60.43,0
Til,Black soils,72.8747310808644,1,6.6,23.94593504567197,0.5056538319244093,21.79,801.81,87.18,0
Til,Black soils,58.53364358235279,1,6.68,199.36210175604907,0.7934570356250641,29.59,882.2,78.51,1
Soybean,Laterite soils,71.15073745457829,1,5.84,34.43015994612051,2.8276033668845826,27.76,964.56,71.98,0
Kulthi,Laterite soils,20.90726535219855,0,6.94,98.52331092318568,2.606152200854422,24.76,826.55,80.51,0
summer paddy,Red and Yellow soils,73.54687524942415,0,5.5,142.93725689571534,4.918276974920083,26.17,835.75,70.27,0
Urd,Laterite soils,59.08990961897472,0,5.97,192.0845844938899,2.9650442270922275,22.01,827.55,60.0,0
Millets,Laterite soils,43.90448238355727,0,6.15,165.51927153855505,0.5251230931434431,22.87,819.13,63.43,0
Tiwra,Black soils,63.70051960241635,1,6.9,78.64897896002441,4.51494091656409,23.11,813.79,90.0,0
Masoor,Black soils,95.87154982405876,1,6.54,129.9810832257704,0.5034414484512415,21.83,809.07,65.29,1
summer paddy,Alluvial soils,7.078898910240252,1,5.65,133.05676737201873,2.8391106476553305,23.28,957.08,86.97,0
Pea,Alluvial soils,63.2123421474168,1,5.86,30.08992185887418,2.1099619017340947,27.78,921.22,65.43,0
Mustard,Laterite soils,74.33462632790453,0,7.0,23.998040737995492,3.3383635311434943,30.0,855.4,77.01,0
Maize,Laterite soils,80.06913248485557,0,6.44,60.5239790933438,1.7659599285259715,27.19,902.07,67.03,0
Til,Laterite soils,79.9474430875547,1,5.93,173.28889307383915,3.202864513601942,22.99,842.85,60.0,1
Gram,Alluvial soils,96.9050114005799,0,6.86,122.13502087504426,2.056511701070491,21.87,917.63,84.81,0
Groundnut,Laterite soils,73.65874563961616,0,6.14,22.36466943541153,2.773808931043931,24.58,840.87,60.0,0
Niger,Black soils,2.645006445988896,0,6.07,149.7523142684901,3.7486793601665775,26.06,942.09,69.46,0
summer paddy,Red and Yellow soils,73.54687524942415,0,5.5,142.93725689571534,4.918276974920083,26.13,872.27,73.02,0
Tiwra,Laterite soils,99.79302285723834,1,5.97,28.356863022535748,2.7788430905388597,23.86,893.59,87.68,0
Tiwra,Laterite soils,99.79302285723834,1,6.13,28.356863022535748,2.7788430905388597,26.72,835.25,88.23,0
Wheat,Alluvial soils,86.54297981140141,0,6.84,108.46872549256152,3.65827855817515,22.35,846.9,60.15,0
Kulthi,Black soils,67.84108048066902,1,6.88,44.23042527392003,2.349613359680567,23.55,815.8,76.75,0
Niger,Laterite soils,14.75564765833209,1,5.78,43.53470873409088,3.958799053421168,30.0,843.4,84.1,0
Millets,Laterite soils,43.90448238355727,0,6.23,165.51927153855505,0.5251230931434431,21.41,951.63,68.84,0
Jwar,Black soils,13.99127022595174,1,6.58,96.4732462540386,1.8688803337971989,24.18,912.75,69.46,1
Tiwra,Alluvial soils,42.73461385557504,1,6.4,46.60885970748865,2.3240919163041704,29.37,945.25,72.78,0
Pea,Alluvial soils,34.82813570853206,1,6.86,39.67680173556278,0.8048689074476658,27.28,818.38,72.34,0
Jwar,Black soils,58.43929542154972,1,5.87,16.566631578535365,3.473426184998023,23.56,957.03,65.69,0
Maize,Red and Yellow soils,73.05988458504615,0,7.0,100.07917652497429,3.303778717019921,20.96,891.26,65.04,0
Moong,Laterite soils,75.26532755569725,1,6.04,43.65731320402202,3.3010974637817863,27.47,846.24,60.0,0
Maize,Alluvial soils,84.40064941289427,0,6.96,117.3407974676231,2.5830017311527627,28.03,887.36,86.55,0
Gram,Alluvial soils,79.26862073639087,1,5.98,169.83024901214273,4.126874099803565,22.09,829.57,78.74,1
Gram,Red and Yellow soils,14.573215619358535,1,5.5,57.09839965697187,3.9514705976890343,26.67,845.75,83.95,0
Rice,Alluvial soils,49.78214071680444,0,6.72,54.89730595991944,1.04622923932641,22.1,830.17,70.47,0
Kulthi,Black soils,39.49071677717886,0,6.12,60.39751234176016,3.8970756841866954,27.61,832.03,69.11,0
Kulthi,Alluvial soils,17.77720417995551,1,6.79,186.6233951811228,2.9967585527538096,20.57,798.56,63.99,1
Tiwra,Alluvial soils,7.949464529363647,1,7.0,26.11128283567805,0.5044061015460503,20.0,785.92,83.67,0
Millets,Laterite soils,48.74312011750155,0,5.83,120.33880048951929,2.4768589850115967,20.77,970.0,73.37,0
Wheat,Black soils,27.701983404171347,1,7.0,165.79370043835235,0.8135175506595091,25.98,846.99,84.38,1
Kulthi,Alluvial soils,61.837349287810135,1,6.79,27.801636027771064,2.6701487722421016,25.31,788.01,82.13,0
Rice,Alluvial soils,45.02207961303291,1,5.94,183.9060120825367,2.2666440011155182,26.8,811.3,90.0,1
summer paddy,Laterite soils,34.066071163832795,1,6.36,149.23083239700463,4.611200027303879,27.72,948.1,77.03,1
Tiwra,Laterite soils,41.61828535466275,1,6.3,25.379723997991185,4.950763297623329,26.36,879.1,60.0,0
Jwar,Alluvial soils,33.52139305008494,1,6.03,170.24519022942422,1.7358279923002595,24.91,949.36,65.66,1
Jwar,Laterite soils,52.03647167552329,1,6.48,64.66675150721977,1.1856502725788038,28.03,853.03,66.46,1
summer paddy,Laterite soils,80.66896941192711,0,6.28,54.11712191845815,3.2515109543711493,29.21,852.09,61.92,0
Kulthi,Alluvial soils,61.837349287810135,1,6.65,27.801636027771064,2.6701487722421016,25.75,880.56,77.06,0
Niger,Black soils,30.080933360930537,0,5.7,52.22680121536878,1.086363801815192,26.28,839.99,67.04,0
Soybean,Black soils,39.78177453222698,0,5.77,94.97051601405003,2.865401887107058,26.41,853.34,69.4,0
Niger,Black soils,41.408301825253936,1,6.32,31.68152038748095,2.551580468611744,21.79,896.55,69.59,0
Pea,Red and Yellow soils,14.258821823399837,1,6.51,181.6323051076012,4.302368943900499,26.6,858.2,65.35,1
Gram,Black soils,7.538508193294686,1,6.95,22.895319575658647,0.7515476161379425,22.95,811.68,90.0,0
Masoor,Red and Yellow soils,42.05432526241285,0,6.89,90.60728467834542,3.089700259916918,24.72,793.62,64.2,0
Rice,Laterite soils,7.142480781761127,0,5.94,145.4650010321932,2.084973135653419,24.95,869.75,68.65,0
Maize,Alluvial soils,25.96962093356883,0,5.57,159.78724651759555,2.4066244155234733,21.01,949.26,71.07,0
Tiwra,Alluvial soils,28.87196897058254,0,6.69,17.161441426265586,4.476599320211214,28.27,899.0,66.13,0
Masoor,Black soils,56.607644110296,0,6.22,14.313069493331705,2.07281804952572,28.52,918.62,67.3,0
Groundnut,Alluvial soils,36.793994091155895,0,6.01,191.11670343048607,4.024925591961438,25.02,836.78,85.47,0
Millets,Alluvial soils,66.1773521263443,1,6.41,121.45483757861142,4.880676349583943,24.65,888.03,64.56,1
Pea,Red and Yellow soils,77.1904149781785,1,6.04,159.6942075375746,3.61915464017993,26.36,977.49,63.86,1
Kulthi,Black soils,19.94313150748539,1,6.87,97.58946583215312,2.988773303025213,21.95,869.66,80.3,1
Gram,Red and Yellow soils,53.08813320922549,1,6.76,28.808142321819524,3.1415169004795302,26.54,896.36,62.87,0
Jwar,Black soils,87.71268641532818,0,6.06,15.698221174437968,2.9018118843038945,23.74,938.92,89.89,0
Til,Red and Yellow soils,63.93819639548853,1,5.9,86.5501462725284,0.8314949690878561,28.67,836.37,70.91,1
Arhar,Alluvial soils,40.59763875962707,1,5.77,154.16751398387302,1.6967064291359415,27.4,840.61,72.36,1
Til,Laterite soils,79.9474430875547,1,5.91,173.28889307383915,3.202864513601942,23.28,955.57,60.0,1
Masoor,Black soils,95.87154982405876,1,6.63,129.9810832257704,0.5034414484512415,21.02,888.38,60.0,1
Rice,Laterite soils,6.748270550218036,0,5.93,153.16939920228737,1.174174578363922,24.94,965.25,60.0,0
Jwar,Laterite soils,92.81866674409925,1,6.3,159.32913111736443,4.144766898974626,21.96,919.72,74.29,0
Masoor,Red and Yellow soils,34.865602801136006,1,5.83,74.53290343716962,0.976484678989204,21.0,920.22,64.53,1
Millets,Alluvial soils,43.70916466330876,1,5.97,39.41587779577248,2.043259526678144,25.72,927.86,88.91,0
Tiwra,Red and Yellow soils,27.092825029366224,1,6.11,153.70269592651675,1.2125187749279782,26.54,945.67,60.28,1
Tiwra,Laterite soils,66.59744978514821,1,6.46,180.71957832423595,3.992147155611458,29.84,926.11,77.68,0
Soybean,Black soils,47.0521959690072,0,6.68,89.55122834530016,0.8923742776619482,22.86,860.58,82.14,0
Wheat,Alluvial soils,86.54297981140141,0,6.97,108.46872549256152,3.65827855817515,21.87,785.04,65.91,0
Jwar,Black soils,87.71268641532818,0,6.23,15.698221174437968,2.9018118843038945,24.07,872.23,85.24,0
summer paddy,Laterite soils,80.66896941192711,0,6.26,54.11712191845815,3.2515109543711493,27.09,913.84,64.83,0
Niger,Black soils,41.408301825253936,1,6.06,31.68152038748095,2.551580468611744,23.98,923.32,69.83,0
Soybean,Red and Yellow soils,3.422005573134409,1,6.7,184.83881346960908,0.628547000211728,29.88,822.28,65.41,1
Moong,Red and Yellow soils,6.70159104623501,0,6.49,154.37849353994258,1.4738508434764648,20.0,873.1,63.19,0
Rice,Laterite soils,36.067847125393314,1,5.98,45.080516013725855,3.846756333323527,20.0,956.02,64.76,0
Gram,Black soils,60.6590114165344,0,5.5,89.25746879492321,4.041605590451173,23.98,852.82,87.06,0
Tiwra,Black soils,63.70051960241635,1,6.42,78.64897896002441,4.51494091656409,20.43,847.57,87.89,0
Pea,Alluvial soils,16.94988061339748,1,6.88,184.5564527018232,4.554417666294789,23.37,854.61,63.97,1
Gram,Alluvial soils,96.98944330900548,0,6.5,18.44939670465994,1.562279272549458,22.42,889.19,75.74,0
Millets,Black soils,85.5878730724342,1,6.25,61.37039983559247,3.7262686183632985,27.93,857.7,72.3,0
Gram,Red and Yellow soils,82.24193371365227,1,6.23,186.49446950562293,3.4182091680119338,20.82,855.43,61.89,1
Gram,Red and Yellow soils,19.447014158096326,0,6.69,144.3782799628782,2.1302329607260293,29.85,857.4,80.87,0
Til,Laterite soils,89.66061130236088,0,5.9,138.96491601693197,2.999699639608014,27.72,841.66,90.0,0
Til,Laterite soils,72.63236990744744,0,5.94,91.21425103639508,0.6719788045907025,29.11,852.57,67.14,0
Moong,Laterite soils,1.3350146708237651,0,5.85,27.21836674974315,4.5485522285277975,27.4,874.7,64.04,0
Pea,Black soils,94.11254095151456,0,7.0,74.32011188400841,3.278071802192412,23.57,770.61,82.43,0
Pea,Red and Yellow soils,43.446323388532846,0,6.95,141.32630646402174,3.2583353976805944,27.62,906.88,61.79,0
Gram,Black soils,33.36100018676664,1,6.36,77.38147579324998,4.486073743546642,26.75,868.07,64.86,1
Masoor,Alluvial soils,88.17766186897569,0,5.88,13.862974164951854,3.4365674693025685,26.52,830.75,79.96,0
Soybean,Red and Yellow soils,79.46057483174057,0,6.55,150.462155599481,3.444350816677973,21.96,796.7,88.34,0
Tiwra,Alluvial soils,42.73461385557504,1,6.44,46.60885970748865,2.3240919163041704,28.95,886.6,75.85,0
Maize,Red and Yellow soils,73.05988458504615,0,7.0,100.07917652497429,3.303778717019921,21.33,815.27,72.17,0
summer paddy,Laterite soils,80.66896941192711,0,6.5,54.11712191845815,3.2515109543711493,27.29,806.0,60.0,0
Niger,Red and Yellow soils,54.18360976009397,1,6.85,118.99187835760888,4.683784908669928,23.59,823.74,82.92,1
Pea,Black soils,94.11254095151456,0,6.7,74.32011188400841,3.278071802192412,24.72,813.81,85.3,0
Jwar,Alluvial soils,25.85682337890519,1,5.73,102.61050271033608,4.377680196883321,25.71,926.72,86.94,0
Gram,Black soils,60.6590114165344,0,5.79,89.25746879492321,4.041605590451173,24.06,848.76,87.84,0
Moong,Laterite soils,47.72185492708941,0,6.95,108.96450143039937,2.7671496106270737,27.8,865.93,88.1,0
Millets,Alluvial soils,66.1773521263443,1,6.11,121.45483757861142,4.880676349583943,24.47,886.13,67.89,1
Kulthi,Laterite soils,67.55487925578505,0,6.91,79.33838476518439,4.877362795825739,28.14,868.84,90.0,0
Arhar,Alluvial soils,93.266516769375,0,6.12,151.91084094712255,4.153019042714469,27.75,881.14,78.68,0
Jwar,Laterite soils,83.27429064883648,1,5.66,66.97405545052723,4.904528295647274,25.47,859.32,66.99,1
Arhar,Alluvial soils,16.947340444794044,0,7.0,115.46353355361116,3.294811394244745,24.46,893.21,71.83,0
Tiwra,Alluvial soils,94.65421714056572,0,5.5,98.95128901135244,3.864899065380877,22.63,818.64,90.0,0
Groundnut,Laterite soils,47.3154015978025,0,6.02,163.00709664528063,2.6080442594736524,22.57,965.05,60.0,0
Arhar,Laterite soils,74.64442798330771,1,6.35,155.32653226232352,1.9369977433354968,27.17,861.64,88.99,1
Kulthi,Black soils,93.64418332139984,1,5.5,135.85787194702743,2.7374408939283854,30.0,840.03,88.09,1
Rice,Laterite soils,6.748270550218036,0,5.86,153.16939920228737,1.174174578363922,25.08,981.93,65.31,0
Mustard,Black soils,19.12922251866725,1,5.51,103.50209792378745,2.617585675899809,27.65,906.54,67.16,0
Moong,Red and Yellow soils,9.326065442028998,0,6.83,172.44853243892462,3.156078875040973,22.64,929.08,71.51,0
summer paddy,Alluvial soils,68.88862950071787,1,5.98,73.83428244149384,0.5966557233781861,27.9,950.82,81.71,1
Jwar,Red and Yellow soils,54.09861316205604,1,5.5,43.55196900142567,2.5235327567755976,28.57,930.71,69.59,0
Wheat,Laterite soils,92.6074773325522,1,5.58,171.06465646258272,1.1677687279613973,23.99,963.14,80.45,1
Pea,Alluvial soils,34.82813570853206,1,7.0,39.67680173556278,0.8048689074476658,29.67,774.29,71.48,0
Rice,Laterite soils,25.09494464680028,1,6.32,157.04690334075116,1.926924601319298,22.86,828.7,85.13,1
Jwar,Laterite soils,83.27429064883648,1,5.72,66.97405545052723,4.904528295647274,26.43,848.56,65.25,1
Millets,Black soils,6.907493912567169,0,6.6,84.40519823967013,2.862263975769026,27.51,787.59,86.33,0
Arhar,Laterite soils,70.69460626460166,0,6.22,128.31657060515244,4.766392383485942,23.88,924.84,90.0,0
Wheat,Red and Yellow soils,58.75812809075228,0,5.77,61.15233492569079,2.7512492589727047,22.89,891.94,65.1,0
Groundnut,Black soils,77.0287821542821,1,6.19,28.30353013570137,1.0980962288868708,30.0,949.42,78.57,0
Gram,Red and Yellow soils,53.08813320922549,1,6.62,28.808142321819524,3.1415169004795302,28.01,847.76,63.59,0
Jwar,Alluvial soils,25.85682337890519,1,5.5,102.61050271033608,4.377680196883321,24.64,876.5,82.61,0
Niger,Black soils,37.31419938079141,1,6.96,132.93729695324475,2.649581196463151,22.73,838.14,87.39,1
Urd,Black soils,54.97589680292262,1,6.16,182.3901767961132,0.6312941161897548,24.45,797.26,83.92,0
Gram,Alluvial soils,92.8493387422751,1,6.5,64.25799140275164,4.914860850641632,28.78,798.13,73.06,1
summer paddy,Alluvial soils,80.44770135267859,0,6.8,29.64755058306169,4.7260075846814615,21.46,886.49,85.86,0
Gram,Black soils,78.84309895532813,1,6.45,101.37659921705163,0.5595492491183836,22.15,922.76,77.69,0
Moong,Alluvial soils,42.49140354238396,0,6.04,56.1970084461051,2.8797560145626053,25.81,882.2,74.48,0
Mustard,Laterite soils,74.33462632790453,0,6.76,23.998040737995492,3.3383635311434943,29.84,799.32,76.0,0
Maize,Black soils,87.75885918969198,0,5.97,139.78469040599293,1.3665129133839682,25.33,913.1,84.88,0
Pea,Alluvial soils,16.94988061339748,1,6.79,184.5564527018232,4.554417666294789,23.98,813.8,64.56,1
Til,Laterite soils,89.66061130236088,0,5.53,138.96491601693197,2.999699639608014,25.87,880.33,88.33,0
Urd,Laterite soils,59.08990961897472,0,5.95,192.0845844938899,2.9650442270922275,24.39,985.96,60.0,0
Maize,Black soils,73.32267007953085,0,6.09,47.49317757286676,0.6835265598024884,24.73,875.96,65.5,0
Moong,Black soils,66.35159251639024,0,5.72,154.92011886243904,4.532794847215374,25.37,852.25,68.9,0
Urd,Red and Yellow soils,80.12909695909734,0,6.74,70.99504826835619,4.201089365152599,29.02,903.38,82.84,0
Rice,Black soils,51.78490534951984,1,5.77,159.67777079366866,3.8935916410771423,20.0,870.09,76.15,1
Wheat,Alluvial soils,86.54297981140141,0,6.84,108.46872549256152,3.65827855817515,20.44,910.94,63.55,0
Millets,Alluvial soils,83.4164579675254,0,6.61,146.3607032263529,4.542588877178431,24.0,908.28,86.3,0
Moong,Laterite soils,15.751845797753464,1,6.25,116.91939141246866,1.6379793852651496,22.13,910.08,60.67,1
Urd,Alluvial soils,18.245949358971803,1,6.26,144.86143436361849,4.22251584341133,25.4,845.6,65.8,1
Tiwra,Red and Yellow soils,27.092825029366224,1,6.06,153.70269592651675,1.2125187749279782,26.36,970.79,61.09,1
Maize,Alluvial soils,84.40064941289427,0,7.0,117.3407974676231,2.5830017311527627,27.78,905.47,87.81,0
Urd,Laterite soils,56.01656404336428,1,5.5,169.6786697669429,1.2509461554512062,28.75,881.12,76.04,1
Kulthi,Red and Yellow soils,71.95464735059075,0,6.94,143.26123077544585,2.2065192855643185,23.97,841.83,76.1,0
Masoor,Black soils,76.58104466203038,0,6.24,112.258823548082,0.8441663455221252,27.0,950.02,71.72,0
Millets,Alluvial soils,43.70916466330876,1,5.58,39.41587779577248,2.043259526678144,25.64,852.05,89.59,0
Mustard,Black soils,19.12922251866725,1,5.99,103.50209792378745,2.617585675899809,27.63,937.26,68.0,0
Tiwra,Alluvial soils,57.12809708824221,1,6.66,197.0604365484146,3.9823961897083984,23.84,939.52,68.37,1
Kulthi,Red and Yellow soils,4.874093193902079,0,5.83,58.01984131719706,1.2796791167350348,21.27,870.18,84.07,0
Tiwra,Black soils,51.6709483055929,0,7.0,135.42477390060515,3.1134728386348294,22.59,857.76,87.76,0
Moong,Black soils,68.47419592831014,1,6.24,62.139746561585554,1.7248326329770518,28.13,909.71,73.08,0
Urd,Laterite soils,4.197889378619497,0,6.75,90.0138398925223,4.669929373092929,28.34,770.51,83.43,0
Til,Alluvial soils,20.130363157001845,1,5.84,96.39301275682372,3.99987462399122,26.72,965.92,62.3,1
Maize,Red and Yellow soils,69.73343459088427,0,5.91,159.39192951392974,3.210066085264966,27.08,892.34,72.27,0
Niger,Black soils,30.080933360930537,0,5.57,52.22680121536878,1.086363801815192,26.45,879.29,66.09,0
Moong,Alluvial soils,26.489067920660645,1,5.62,57.774369919506846,4.0238207365493945,22.98,886.01,88.1,1
Moong,Laterite soils,1.3350146708237651,0,6.01,27.21836674974315,4.5485522285277975,26.3,821.29,67.84,0
Masoor,Red and Yellow soils,42.05432526241285,0,6.97,90.60728467834542,3.089700259916918,25.85,789.82,68.13,0
Jwar,Black soils,85.02489644764282,0,5.99,141.69070379804322,2.338065364164532,26.16,971.59,60.0,0
summer paddy,Alluvial soils,49.74984625046088,1,6.83,177.06316827987376,3.0524203994909347,22.29,917.53,82.33,1
Maize,Red and Yellow soils,73.05988458504615,0,7.0,100.07917652497429,3.303778717019921,20.0,893.01,71.3,0
Til,Laterite soils,79.9474430875547,1,5.95,173.28889307383915,3.202864513601942,21.05,972.13,60.0,1
Tiwra,Laterite soils,41.61828535466275,1,6.43,25.379723997991185,4.950763297623329,25.7,848.8,63.46,0
Niger,Black soils,2.645006445988896,0,5.81,149.7523142684901,3.7486793601665775,25.51,940.83,74.36,0
Arhar,Alluvial soils,16.947340444794044,0,6.62,115.46353355361116,3.294811394244745,24.41,931.56,72.72,0
Niger,Laterite soils,4.079749834554197,0,5.62,99.53335179078957,3.6129767886177073,25.08,898.92,67.14,0
Tiwra,Laterite soils,41.61828535466275,1,6.46,25.379723997991185,4.950763297623329,24.75,901.94,61.3,0
Mustard,Laterite soils,71.43977713087003,0,5.66,192.4061665391249,2.318230840930169,20.06,880.41,79.53,0
Groundnut,Red and Yellow soils,36.53238610880504,0,7.0,92.22094687585086,0.9655793146476612,23.02,764.05,76.69,0
Maize,Alluvial soils,34.904783067347054,0,6.68,17.703829613210928,0.5905315307981513,27.9,774.04,85.7,0
summer paddy,Laterite soils,80.66896941192711,0,6.74,54.11712191845815,3.2515109543711493,28.97,869.1,60.48,0
Groundnut,Alluvial soils,51.66383286816028,0,6.48,98.78595372126168,1.518977035891242,20.62,819.0,68.77,0
Tiwra,Laterite soils,44.157514598221695,0,6.55,20.786220688080256,4.760647059177217,21.62,861.68,72.55,0
Mustard,Black soils,83.04704930059059,1,7.0,164.2968639673771,3.2910142681176096,22.05,780.01,85.13,1
summer paddy,Alluvial soils,80.44770135267859,0,6.89,29.64755058306169,4.7260075846814615,20.81,903.95,87.04,0
Kulthi,Laterite soils,93.89813650383569,0,6.58,193.230305006838,2.25817436042408,28.1,919.44,63.1,0
Niger,Black soils,56.17716140693022,1,6.45,42.88801275230651,2.992074792161899,25.27,920.54,70.07,0
Mustard,Alluvial soils,12.351657408054075,1,5.81,74.45869273649792,2.028361205368407,20.0,936.04,79.18,1
Moong,Alluvial soils,74.91849185092191,1,6.36,35.66011307470839,3.274662483685392,20.82,924.07,90.0,0
Gram,Alluvial soils,79.26862073639087,1,5.75,169.83024901214273,4.126874099803565,21.09,882.65,78.9,1
Kulthi,Alluvial soils,67.60628023713699,0,5.9,34.05724834084618,3.7087473186135087,29.45,863.08,60.0,0
Urd,Alluvial soils,18.245949358971803,1,6.54,144.86143436361849,4.22251584341133,25.61,925.18,68.18,1
Groundnut,Black soils,13.083322941050284,0,5.96,85.59418473765709,3.41430524157662,24.72,859.89,65.69,0
Moong,Black soils,68.47419592831014,1,5.88,62.139746561585554,1.7248326329770518,26.53,868.89,69.44,0
Jwar,Black soils,85.02489644764282,0,5.9,141.69070379804322,2.338065364164532,24.66,903.95,66.29,0
Mustard,Red and Yellow soils,63.63832068665308,0,6.59,88.53373490142508,1.9370490801246305,29.28,824.61,66.92,0
Kulthi,Laterite soils,97.05327118037404,1,7.0,33.70437264492988,4.118308574057645,25.64,805.82,78.39,0
Masoor,Red and Yellow soils,84.52316916652465,1,6.35,136.06206737070266,3.720799011587236,25.16,880.53,80.52,1
Til,Alluvial soils,74.9101007065359,0,6.12,139.00895124661432,4.160729142666699,25.79,793.59,90.0,0
Jwar,Black soils,85.02489644764282,0,6.16,141.69070379804322,2.338065364164532,24.6,863.12,61.79,0
Soybean,Black soils,76.5747447185727,0,6.23,55.80956789226062,1.6624085030446671,20.26,852.59,85.3,0
Soybean,Alluvial soils,73.18122507589274,0,5.82,84.15235572039454,4.546057014434088,24.47,854.95,86.59,0
Masoor,Black soils,32.78096124453907,1,5.66,155.80477364636056,4.464364499262837,28.97,962.79,85.72,1
Maize,Alluvial soils,84.40064941289427,0,6.67,117.3407974676231,2.5830017311527627,29.65,868.28,90.0,0
Jwar,Black soils,65.54709453271963,1,6.11,14.774203291276631,4.843878235764788,27.54,815.25,78.82,0
Masoor,Red and Yellow soils,84.52316916652465,1,6.17,136.06206737070266,3.720799011587236,27.3,847.24,76.67,1
Rice,Laterite soils,83.79467762655149,0,6.47,33.31006222633755,2.783971589852677,21.42,846.12,84.88,0
Niger,Laterite soils,4.079749834554197,0,5.5,99.53335179078957,3.6129767886177073,24.21,880.14,69.81,0
Pea,Laterite soils,86.12529571965065,1,5.77,65.74792040384469,1.4305217882726928,25.1,814.06,87.88,1
Tiwra,Black soils,63.70051960241635,1,6.74,78.64897896002441,4.51494091656409,23.12,850.38,90.0,0
Pea,Laterite soils,86.12529571965065,1,5.9,65.74792040384469,1.4305217882726928,24.29,878.14,86.76,1
Gram,Red and Yellow soils,34.74768672244927,1,6.52,33.58119022402276,1.9181663035284728,30.0,909.22,66.88,0
Moong,Laterite soils,44.60788148262814,1,5.86,83.79284451275134,2.217174315777015,26.49,825.39,65.0,1
Masoor,Alluvial soils,45.92043415033586,0,6.89,175.13241790304798,3.316894792035183,26.62,793.46,83.16,0
Til,Laterite soils,79.9474430875547,1,5.87,173.28889307383915,3.202864513601942,22.47,905.49,63.21,1
Rice,Alluvial soils,45.02207961303291,1,5.97,183.9060120825367,2.2666440011155182,25.83,801.71,90.0,1
Wheat,Red and Yellow soils,44.32758410771781,0,6.71,147.39729054115696,3.125924867676585,24.76,831.03,60.0,0
Jwar,Black soils,13.99127022595174,1,6.56,96.4732462540386,1.8688803337971989,24.11,846.01,76.36,1
Urd,Black soils,30.25969736488654,0,5.76,28.04568065397041,1.8011830369833524,27.44,903.29,86.71,0
Urd,Alluvial soils,3.862270503389171,0,6.93,55.87963143873647,4.218136005495886,21.69,816.59,82.72,0
Moong,Laterite soils,44.60788148262814,1,5.57,83.79284451275134,2.217174315777015,26.0,976.63,67.35,1
Soybean,Black soils,47.0521959690072,0,6.34,89.55122834530016,0.8923742776619482,21.53,932.35,79.51,0
Masoor,Alluvial soils,45.62108056768259,0,6.47,174.13879435365195,4.357303858339503,25.37,955.68,60.0,0
Gram,Alluvial soils,44.36061613463463,1,5.68,51.92836348552057,1.185780320544819,20.73,924.38,73.48,1
Tiwra,Alluvial soils,42.73461385557504,1,6.67,46.60885970748865,2.3240919163041704,29.01,898.56,74.24,0
Maize,Black soils,37.59082546376269,1,5.77,177.66269564708426,3.0725046924698143,23.5,962.89,78.23,0
Jwar,Black soils,87.71268641532818,0,6.31,15.698221174437968,2.9018118843038945,24.06,844.88,89.32,0
Arhar,Red and Yellow soils,89.63418660147754,0,5.85,197.40269607320457,2.917209527133356,23.69,963.94,80.92,0
Arhar,Alluvial soils,40.59763875962707,1,5.65,154.16751398387302,1.6967064291359415,27.03,902.58,74.96,1
Millets,Red and Yellow soils,60.97944387000568,0,6.38,183.50464510721,2.1363469721664288,28.96,875.95,69.93,0
Tiwra,Alluvial soils,42.73461385557504,1,6.47,46.60885970748865,2.3240919163041704,28.68,889.83,75.98,0
Pea,Black soils,52.66967119754954,1,5.88,193.05858625795943,1.4970629237169906,27.92,922.73,85.63,1
summer paddy,Red and Yellow soils,73.54687524942415,0,5.5,142.93725689571534,4.918276974920083,25.74,853.81,71.95,0
Soybean,Red and Yellow soils,8.583758015057295,1,6.96,20.154563205107696,4.90903272481961,20.0,786.67,84.95,0
Millets,Alluvial soils,23.54097596703025,1,6.43,57.43568008837477,1.5978107189656572,25.05,882.66,85.69,1
Tiwra,Laterite soils,41.61828535466275,1,6.45,25.379723997991185,4.950763297623329,26.53,880.95,66.33,0
Jwar,Alluvial soils,87.5833721223469,0,6.17,73.36725049269779,3.5742192788952645,29.2,828.22,64.49,0
Jwar,Laterite soils,83.27429064883648,1,5.94,66.97405545052723,4.904528295647274,26.41,975.36,63.85,1
Niger,Red and Yellow soils,30.05926746262701,0,5.73,171.41131547239257,3.621531844526511,28.81,827.04,68.88,0
Pea,Alluvial soils,16.94988061339748,1,6.76,184.5564527018232,4.554417666294789,23.94,799.0,63.7,1
Jwar,Laterite soils,52.03647167552329,1,6.68,64.66675150721977,1.1856502725788038,27.0,925.94,63.14,1
Urd,Laterite soils,59.08990961897472,0,6.14,192.0845844938899,2.9650442270922275,22.39,847.22,60.27,0
Gram,Black soils,78.84309895532813,1,6.12,101.37659921705163,0.5595492491183836,20.1,952.2,75.3,0
Niger,Alluvial soils,30.9149550672235,0,7.0,25.390180382606133,4.890082443067278,21.09,888.1,77.16,0
Mustard,Laterite soils,61.737953589033744,0,5.98,65.69585886371809,1.5602596870875736,24.3,798.19,86.95,0
Soybean,Alluvial soils,1.0845160463029235,0,5.71,132.15140054930788,1.295639412046346,24.08,843.26,86.02,0
Soybean,Laterite soils,50.60103662954688,0,5.91,171.12574873717588,2.589034966808882,20.88,842.0,77.63,0
Moong,Laterite soils,15.751845797753464,1,6.39,116.91939141246866,1.6379793852651496,22.32,826.5,64.17,1
summer paddy,Black soils,99.14865361366142,0,6.14,134.30705078512983,1.949386589804747,22.82,823.41,60.0,0
Maize,Black soils,38.61061367320439,0,5.97,170.31722106664762,0.5080767595702489,23.13,914.28,68.88,0
Jwar,Black soils,85.02489644764282,0,5.87,141.69070379804322,2.338065364164532,26.02,883.17,60.0,0
Kulthi,Alluvial soils,17.77720417995551,1,6.91,186.6233951811228,2.9967585527538096,22.63,854.41,64.22,1
Kulthi,Black soils,5.487798902751413,0,5.67,116.7863204842874,2.954194231161236,24.51,892.77,63.47,0
Niger,Laterite soils,58.342897767539576,0,6.03,30.396351069572987,0.6188329381507388,24.06,922.31,87.58,0
Tiwra,Black soils,51.6709483055929,0,7.0,135.42477390060515,3.1134728386348294,24.25,828.91,82.61,0
Mustard,Laterite soils,74.33462632790453,0,6.81,23.998040737995492,3.3383635311434943,30.0,855.87,73.19,0
Pea,Laterite soils,23.804071407579336,1,6.11,131.24557260272172,3.669244395754899,28.68,812.54,82.85,1
Tiwra,Laterite soils,46.4327359055748,0,6.32,65.38166189792891,1.8247075099447776,23.67,884.25,79.75,0
Groundnut,Laterite soils,81.6554741475988,1,6.85,86.15027954705378,1.14379756440237,25.02,840.61,78.48,1
Til,Laterite soils,79.80767833149267,1,6.05,195.1869784074493,4.9333156627866845,21.99,883.47,81.48,0
Pea,Laterite soils,13.913505998801302,1,6.1,198.6012534110168,2.571015400924413,25.62,906.21,64.96,1
Jwar,Laterite soils,51.52716525625736,0,5.5,117.26931971045472,4.763386070226863,26.46,923.53,60.0,0
Mustard,Laterite soils,95.8059931058451,0,5.89,103.02761838487882,4.034661034793127,20.94,851.78,62.07,0
Gram,Black soils,48.6773164556799,1,5.56,69.28313557959125,2.0201114088284804,22.8,907.87,82.11,1
Mustard,Laterite soils,53.54515854139666,1,6.72,108.2514903397496,3.718948332542829,25.55,866.36,70.08,1
Maize,Black soils,87.75885918969198,0,5.54,139.78469040599293,1.3665129133839682,25.67,964.0,81.95,0
Pea,Alluvial soils,17.17303816819014,0,5.78,163.3134475429299,2.644391106796571,27.56,959.15,71.97,0
Maize,Black soils,73.32267007953085,0,5.89,47.49317757286676,0.6835265598024884,23.9,954.9,68.86,0
Millets,Laterite soils,48.74312011750155,0,6.12,120.33880048951929,2.4768589850115967,20.0,876.15,77.96,0
summer paddy,Laterite soils,80.66896941192711,0,6.28,54.11712191845815,3.2515109543711493,28.74,892.87,63.06,0
Kulthi,Red and Yellow soils,4.874093193902079,0,6.07,58.01984131719706,1.2796791167350348,22.39,907.2,81.01,0
Rice,Alluvial soils,49.78214071680444,0,6.46,54.89730595991944,1.04622923932641,20.94,938.35,73.68,0
Wheat,Red and Yellow soils,45.9958564972776,0,6.17,199.4706146791189,3.097939236387041,29.05,950.06,63.29,0
Jwar,Red and Yellow soils,14.921019331346107,0,6.29,199.58265014089395,3.3401633423800927,22.49,905.57,81.8,0
Millets,Laterite soils,69.8935704948745,0,6.47,32.32819760191878,3.248766454068652,27.5,910.56,83.73,0
Masoor,Red and Yellow soils,79.30084242753477,1,6.71,11.043366165214929,1.7972285602299596,21.54,885.38,61.54,0
Maize,Black soils,38.61061367320439,0,5.99,170.31722106664762,0.5080767595702489,22.73,913.17,67.89,0
Tiwra,Alluvial soils,7.949464529363647,1,6.79,26.11128283567805,0.5044061015460503,22.19,803.93,79.74,0
Til,Laterite soils,79.80767833149267,1,5.8,195.1869784074493,4.9333156627866845,23.18,913.01,82.73,0
Groundnut,Alluvial soils,36.793994091155895,0,6.31,191.11670343048607,4.024925591961438,24.77,914.06,89.25,0
Jwar,Alluvial soils,21.797420722217726,0,6.72,83.75345151111428,2.0437014769879367,27.17,774.22,90.0,0
Millets,Laterite soils,69.8935704948745,0,6.34,32.32819760191878,3.248766454068652,25.66,782.42,84.69,0
Millets,Alluvial soils,3.618996042561992,0,6.26,195.20677589698155,0.9929670665083924,28.39,911.12,84.3,0
Rice,Alluvial soils,49.78214071680444,0,6.49,54.89730595991944,1.04622923932641,22.73,915.0,75.41,0
Tiwra,Alluvial soils,7.949464529363647,1,6.87,26.11128283567805,0.5044061015460503,20.73,784.75,77.85,0
Soybean,Laterite soils,50.60103662954688,0,5.87,171.12574873717588,2.589034966808882,20.0,955.03,78.3,0
Masoor,Black soils,35.88229477097293,0,6.49,78.05785247904603,3.7076108701053294,26.26,919.91,66.07,0
summer paddy,Alluvial soils,80.44770135267859,0,6.98,29.64755058306169,4.7260075846814615,22.69,898.94,88.94,0
Arhar,Red and Yellow soils,86.86720496550913,0,5.86,40.99567176940299,0.9693659789832094,23.61,938.29,81.36,0
Maize,Black soils,19.410359181755048,0,5.79,167.23117270851932,4.392858700280796,26.67,967.65,62.41,0
Soybean,Red and Yellow soils,64.9013741262986,0,6.08,175.0559582444221,3.45476106865228,21.58,856.06,73.32,0
Gram,Alluvial soils,40.02287500376711,1,6.93,152.92792867079348,3.896782705565548,23.74,821.15,60.0,1
Mustard,Red and Yellow soils,47.35020570684794,1,6.72,14.979387934802954,2.7212244906205534,23.5,912.38,76.66,0
Niger,Black soils,41.79287336304921,0,7.0,54.696853754845804,1.7969102556076575,24.47,841.21,67.61,0
Rice,Alluvial soils,55.7182474465031,0,6.26,34.65834578689061,2.032096363927362,28.51,963.9,66.92,0
Urd,Black soils,11.274410889490516,0,6.56,112.43829037819636,4.276394728505107,29.06,817.04,83.5,0
Niger,Red and Yellow soils,4.301026088036883,0,6.79,145.61804214220632,2.0812368730220943,22.44,875.11,73.81,0
Urd,Laterite soils,56.01656404336428,1,5.5,169.6786697669429,1.2509461554512062,27.83,899.38,76.39,1
Til,Laterite soils,82.11526872345533,0,6.01,179.22366038694898,3.004640999287888,25.74,839.96,67.84,0
Jwar,Alluvial soils,93.969049183815,1,6.71,83.89046853013258,1.8300016425041368,24.61,803.47,84.01,1
Kulthi,Laterite soils,67.55487925578505,0,6.75,79.33838476518439,4.877362795825739,28.69,888.81,88.85,0
Gram,Alluvial soils,96.98944330900548,0,6.6,18.44939670465994,1.562279272549458,24.3,881.49,72.57,0
Groundnut,Black soils,87.53054551977526,0,5.5,172.43490927868564,4.158548482629399,29.19,892.06,70.83,0
summer paddy,Laterite soils,80.66896941192711,0,6.6,54.11712191845815,3.2515109543711493,26.8,947.61,60.0,0
summer paddy,Laterite soils,68.33971322490649,1,6.68,21.80492518759846,3.622176401026044,20.19,909.06,74.52,0
summer paddy,Alluvial soils,68.88862950071787,1,5.79,73.83428244149384,0.5966557233781861,25.68,956.63,74.24,1
Tiwra,Laterite soils,60.57467976893646,1,5.97,164.37331614576615,2.163674478018338,24.0,885.93,72.48,0
Mustard,Black soils,19.12922251866725,1,5.64,103.50209792378745,2.617585675899809,26.84,838.56,66.22,0
Wheat,Laterite soils,92.6074773325522,1,5.64,171.06465646258272,1.1677687279613973,24.08,836.65,81.23,1
Jwar,Red and Yellow soils,69.32300344575232,0,7.0,63.73200903681688,0.6010337902162692,26.25,765.12,86.35,0
Mustard,Laterite soils,53.54515854139666,1,6.87,108.2514903397496,3.718948332542829,26.25,833.52,73.56,1
Kulthi,Laterite soils,67.55487925578505,0,6.98,79.33838476518439,4.877362795825739,28.71,813.87,90.0,0
Masoor,Red and Yellow soils,90.46926764515013,1,5.9,39.5265414675269,4.552431153446992,25.77,857.91,74.56,0
Moong,Alluvial soils,42.49140354238396,0,6.12,56.1970084461051,2.8797560145626053,26.08,947.06,75.74,0
Jwar,Alluvial soils,21.797420722217726,0,6.67,83.75345151111428,2.0437014769879367,27.55,897.95,90.0,0
Jwar,Black soils,85.02489644764282,0,6.02,141.69070379804322,2.338065364164532,25.35,913.73,60.13,0
Til,Laterite soils,72.63236990744744,0,6.28,91.21425103639508,0.6719788045907025,26.64,862.08,67.26,0
Arhar,Laterite soils,84.46788570106386,1,5.88,192.94268675753716,2.7573837199416857,28.54,884.16,74.44,1
Arhar,Laterite soils,10.205047368034332,1,6.02,171.60702634754793,1.5679546063176029,27.6,847.56,76.97,0
Jwar,Laterite soils,51.52716525625736,0,5.66,117.26931971045472,4.763386070226863,24.3,962.34,61.08,0
Moong,Alluvial soils,72.89801626222972,0,6.19,147.08444454896002,1.630372576341142,30.0,875.22,66.2,0
Arhar,Laterite soils,96.60763642238672,0,6.4,133.99567920563555,1.2167870909791818,20.33,818.93,81.14,0
Soybean,Black soils,43.93909969768636,1,6.8,187.44094250103575,3.156684445310398,26.86,831.89,86.39,1
Mustard,Red and Yellow soils,67.90567177519311,0,7.0,184.57009859164535,2.8827361969169605,23.83,877.46,87.19,0
Til,Laterite soils,79.80767833149267,1,6.17,195.1869784074493,4.9333156627866845,21.91,802.44,80.07,0
summer paddy,Laterite soils,68.33971322490649,1,6.73,21.80492518759846,3.622176401026044,22.16,837.09,69.04,0
Groundnut,Black soils,77.0287821542821,1,6.14,28.30353013570137,1.0980962288868708,30.0,837.88,83.39,0
Maize,Red and Yellow soils,92.61970763557478,1,6.98,58.18133438986627,3.1266305880832834,29.7,828.86,68.37,0
Arhar,Alluvial soils,16.947340444794044,0,6.83,115.46353355361116,3.294811394244745,23.35,930.64,74.41,0
Maize,Laterite soils,80.06913248485557,0,6.21,60.5239790933438,1.7659599285259715,29.36,904.92,71.8,0
Jwar,Alluvial soils,25.85682337890519,1,5.61,102.61050271033608,4.377680196883321,24.32,921.38,88.8,0
Soybean,Red and Yellow soils,64.9013741262986,0,5.67,175.0559582444221,3.45476106865228,24.35,833.25,72.8,0
Kulthi,Laterite soils,67.55487925578505,0,6.83,79.33838476518439,4.877362795825739,28.4,840.91,85.82,0
Arhar,Alluvial soils,57.32803334236286,1,7.0,178.80845618528306,2.3443978045744327,28.3,805.58,82.8,1
Kulthi,Black soils,18.967225361011167,0,6.76,10.664611709977248,0.7513002185498734,22.06,926.52,60.0,0
Kulthi,Laterite soils,20.90726535219855,0,6.66,98.52331092318568,2.606152200854422,23.05,915.29,77.11,0
Kulthi,Alluvial soils,61.837349287810135,1,6.89,27.801636027771064,2.6701487722421016,25.13,793.91,76.16,0
Urd,Alluvial soils,61.5620526784047,1,6.06,104.44263990041502,2.5721342995786207,22.3,837.53,90.0,1
Kulthi,Black soils,5.487798902751413,0,5.93,116.7863204842874,2.954194231161236,25.29,860.18,64.43,0
Tiwra,Black soils,94.76385180041332,0,6.62,110.7678118617717,0.8166051320582242,27.93,834.14,84.36,0
Niger,Red and Yellow soils,54.18360976009397,1,6.64,118.99187835760888,4.683784908669928,22.17,888.33,79.59,1
Maize,Alluvial soils,25.96962093356883,0,5.77,159.78724651759555,2.4066244155234733,20.0,957.42,71.53,0
Maize,Red and Yellow soils,83.97676737225935,0,5.77,174.8228236194111,1.95984723189331,22.4,903.33,81.02,0
Til,Black soils,58.53364358235279,1,6.8,199.36210175604907,0.7934570356250641,29.63,818.75,78.06,1
Masoor,Black soils,57.674849565932185,0,6.25,50.45115979273248,1.5982455206728323,23.1,921.72,66.72,0
Rice,Laterite soils,36.067847125393314,1,5.7,45.080516013725855,3.846756333323527,20.87,845.92,60.0,0
Til,Laterite soils,72.63236990744744,0,6.29,91.21425103639508,0.6719788045907025,27.97,857.38,67.88,0
Arhar,Black soils,7.8885965708143235,0,6.85,22.190126691675964,1.5355669671957597,25.34,797.62,84.95,0
Wheat,Red and Yellow soils,19.63023274762661,0,6.14,132.24686057442185,4.182026033346189,29.3,960.81,68.89,0
Groundnut,Laterite soils,65.31840295659302,0,6.77,141.36645020981774,4.393638773635823,24.4,913.57,82.84,0
Wheat,Alluvial soils,54.78604267673645,0,6.54,83.84981090417665,4.083958299034335,22.59,913.85,87.69,0
Urd,Alluvial soils,18.245949358971803,1,6.57,144.86143436361849,4.22251584341133,27.11,822.72,70.28,1
Tiwra,Red and Yellow soils,45.40305501460495,1,5.73,63.94801167122259,4.253171358306454,27.69,859.27,78.76,1
Gram,Red and Yellow soils,14.573215619358535,1,5.76,57.09839965697187,3.9514705976890343,26.52,882.34,84.7,0
Niger,Red and Yellow soils,54.18360976009397,1,7.0,118.99187835760888,4.683784908669928,21.96,854.04,80.65,1
Arhar,Laterite soils,10.205047368034332,1,6.03,171.60702634754793,1.5679546063176029,27.56,923.73,79.16,0
Niger,Red and Yellow soils,4.301026088036883,0,6.75,145.61804214220632,2.0812368730220943,22.44,796.31,70.63,0
Til,Laterite soils,60.02344822552675,0,6.58,196.68461063428768,1.6314438342398223,30.0,923.13,70.52,0
Urd,Black soils,6.69515158775076,0,6.48,187.8070287106091,1.1930450406000916,22.12,820.19,67.97,0
Gram,Alluvial soils,44.36061613463463,1,5.63,51.92836348552057,1.185780320544819,20.48,949.28,73.95,1
Til,Laterite soils,60.02344822552675,0,6.63,196.68461063428768,1.6314438342398223,28.07,792.41,68.89,0
Millets,Laterite soils,40.123933186942935,1,5.87,78.28259692949361,2.6365415718597265,22.91,892.42,72.4,1
Pea,Alluvial soils,34.82813570853206,1,6.64,39.67680173556278,0.8048689074476658,26.9,874.81,77.45,0
Masoor,Alluvial soils,45.62108056768259,0,6.6,174.13879435365195,4.357303858339503,26.13,799.51,60.0,0
Jwar,Black soils,13.99127022595174,1,6.16,96.4732462540386,1.8688803337971989,22.37,927.96,76.99,1
Pea,Red and Yellow soils,77.1904149781785,1,6.16,159.6942075375746,3.61915464017993,26.6,859.48,60.0,1
Tiwra,Red and Yellow soils,45.40305501460495,1,5.5,63.94801167122259,4.253171358306454,26.27,825.49,80.93,1
Tiwra,Laterite soils,66.59744978514821,1,6.59,180.71957832423595,3.992147155611458,30.0,862.96,81.22,0
Pea,Red and Yellow soils,77.1904149781785,1,6.21,159.6942075375746,3.61915464017993,24.25,894.24,64.07,1
Moong,Black soils,66.35159251639024,0,5.7,154.92011886243904,4.532794847215374,25.2,910.58,69.37,0
Tiwra,Laterite soils,44.157514598221695,0,6.53,20.786220688080256,4.760647059177217,21.43,795.96,73.81,0
Groundnut,Black soils,13.083322941050284,0,5.73,85.59418473765709,3.41430524157662,23.12,910.13,60.16,0
Jwar,Laterite soils,52.03647167552329,1,6.54,64.66675150721977,1.1856502725788038,27.45,836.76,61.53,1
Mustard,Alluvial soils,2.3002039972834387,0,6.94,145.61959193869544,2.519545815592032,26.17,820.37,72.55,0
Pea,Laterite soils,33.75432868239185,1,6.04,80.1683655296807,2.515180774620488,23.2,927.71,65.29,1
Tiwra,Laterite soils,60.57467976893646,1,6.08,164.37331614576615,2.163674478018338,25.32,953.92,72.59,0
Wheat,Alluvial soils,86.71163811325147,1,6.25,54.94653337104506,3.359167289944513,28.31,875.68,83.79,1
Niger,Red and Yellow soils,16.887171155387144,1,5.77,22.167450486029797,2.846606265660132,26.62,815.09,77.05,0
Til,Alluvial soils,74.9101007065359,0,6.23,139.00895124661432,4.160729142666699,26.77,926.04,84.65,0
Til,Black soils,46.52242066000872,0,5.94,142.37837594275828,2.13191427436652,25.39,950.76,62.07,0
Jwar,Red and Yellow soils,81.05182096520964,1,5.5,198.10884266676885,4.3258916692421066,24.96,927.38,68.15,1
Til,Black soils,46.52242066000872,0,5.6,142.37837594275828,2.13191427436652,25.48,894.49,66.28,0
Tiwra,Laterite soils,41.61828535466275,1,6.31,25.379723997991185,4.950763297623329,23.9,939.61,62.5,0
Pea,Black soils,94.11254095151456,0,6.98,74.32011188400841,3.278071802192412,23.01,827.48,87.77,0
Tiwra,Black soils,14.00913180874091,1,5.73,192.864017307691,3.587869631963185,24.88,960.98,75.07,1
Soybean,Laterite soils,71.15073745457829,1,5.52,34.43015994612051,2.8276033668845826,27.7,943.49,67.58,0
Niger,Black soils,41.408301825253936,1,6.16,31.68152038748095,2.551580468611744,23.97,839.97,65.59,0
Wheat,Laterite soils,92.6074773325522,1,5.77,171.06465646258272,1.1677687279613973,23.53,916.69,74.19,1
Wheat,Alluvial soils,86.71163811325147,1,6.11,54.94653337104506,3.359167289944513,28.69,960.98,76.29,1
Tiwra,Laterite soils,60.57467976893646,1,5.86,164.37331614576615,2.163674478018338,23.3,923.98,73.62,0
Maize,Red and Yellow soils,73.05988458504615,0,6.87,100.07917652497429,3.303778717019921,20.04,928.54,69.91,0
Tiwra,Laterite soils,41.61828535466275,1,6.3,25.379723997991185,4.950763297623329,26.14,907.38,64.45,0
Moong,Red and Yellow soils,40.84306264961799,1,6.63,123.39168044535634,4.282926461335064,25.61,815.59,66.41,1
Moong,Red and Yellow soils,6.70159104623501,0,6.77,154.37849353994258,1.4738508434764648,20.0,898.17,60.0,0
Urd,Alluvial soils,91.70252765931488,0,6.83,15.605923247840275,3.5094411666075778,24.09,806.52,74.41,0
Pea,Black soils,94.11254095151456,0,7.0,74.32011188400841,3.278071802192412,25.29,887.14,87.7,0
Masoor,Alluvial soils,71.71208281936302,0,6.94,31.377403355249527,1.0655330314056928,27.46,868.7,66.0,0
Maize,Alluvial soils,25.96962093356883,0,5.5,159.78724651759555,2.4066244155234733,20.92,957.68,70.61,0
Soybean,Laterite soils,13.10812731307866,1,5.85,178.12965587280345,2.260207718353315,30.0,907.51,77.9,1
Moong,Laterite soils,15.751845797753464,1,6.63,116.91939141246866,1.6379793852651496,21.62,904.79,65.48,1
Pea,Red and Yellow soils,32.745807896062146,1,5.92,26.481396356110054,4.152733501535543,24.24,837.56,90.0,0
Maize,Black soils,19.463557757075588,0,6.53,125.4704718867283,2.598418486481846,22.07,790.26,77.04,0
Kulthi,Alluvial soils,95.13326238868204,1,6.51,125.509145492839,4.864218401260991,23.57,890.18,65.13,1
Soybean,Alluvial soils,73.18122507589274,0,5.52,84.15235572039454,4.546057014434088,23.71,918.96,86.31,0
Jwar,Alluvial soils,25.85682337890519,1,5.5,102.61050271033608,4.377680196883321,26.92,955.27,87.7,0
Kulthi,Red and Yellow soils,4.874093193902079,0,6.1,58.01984131719706,1.2796791167350348,20.37,830.48,81.48,0
summer paddy,Laterite soils,90.855464380136,0,5.81,88.93461010502237,2.2896711723008787,23.33,934.49,80.33,0
summer paddy,Black soils,60.308079523188816,0,6.88,43.46443527108601,3.000106367186519,27.21,898.81,79.66,0
Moong,Laterite soils,75.26532755569725,1,5.79,43.65731320402202,3.3010974637817863,27.53,953.12,66.31,0
Jwar,Alluvial soils,25.85682337890519,1,5.5,102.61050271033608,4.377680196883321,26.86,960.56,82.57,0
Urd,Alluvial soils,37.78258122050927,1,5.91,46.08242628582618,2.6125853106729853,27.93,873.76,69.57,0
Maize,Black soils,73.32267007953085,0,6.06,47.49317757286676,0.6835265598024884,23.41,826.26,71.71,0
summer paddy,Laterite soils,57.82058689786627,0,5.93,53.81319082011551,2.8357837897845606,20.97,886.01,72.74,0
Tiwra,Laterite soils,41.61828535466275,1,6.19,25.379723997991185,4.950763297623329,24.85,941.3,67.25,0
Tiwra,Red and Yellow soils,49.47275930960727,1,6.93,64.97986652212177,4.40748983958334,24.53,759.38,85.18,0
Jwar,Alluvial soils,87.5833721223469,0,6.38,73.36725049269779,3.5742192788952645,28.37,873.25,65.17,0
Groundnut,Red and Yellow soils,44.10436539094836,0,5.86,191.6079760172045,1.0565774612663703,22.76,901.77,74.91,0
Niger,Black soils,2.645006445988896,0,5.82,149.7523142684901,3.7486793601665775,27.47,904.08,74.36,0
Pea,Laterite soils,23.804071407579336,1,6.37,131.24557260272172,3.669244395754899,28.57,872.1,85.23,1
Millets,Black soils,85.5878730724342,1,6.3,61.37039983559247,3.7262686183632985,26.58,925.12,78.59,0
Rice,Alluvial soils,54.82894674818631,0,6.22,199.60504257664195,1.60459882847338,20.88,953.8,65.03,0
Jwar,Black soils,6.792207993494205,1,5.78,141.9426703662678,3.0373075279627453,27.5,856.22,85.39,0
Wheat,Red and Yellow soils,45.9958564972776,0,6.33,199.4706146791189,3.097939236387041,28.07,946.33,64.22,0
Millets,Red and Yellow soils,60.97944387000568,0,6.53,183.50464510721,2.1363469721664288,29.14,815.92,70.51,0
Moong,Red and Yellow soils,9.326065442028998,0,6.71,172.44853243892462,3.156078875040973,22.61,821.72,72.84,0
Tiwra,Laterite soils,44.157514598221695,0,6.15,20.786220688080256,4.760647059177217,21.67,861.01,69.11,0
Jwar,Red and Yellow soils,81.05182096520964,1,5.5,198.10884266676885,4.3258916692421066,23.7,843.88,70.69,1
Moong,Black soils,75.01023382812153,1,6.79,27.654315800797047,2.046099335099027,29.2,875.92,64.52,0
Wheat,Alluvial soils,86.71163811325147,1,6.1,54.94653337104506,3.359167289944513,29.53,859.41,79.88,1
Mustard,Laterite soils,95.8059931058451,0,5.62,103.02761838487882,4.034661034793127,22.33,895.05,60.0,0
Arhar,Alluvial soils,91.85485510003234,0,6.15,76.53287840752338,1.2994679672213083,28.04,818.02,80.83,0
Arhar,Alluvial soils,40.59763875962707,1,5.5,154.16751398387302,1.6967064291359415,27.99,945.59,75.96,1
Tiwra,Alluvial soils,28.87196897058254,0,6.82,17.161441426265586,4.476599320211214,30.0,881.37,71.89,0
Rice,Red and Yellow soils,7.996150840499768,0,6.76,73.07030318124619,1.7926143362906817,26.66,856.07,76.36,0
Til,Red and Yellow soils,85.94972915026943,1,5.5,124.22027903539907,4.9855581453472375,20.35,843.0,78.66,1
Rice,Black soils,52.65669190477372,1,6.18,134.8384120738132,3.631008437924299,30.0,853.33,62.22,1
Til,Alluvial soils,25.073589779047172,0,6.87,173.56684832753513,0.5153972218655465,25.17,911.21,67.68,0
Jwar,Laterite soils,20.52338382586908,0,6.97,39.04821267421946,2.0258284690301904,23.02,910.42,74.41,0
Niger,Red and Yellow soils,16.887171155387144,1,5.83,22.167450486029797,2.846606265660132,28.07,925.64,71.19,0
Jwar,Red and Yellow soils,61.33138378263416,0,6.24,131.90345014994583,3.0456960700275504,20.0,839.59,80.02,0
Masoor,Black soils,57.674849565932185,0,6.19,50.45115979273248,1.5982455206728323,23.11,969.62,64.66,0
Pea,Red and Yellow soils,77.1904149781785,1,6.26,159.6942075375746,3.61915464017993,25.17,927.09,64.75,1
Urd,Alluvial soils,3.862270503389171,0,6.95,55.87963143873647,4.218136005495886,20.0,884.51,87.77,0
Soybean,Black soils,39.78177453222698,0,5.5,94.97051601405003,2.865401887107058,24.8,965.88,69.45,0
Rice,Red and Yellow soils,65.11829897838918,0,6.66,175.61385743537613,1.910934434431556,27.33,840.46,70.8,0
Mustard,Laterite soils,2.422650386748149,1,5.86,50.003662732995785,1.3339062519960363,27.87,905.73,63.2,1
Niger,Red and Yellow soils,30.05926746262701,0,5.92,171.41131547239257,3.621531844526511,29.49,946.23,65.25,0
summer paddy,Laterite soils,68.33971322490649,1,6.57,21.80492518759846,3.622176401026044,22.47,928.08,75.0,0
Jwar,Black soils,57.1131845366664,0,6.03,85.61927717435609,3.85322871870764,25.76,834.55,60.0,0
Kulthi,Black soils,67.84108048066902,1,6.63,44.23042527392003,2.349613359680567,21.33,878.85,79.9,0
Soybean,Alluvial soils,45.929950244441066,1,6.54,146.06295145488895,4.868631700892124,28.33,901.69,72.61,0
Mustard,Black soils,8.188474407011933,1,7.0,47.59586392867045,2.8105878706836,20.0,893.91,65.55,0
Tiwra,Laterite soils,44.157514598221695,0,6.43,20.786220688080256,4.760647059177217,21.55,903.13,72.2,0
summer paddy,Alluvial soils,49.74984625046088,1,6.84,177.06316827987376,3.0524203994909347,20.9,796.39,82.67,1
Urd,Black soils,11.274410889490516,0,6.8,112.43829037819636,4.276394728505107,29.21,856.7,80.38,0
Jwar,Red and Yellow soils,14.921019331346107,0,5.85,199.58265014089395,3.3401633423800927,22.01,824.6,83.27,0
Tiwra,Laterite soils,99.79302285723834,1,6.3,28.356863022535748,2.7788430905388597,26.36,837.72,89.74,0
summer paddy,Laterite soils,34.066071163832795,1,6.34,149.23083239700463,4.611200027303879,27.36,899.63,77.02,1
Tiwra,Alluvial soils,42.73461385557504,1,6.48,46.60885970748865,2.3240919163041704,28.42,857.12,72.13,0
Urd,Red and Yellow soils,22.62538625387936,1,5.97,187.4545404933927,3.635494046187656,23.02,953.56,81.25,0
Niger,Black soils,56.17716140693022,1,6.59,42.88801275230651,2.992074792161899,27.22,889.97,68.19,0
Millets,Black soils,6.907493912567169,0,7.0,84.40519823967013,2.862263975769026,26.34,866.26,83.85,0
Maize,Laterite soils,59.61861413363324,1,5.66,135.50678958732516,2.9379073788004195,23.62,891.14,80.96,1
Tiwra,Alluvial soils,28.87196897058254,0,6.79,17.161441426265586,4.476599320211214,28.94,936.74,68.49,0
Moong,Alluvial soils,40.61480583667867,1,6.01,166.39544242161517,4.281051864970563,28.65,960.28,63.77,1
Gram,Red and Yellow soils,19.447014158096326,0,6.84,144.3782799628782,2.1302329607260293,28.19,872.65,87.87,0
Niger,Laterite soils,14.75564765833209,1,5.6,43.53470873409088,3.958799053421168,30.0,883.73,80.02,0
Pea,Alluvial soils,63.2123421474168,1,6.24,30.08992185887418,2.1099619017340947,28.19,907.41,60.25,0
Niger,Alluvial soils,40.72168891707997,1,6.53,64.74785133657514,2.41594149570782,25.33,827.1,75.34,1
Soybean,Alluvial soils,1.0845160463029235,0,5.77,132.15140054930788,1.295639412046346,23.43,906.09,86.97,0
Pea,Alluvial soils,34.82813570853206,1,6.83,39.67680173556278,0.8048689074476658,29.0,812.01,71.74,0
Mustard,Red and Yellow soils,67.90567177519311,0,6.91,184.57009859164535,2.8827361969169605,24.58,882.23,85.13,0
Kulthi,Red and Yellow soils,71.95464735059075,0,6.88,143.26123077544585,2.2065192855643185,25.48,798.92,81.43,0
Rice,Laterite soils,25.09494464680028,1,6.26,157.04690334075116,1.926924601319298,22.55,905.97,87.91,1
Urd,Red and Yellow soils,80.12909695909734,0,6.81,70.99504826835619,4.201089365152599,29.85,874.08,85.57,0
Groundnut,Red and Yellow soils,38.75737864428302,0,6.98,87.85159170492055,4.987331613193882,30.0,792.68,63.37,0
Tiwra,Laterite soils,46.4327359055748,0,6.63,65.38166189792891,1.8247075099447776,24.97,930.68,76.82,0
Gram,Alluvial soils,96.9050114005799,0,6.66,122.13502087504426,2.056511701070491,21.45,821.94,90.0,0
Tiwra,Laterite soils,87.1125768798161,0,5.75,155.6761395244254,3.972236580663137,30.0,951.59,67.92,0
Groundnut,Alluvial soils,51.66383286816028,0,6.33,98.78595372126168,1.518977035891242,22.54,870.32,70.9,0
Rice,Black soils,5.27909199036012,1,6.86,172.95426825777906,0.8633173028000611,21.29,927.39,60.0,1
Mustard,Laterite soils,3.375598634207229,0,6.86,155.35234889949072,4.286214413194463,23.04,838.49,68.02,0
Pea,Alluvial soils,30.453837006264006,0,5.64,185.93651068955492,1.0198778892903464,29.72,833.0,79.5,0
Til,Alluvial soils,74.9101007065359,0,6.33,139.00895124661432,4.160729142666699,25.43,931.57,89.71,0
Arhar,Alluvial soils,91.85485510003234,0,6.12,76.53287840752338,1.2994679672213083,30.0,825.37,81.3,0
Pea,Red and Yellow soils,14.258821823399837,1,6.46,181.6323051076012,4.302368943900499,27.81,807.07,64.73,1
Maize,Alluvial soils,84.40064941289427,0,6.66,117.3407974676231,2.5830017311527627,28.9,891.25,89.03,0
Mustard,Black soils,48.223606509415184,0,5.5,42.21612474828965,3.626063543977249,25.78,875.97,77.44,0
Pea,Red and Yellow soils,14.258821823399837,1,6.55,181.6323051076012,4.302368943900499,25.23,828.28,67.71,1
Tiwra,Black soils,51.6709483055929,0,7.0,135.42477390060515,3.1134728386348294,22.97,909.03,82.19,0
Jwar,Red and Yellow soils,14.921019331346107,0,5.89,199.58265014089395,3.3401633423800927,23.04,952.58,86.63,0
Tiwra,Alluvial soils,28.87196897058254,0,6.97,17.161441426265586,4.476599320211214,28.48,847.55,66.66,0
Masoor,Black soils,32.78096124453907,1,5.94,155.80477364636056,4.464364499262837,28.02,935.77,87.22,1
Millets,Black soils,51.93747983054598,1,5.81,147.6076818611602,3.4815759318038104,22.76,941.79,83.82,1
Tiwra,Black soils,51.6709483055929,0,6.86,135.42477390060515,3.1134728386348294,22.13,826.86,86.45,0
Gram,Black soils,60.6590114165344,0,5.64,89.25746879492321,4.041605590451173,24.26,875.89,87.13,0
Urd,Laterite soils,66.47259153046967,1,6.69,141.76502902740526,2.4215107907859093,30.0,931.43,71.77,1
Moong,Black soils,66.35159251639024,0,6.01,154.92011886243904,4.532794847215374,27.74,820.87,66.34,0
Til,Red and Yellow soils,63.93819639548853,1,6.13,86.5501462725284,0.8314949690878561,26.61,954.12,70.19,1
Urd,Red and Yellow soils,21.596618772360653,1,7.0,136.9355851898517,2.343072110888093,22.31,788.72,90.0,1
Moong,Laterite soils,75.26532755569725,1,6.12,43.65731320402202,3.3010974637817863,30.0,959.22,63.16,0
Tiwra,Laterite soils,77.41000299816143,0,5.73,102.68567704073148,4.5790889615245725,20.0,880.7,60.0,0
Groundnut,Laterite soils,81.6554741475988,1,7.0,86.15027954705378,1.14379756440237,25.23,874.59,77.19,1
Pea,Laterite soils,13.913505998801302,1,6.03,198.6012534110168,2.571015400924413,26.41,815.84,66.73,1
Rice,Black soils,68.42984036578169,0,6.35,121.15296547268264,2.6923847070482827,30.0,778.33,89.62,0
Arhar,Laterite soils,70.69460626460166,0,6.6,128.31657060515244,4.766392383485942,25.75,823.1,90.0,0
Tiwra,Laterite soils,99.79302285723834,1,6.17,28.356863022535748,2.7788430905388597,24.4,783.85,90.0,0
Millets,Laterite soils,48.74312011750155,0,5.8,120.33880048951929,2.4768589850115967,20.63,830.32,74.43,0
Maize,Alluvial soils,84.40064941289427,0,7.0,117.3407974676231,2.5830017311527627,28.13,901.36,89.35,0
Jwar,Red and Yellow soils,14.921019331346107,0,6.14,199.58265014089395,3.3401633423800927,23.24,943.64,87.72,0
Kulthi,Laterite soils,31.16493766854265,0,6.55,37.76578110224007,3.3810076514253757,21.67,885.35,68.85,0
Moong,Black soils,75.01023382812153,1,6.98,27.654315800797047,2.046099335099027,29.32,771.87,69.63,0
Til,Black soils,46.52242066000872,0,5.68,142.37837594275828,2.13191427436652,26.75,963.22,60.11,0
Tiwra,Laterite soils,60.57467976893646,1,6.2,164.37331614576615,2.163674478018338,24.96,857.7,67.8,0
Urd,Alluvial soils,18.245949358971803,1,6.18,144.86143436361849,4.22251584341133,27.35,853.57,66.12,1
Soybean,Laterite soils,13.10812731307866,1,5.88,178.12965587280345,2.260207718353315,29.44,821.05,76.57,1
Maize,Red and Yellow soils,60.85170379581952,1,6.18,154.7840778557563,1.2002355013252552,22.93,919.52,70.87,1
Jwar,Laterite soils,83.27429064883648,1,6.02,66.97405545052723,4.904528295647274,26.43,894.82,64.79,1
summer paddy,Black soils,60.308079523188816,0,6.71,43.46443527108601,3.000106367186519,27.03,844.05,84.66,0
Urd,Red and Yellow soils,80.12909695909734,0,7.0,70.99504826835619,4.201089365152599,28.24,805.37,86.75,0
Maize,Alluvial soils,34.904783067347054,0,7.0,17.703829613210928,0.5905315307981513,27.0,906.91,86.21,0
Jwar,Alluvial soils,77.34890187462672,0,6.1,187.39893140589743,4.13407204546712,22.26,882.91,62.17,0
Jwar,Laterite soils,85.67941919967865,1,5.56,155.92944761114924,4.804050202111057,30.0,849.64,67.43,1
Jwar,Black soils,6.792207993494205,1,6.05,141.9426703662678,3.0373075279627453,27.9,949.21,78.77,0
Niger,Red and Yellow soils,30.05926746262701,0,5.52,171.41131547239257,3.621531844526511,29.91,926.53,68.16,0
Mustard,Black soils,48.223606509415184,0,5.64,42.21612474828965,3.626063543977249,27.41,900.36,78.85,0
Wheat,Alluvial soils,86.71163811325147,1,5.89,54.94653337104506,3.359167289944513,28.12,876.57,84.08,1
Soybean,Red and Yellow soils,79.46057483174057,0,6.74,150.462155599481,3.444350816677973,21.47,776.03,89.64,0
summer paddy,Laterite soils,57.82058689786627,0,5.89,53.81319082011551,2.8357837897845606,20.41,879.68,76.65,0
Gram,Alluvial soils,6.631856397258757,1,6.34,199.531133950268,4.800063599754694,23.77,829.2,86.95,0
Til,Alluvial soils,85.22978983877745,1,5.72,14.770261505983694,1.7336147501948824,25.76,878.11,65.06,0
Til,Black soils,72.8747310808644,1,6.89,23.94593504567197,0.5056538319244093,21.43,795.51,86.08,0
Groundnut,Alluvial soils,77.64734025846953,1,6.76,30.1290536211666,2.4437057909109408,23.18,846.33,62.84,0
Til,Red and Yellow soils,83.59129485493202,0,6.39,36.09993908037054,0.925693566787786,24.13,897.78,64.08,0
Jwar,Black soils,43.34241591110462,0,6.09,55.8071284120974,4.114829632169133,21.79,935.83,86.23,0
Groundnut,Alluvial soils,76.89512894880215,0,6.57,111.20094863538525,4.241037869145725,20.0,897.14,70.98,0
summer paddy,Black soils,60.308079523188816,0,6.61,43.46443527108601,3.000106367186519,28.38,819.85,84.37,0
Jwar,Red and Yellow soils,54.09861316205604,1,5.5,43.55196900142567,2.5235327567755976,28.04,846.86,71.31,0
Millets,Laterite soils,43.23591197416306,1,6.99,119.119475832171,0.6911915449376529,25.5,816.11,68.98,1
Kulthi,Black soils,19.94313150748539,1,7.0,97.58946583215312,2.988773303025213,23.13,785.83,85.98,1
Jwar,Alluvial soils,50.27501027132872,0,6.61,103.71091740391591,4.248261783890516,23.73,937.75,62.84,0
summer paddy,Red and Yellow soils,39.66105407075501,0,6.27,35.35427059036928,1.3256422203939051,22.71,965.11,64.86,0
summer paddy,Laterite soils,34.066071163832795,1,6.42,149.23083239700463,4.611200027303879,28.65,878.4,76.84,1
Moong,Alluvial soils,42.49140354238396,0,6.07,56.1970084461051,2.8797560145626053,24.78,922.69,72.25,0
Jwar,Red and Yellow soils,54.09861316205604,1,5.5,43.55196900142567,2.5235327567755976,28.2,852.04,68.7,0
Kulthi,Black soils,5.487798902751413,0,5.94,116.7863204842874,2.954194231161236,24.23,845.45,63.25,0
Maize,Black soils,37.59082546376269,1,5.78,177.66269564708426,3.0725046924698143,22.89,893.61,77.43,0
Urd,Black soils,11.274410889490516,0,6.7,112.43829037819636,4.276394728505107,28.15,827.53,79.08,0
Tiwra,Red and Yellow soils,45.40305501460495,1,5.59,63.94801167122259,4.253171358306454,26.73,825.51,84.34,1
Til,Alluvial soils,95.1984444835079,0,6.33,142.64313814170387,3.0749607676792494,28.26,920.77,87.55,0
Jwar,Laterite soils,51.52716525625736,0,5.5,117.26931971045472,4.763386070226863,24.47,932.52,63.7,0
Til,Laterite soils,79.9474430875547,1,5.86,173.28889307383915,3.202864513601942,22.07,948.67,65.55,1
Gram,Alluvial soils,92.8493387422751,1,6.83,64.25799140275164,4.914860850641632,27.2,808.84,73.33,1
Millets,Laterite soils,57.962788657384245,1,5.98,176.98515468543576,1.3308049793192296,28.39,870.48,80.68,1
Masoor,Alluvial soils,88.17766186897569,0,5.55,13.862974164951854,3.4365674693025685,25.42,972.62,75.78,0
Wheat,Alluvial soils,67.4018482677936,0,5.77,27.39069849597884,4.906744463762068,21.51,976.85,61.53,0
Maize,Black soils,37.59082546376269,1,5.76,177.66269564708426,3.0725046924698143,22.32,849.48,80.47,0
Soybean,Laterite soils,13.10812731307866,1,5.58,178.12965587280345,2.260207718353315,29.63,852.24,79.67,1
Groundnut,Red and Yellow soils,38.75737864428302,0,6.84,87.85159170492055,4.987331613193882,30.0,836.08,60.0,0
Masoor,Red and Yellow soils,63.29267823677274,1,5.61,149.29521124251127,1.6236523171898996,20.73,908.17,62.04,1
Urd,Alluvial soils,61.5620526784047,1,5.9,104.44263990041502,2.5721342995786207,22.99,831.52,90.0,1
Pea,Alluvial soils,17.17303816819014,0,5.76,163.3134475429299,2.644391106796571,25.71,933.15,68.07,0
Rice,Black soils,52.65669190477372,1,6.11,134.8384120738132,3.631008437924299,30.0,944.36,66.03,1
Moong,Laterite soils,66.7431644007017,1,6.09,36.37326995857885,1.941595947520944,23.33,851.92,73.28,0
Rice,Laterite soils,7.142480781761127,0,6.14,145.4650010321932,2.084973135653419,23.53,899.22,72.01,0
Urd,Black soils,11.274410889490516,0,6.9,112.43829037819636,4.276394728505107,26.57,835.36,80.58,0
Gram,Red and Yellow soils,34.74768672244927,1,6.38,33.58119022402276,1.9181663035284728,29.15,848.62,62.47,0
Tiwra,Alluvial soils,42.73461385557504,1,6.67,46.60885970748865,2.3240919163041704,27.86,936.27,72.55,0
Jwar,Laterite soils,92.81866674409925,1,6.25,159.32913111736443,4.144766898974626,21.58,800.59,78.38,0
Kulthi,Laterite soils,97.05327118037404,1,6.64,33.70437264492988,4.118308574057645,26.37,934.92,74.23,0
Pea,Black soils,35.50207418332751,0,5.97,155.1924950643728,4.558757044762429,28.48,903.34,73.48,0
Moong,Red and Yellow soils,9.326065442028998,0,6.83,172.44853243892462,3.156078875040973,23.47,894.93,77.08,0
Millets,Black soils,15.194191435755716,1,6.09,139.19187074455024,2.3495259339216563,30.0,934.99,70.46,1
Groundnut,Alluvial soils,77.64734025846953,1,6.77,30.1290536211666,2.4437057909109408,23.36,804.39,63.64,0
Tiwra,Laterite soils,83.03751864098753,0,5.87,103.43937315702806,4.951128879703812,28.29,969.17,74.88,0
Rice,Black soils,5.27909199036012,1,6.84,172.95426825777906,0.8633173028000611,20.65,830.31,62.5,1
Gram,Red and Yellow soils,34.74768672244927,1,6.4,33.58119022402276,1.9181663035284728,29.97,923.77,62.98,0
Millets,Alluvial soils,95.28279889194648,1,6.35,29.144702967043564,4.024157339354911,22.16,930.6,67.01,0
Soybean,Laterite soils,82.5219028825696,1,6.24,120.98570933252736,1.84204637395397,24.1,899.06,86.45,1
Gram,Red and Yellow soils,19.447014158096326,0,6.69,144.3782799628782,2.1302329607260293,29.18,830.54,84.95,0
summer paddy,Black soils,8.760454270055591,0,5.98,159.97290035688565,2.4566092291501533,26.04,913.47,69.91,0
Rice,Laterite soils,7.142480781761127,0,6.08,145.4650010321932,2.084973135653419,25.05,868.51,66.58,0
Tiwra,Red and Yellow soils,36.11241183442073,0,5.88,127.43746461709286,3.6934087696499662,29.53,960.19,60.57,0
Niger,Black soils,37.31419938079141,1,7.0,132.93729695324475,2.649581196463151,25.34,832.75,84.7,1
summer paddy,Alluvial soils,92.14077589708448,0,5.61,37.26311684885115,2.4051624361938035,21.23,952.59,77.72,0
Tiwra,Black soils,94.76385180041332,0,6.76,110.7678118617717,0.8166051320582242,27.43,766.25,89.69,0
Mustard,Laterite soils,95.8059931058451,0,5.79,103.02761838487882,4.034661034793127,20.19,867.39,60.22,0
Til,Black soils,58.53364358235279,1,6.78,199.36210175604907,0.7934570356250641,28.39,912.32,76.65,1
Soybean,Alluvial soils,73.18122507589274,0,5.6,84.15235572039454,4.546057014434088,23.13,861.34,85.55,0
summer paddy,Laterite soils,90.855464380136,0,5.5,88.93461010502237,2.2896711723008787,24.34,968.36,80.23,0
Gram,Red and Yellow soils,34.74768672244927,1,6.75,33.58119022402276,1.9181663035284728,29.92,880.8,62.14,0
summer paddy,Black soils,8.760454270055591,0,5.63,159.97290035688565,2.4566092291501533,25.94,919.21,65.66,0
Rice,Alluvial soils,54.82894674818631,0,6.25,199.60504257664195,1.60459882847338,22.65,860.97,65.46,0
Jwar,Red and Yellow soils,69.32300344575232,0,6.92,63.73200903681688,0.6010337902162692,28.1,820.24,84.31,0
Til,Laterite soils,60.02344822552675,0,6.37,196.68461063428768,1.6314438342398223,30.0,867.71,72.17,0
Masoor,Red and Yellow soils,79.30084242753477,1,6.84,11.043366165214929,1.7972285602299596,21.19,824.48,62.81,0
Niger,Black soils,41.408301825253936,1,6.11,31.68152038748095,2.551580468611744,21.66,969.05,63.61,0
Urd,Laterite soils,66.47259153046967,1,6.55,141.76502902740526,2.4215107907859093,30.0,892.53,69.64,1
Kulthi,Alluvial soils,17.77720417995551,1,6.88,186.6233951811228,2.9967585527538096,21.32,897.79,63.14,1
Moong,Black soils,66.35159251639024,0,5.98,154.92011886243904,4.532794847215374,26.34,888.17,66.97,0
Pea,Red and Yellow soils,32.745807896062146,1,6.1,26.481396356110054,4.152733501535543,25.47,906.64,86.24,0
Maize,Red and Yellow soils,83.97676737225935,0,5.7,174.8228236194111,1.95984723189331,24.24,872.68,86.49,0
Gram,Black soils,78.84309895532813,1,6.12,101.37659921705163,0.5595492491183836,20.72,887.89,76.06,0
Niger,Alluvial soils,40.72168891707997,1,6.31,64.74785133657514,2.41594149570782,22.58,873.37,76.59,1
Soybean,Red and Yellow soils,64.9013741262986,0,5.86,175.0559582444221,3.45476106865228,21.64,856.46,74.41,0
Maize,Red and Yellow soils,60.85170379581952,1,6.3,154.7840778557563,1.2002355013252552,24.81,879.18,68.23,1
Niger,Black soils,41.79287336304921,0,6.88,54.696853754845804,1.7969102556076575,23.88,868.58,72.89,0
Mustard,Black soils,83.04704930059059,1,6.73,164.2968639673771,3.2910142681176096,21.69,800.31,87.89,1
Urd,Black soils,30.25969736488654,0,5.83,28.04568065397041,1.8011830369833524,27.53,923.04,83.63,0
Pea,Alluvial soils,16.94988061339748,1,6.92,184.5564527018232,4.554417666294789,25.72,865.51,67.88,1
Niger,Black soils,41.408301825253936,1,6.48,31.68152038748095,2.551580468611744,22.77,926.92,65.9,0
Wheat,Laterite soils,92.6074773325522,1,5.86,171.06465646258272,1.1677687279613973,23.89,925.27,77.16,1
Mustard,Red and Yellow soils,47.35020570684794,1,6.88,14.979387934802954,2.7212244906205534,23.12,862.82,72.23,0
Moong,Alluvial soils,40.61480583667867,1,5.82,166.39544242161517,4.281051864970563,29.71,953.42,60.0,1
Gram,Black soils,7.859205242978358,0,6.49,59.29153611037987,1.2925953541039088,23.1,792.13,73.07,0
Pea,Red and Yellow soils,14.258821823399837,1,6.5,181.6323051076012,4.302368943900499,27.04,881.18,65.81,1
Arhar,Alluvial soils,84.94829653763078,0,6.51,148.30405234987228,2.085751113035552,25.37,819.46,75.11,0
Tiwra,Black soils,63.70051960241635,1,6.45,78.64897896002441,4.51494091656409,20.49,773.52,90.0,0
Gram,Black soils,60.6590114165344,0,5.65,89.25746879492321,4.041605590451173,24.01,820.21,87.59,0
Tiwra,Black soils,94.76385180041332,0,6.52,110.7678118617717,0.8166051320582242,28.68,785.49,84.66,0
Jwar,Alluvial soils,21.797420722217726,0,6.63,83.75345151111428,2.0437014769879367,27.0,845.27,90.0,0
Maize,Black soils,19.410359181755048,0,5.62,167.23117270851932,4.392858700280796,26.39,942.26,60.0,0
Arhar,Alluvial soils,16.947340444794044,0,6.96,115.46353355361116,3.294811394244745,22.52,907.98,71.85,0
Moong,Laterite soils,4.258463097456195,0,5.61,181.9289995636216,3.8846723421151497,25.98,836.97,78.71,0
Gram,Alluvial soils,96.98944330900548,0,6.62,18.44939670465994,1.562279272549458,22.96,852.6,73.44,0
Jwar,Laterite soils,83.27429064883648,1,5.97,66.97405545052723,4.904528295647274,26.65,823.99,64.35,1
Soybean,Black soils,98.59433372410363,0,5.69,78.26901572028348,4.212803098596902,26.15,840.75,68.47,0
Tiwra,Red and Yellow soils,97.38715723126916,1,6.43,137.4889698215875,2.0734056158904988,24.48,853.55,86.71,1
Wheat,Alluvial soils,86.71163811325147,1,5.94,54.94653337104506,3.359167289944513,28.49,860.63,82.66,1
Til,Alluvial soils,48.12232243119416,1,5.76,159.19400511003866,4.48088955820164,20.0,941.86,73.38,1
Maize,Red and Yellow soils,73.05988458504615,0,7.0,100.07917652497429,3.303778717019921,20.0,874.59,69.21,0
Groundnut,Alluvial soils,51.66383286816028,0,6.28,98.78595372126168,1.518977035891242,22.02,813.63,64.31,0
Groundnut,Black soils,13.083322941050284,0,6.04,85.59418473765709,3.41430524157662,24.81,857.32,65.71,0
Gram,Black soils,18.54638357946299,1,5.68,34.31846563723244,1.5054079551932045,24.83,853.1,66.82,0
Jwar,Black soils,13.99127022595174,1,6.26,96.4732462540386,1.8688803337971989,22.07,872.76,72.17,1
Millets,Alluvial soils,3.618996042561992,0,6.11,195.20677589698155,0.9929670665083924,27.0,858.1,88.03,0
Mustard,Laterite soils,71.43977713087003,0,5.78,192.4061665391249,2.318230840930169,21.03,868.91,79.61,0
Millets,Laterite soils,43.90448238355727,0,5.86,165.51927153855505,0.5251230931434431,20.31,948.01,64.57,0
Groundnut,Black soils,13.083322941050284,0,6.03,85.59418473765709,3.41430524157662,24.63,876.99,64.26,0
Maize,Alluvial soils,25.96962093356883,0,5.5,159.78724651759555,2.4066244155234733,20.0,981.07,69.63,0
Urd,Alluvial soils,18.245949358971803,1,6.51,144.86143436361849,4.22251584341133,28.2,816.92,71.49,1
Kulthi,Black soils,93.64418332139984,1,5.83,135.85787194702743,2.7374408939283854,30.0,827.67,88.61,1
Til,Black soils,58.53364358235279,1,7.0,199.36210175604907,0.7934570356250641,30.0,917.2,78.59,1
summer paddy,Alluvial soils,68.88862950071787,1,6.06,73.83428244149384,0.5966557233781861,27.07,885.29,75.22,1
Niger,Black soils,56.17716140693022,1,6.89,42.88801275230651,2.992074792161899,25.83,829.85,68.76,0
Jwar,Laterite soils,85.67941919967865,1,5.6,155.92944761114924,4.804050202111057,29.44,839.73,64.17,1
Millets,Alluvial soils,3.618996042561992,0,6.14,195.20677589698155,0.9929670665083924,28.14,791.64,84.53,0
Jwar,Alluvial soils,89.71217350262663,0,6.32,25.10256180019756,4.094914179917966,23.4,828.56,66.71,0
Pea,Red and Yellow soils,21.55979018755156,0,6.77,77.78609298703317,3.689048046868987,23.47,926.74,63.82,0
Pea,Alluvial soils,16.94988061339748,1,6.99,184.5564527018232,4.554417666294789,25.07,831.63,67.38,1
Maize,Alluvial soils,84.40064941289427,0,6.92,117.3407974676231,2.5830017311527627,29.01,763.96,89.38,0
Masoor,Red and Yellow soils,90.46926764515013,1,6.1,39.5265414675269,4.552431153446992,24.27,906.09,78.79,0
Maize,Black soils,19.463557757075588,0,6.87,125.4704718867283,2.598418486481846,22.6,816.86,75.26,0
summer paddy,Laterite soils,97.19340985732984,0,7.0,109.52068301196128,2.3271442877923745,28.62,878.67,67.09,0
Rice,Laterite soils,83.8775957011866,1,5.76,34.37576356945297,2.294909994831729,29.71,959.36,68.63,0
Millets,Red and Yellow soils,17.122970872144943,1,6.06,60.7652239322664,2.3761285663683043,26.33,910.97,74.9,1
Millets,Black soils,3.6021924614231,0,6.35,20.467091914049288,0.5161914575404415,27.03,891.1,78.08,0
Urd,Black soils,24.427711240308238,0,5.93,40.40200266895553,4.121770237149953,24.9,808.18,90.0,0
Gram,Alluvial soils,11.03940647751555,0,6.81,53.34742166871745,2.74635152842651,25.59,866.41,69.13,0
Pea,Alluvial soils,30.453837006264006,0,5.5,185.93651068955492,1.0198778892903464,28.37,842.23,79.83,0
Moong,Laterite soils,75.26532755569725,1,5.66,43.65731320402202,3.3010974637817863,29.37,849.47,63.98,0
Arhar,Red and Yellow soils,89.63418660147754,0,5.87,197.40269607320457,2.917209527133356,23.42,820.78,74.52,0
Kulthi,Laterite soils,67.55487925578505,0,7.0,79.33838476518439,4.877362795825739,27.42,894.99,90.0,0
Millets,Black soils,51.93747983054598,1,6.04,147.6076818611602,3.4815759318038104,22.23,878.8,83.0,1
Til,Black soils,72.8747310808644,1,6.73,23.94593504567197,0.5056538319244093,20.0,847.25,81.35,0
Millets,Alluvial soils,11.562316984377864,1,6.08,36.32941582572472,4.6043699786807775,25.09,973.59,66.3,0
Mustard,Alluvial soils,5.985936900346184,1,5.5,55.23498004685733,0.9143669321101572,24.67,997.94,64.59,1
Jwar,Alluvial soils,33.52139305008494,1,6.17,170.24519022942422,1.7358279923002595,24.51,826.07,62.24,1
Groundnut,Laterite soils,73.65874563961616,0,6.09,22.36466943541153,2.773808931043931,24.37,887.04,60.0,0
Tiwra,Laterite soils,77.41000299816143,0,5.72,102.68567704073148,4.5790889615245725,20.0,972.09,63.11,0
summer paddy,Black soils,8.760454270055591,0,5.99,159.97290035688565,2.4566092291501533,28.52,874.29,64.03,0
Jwar,Black soils,28.67326065577008,0,6.06,62.69765596562617,3.9383874571860433,22.54,883.86,76.18,0
Groundnut,Red and Yellow soils,44.10436539094836,0,5.5,191.6079760172045,1.0565774612663703,22.19,977.7,68.6,0
Maize,Black soils,37.59082546376269,1,5.92,177.66269564708426,3.0725046924698143,23.72,836.4,78.47,0
Til,Laterite soils,79.9474430875547,1,5.97,173.28889307383915,3.202864513601942,22.51,886.74,60.68,1
summer paddy,Red and Yellow soils,39.66105407075501,0,6.64,35.35427059036928,1.3256422203939051,21.26,794.4,66.34,0
summer paddy,Laterite soils,68.33971322490649,1,6.8,21.80492518759846,3.622176401026044,20.4,787.53,72.08,0
Jwar,Laterite soils,85.67941919967865,1,5.9,155.92944761114924,4.804050202111057,30.0,900.06,65.41,1
Wheat,Alluvial soils,86.71163811325147,1,5.98,54.94653337104506,3.359167289944513,29.17,866.66,76.4,1
summer paddy,Laterite soils,57.82058689786627,0,6.23,53.81319082011551,2.8357837897845606,20.0,814.21,74.62,0
Tiwra,Laterite soils,44.157514598221695,0,6.43,20.786220688080256,4.760647059177217,23.12,847.47,71.18,0
Jwar,Laterite soils,52.03647167552329,1,6.56,64.66675150721977,1.1856502725788038,28.23,944.43,61.52,1
Pea,Laterite soils,86.12529571965065,1,6.07,65.74792040384469,1.4305217882726928,26.46,945.83,90.0,1
Til,Laterite soils,79.9474430875547,1,5.88,173.28889307383915,3.202864513601942,23.14,862.76,60.0,1
Moong,Black soils,75.01023382812153,1,7.0,27.654315800797047,2.046099335099027,30.0,851.95,62.45,0
Mustard,Red and Yellow soils,63.63832068665308,0,6.46,88.53373490142508,1.9370490801246305,27.82,948.57,71.18,0
Pea,Red and Yellow soils,77.1904149781785,1,6.26,159.6942075375746,3.61915464017993,26.07,878.15,60.0,1
Gram,Alluvial soils,96.98944330900548,0,6.44,18.44939670465994,1.562279272549458,23.83,916.51,75.26,0
Arhar,Alluvial soils,91.85485510003234,0,6.11,76.53287840752338,1.2994679672213083,30.0,904.83,85.63,0
Soybean,Black soils,76.5747447185727,0,6.18,55.80956789226062,1.6624085030446671,20.89,795.02,90.0,0
Masoor,Alluvial soils,45.92043415033586,0,7.0,175.13241790304798,3.316894792035183,26.37,812.44,85.85,0
Kulthi,Black soils,23.189085786347796,0,5.95,189.8627111419892,2.7848888056767773,27.9,938.66,87.25,0
Til,Alluvial soils,20.130363157001845,1,6.03,96.39301275682372,3.99987462399122,26.7,961.46,64.7,1
Maize,Black soils,37.59082546376269,1,6.2,177.66269564708426,3.0725046924698143,22.79,820.06,77.83,0
Maize,Laterite soils,80.06913248485557,0,6.1,60.5239790933438,1.7659599285259715,28.52,956.87,66.49,0
Jwar,Red and Yellow soils,54.09861316205604,1,5.5,43.55196900142567,2.5235327567755976,27.16,857.75,72.78,0
Pea,Alluvial soils,34.82813570853206,1,7.0,39.67680173556278,0.8048689074476658,27.22,867.4,78.04,0
Rice,Alluvial soils,36.01014845087093,0,5.95,95.5705372998716,0.9837850209673618,22.68,928.35,74.52,0
Kulthi,Black soils,23.189085786347796,0,5.74,189.8627111419892,2.7848888056767773,30.0,883.0,87.79,0
Tiwra,Laterite soils,99.79302285723834,1,6.26,28.356863022535748,2.7788430905388597,24.31,840.68,89.96,0
Maize,Alluvial soils,14.964041185953416,1,7.0,139.1026557896301,1.843602189402552,26.3,833.13,68.05,1
Til,Black soils,85.01927690614711,0,6.67,142.2143460301832,3.3364185717505808,20.0,874.64,75.63,0
Moong,Red and Yellow soils,9.326065442028998,0,6.67,172.44853243892462,3.156078875040973,23.63,840.3,73.36,0
Wheat,Laterite soils,7.276797004040833,0,6.2,117.16853925930828,3.99316410162361,25.58,881.1,82.58,0
Masoor,Red and Yellow soils,84.52316916652465,1,6.01,136.06206737070266,3.720799011587236,24.72,852.9,73.6,1
Jwar,Red and Yellow soils,28.76255629578411,1,6.09,177.41725250309972,0.8627567390016935,24.71,879.47,69.03,1
Masoor,Alluvial soils,45.62108056768259,0,6.39,174.13879435365195,4.357303858339503,25.64,909.58,60.26,0
summer paddy,Black soils,99.14865361366142,0,6.38,134.30705078512983,1.949386589804747,22.52,811.75,60.0,0
Mustard,Red and Yellow soils,47.35020570684794,1,6.76,14.979387934802954,2.7212244906205534,24.54,905.44,75.02,0
Maize,Red and Yellow soils,83.97676737225935,0,5.89,174.8228236194111,1.95984723189331,24.84,854.67,81.74,0
Soybean,Laterite soils,82.5219028825696,1,6.52,120.98570933252736,1.84204637395397,22.78,920.55,90.0,1
Pea,Red and Yellow soils,77.1904149781785,1,6.39,159.6942075375746,3.61915464017993,25.27,889.8,63.37,1
Millets,Alluvial soils,95.28279889194648,1,6.18,29.144702967043564,4.024157339354911,21.71,864.77,70.29,0
Groundnut,Alluvial soils,51.66383286816028,0,6.51,98.78595372126168,1.518977035891242,22.77,847.32,70.13,0
Til,Black soils,85.01927690614711,0,6.39,142.2143460301832,3.3364185717505808,21.09,885.1,80.45,0
Jwar,Laterite soils,51.52716525625736,0,5.5,117.26931971045472,4.763386070226863,26.58,984.8,62.61,0
Tiwra,Alluvial soils,42.73461385557504,1,6.59,46.60885970748865,2.3240919163041704,29.01,789.05,75.03,0
Mustard,Alluvial soils,2.3002039972834387,0,6.83,145.61959193869544,2.519545815592032,24.94,863.8,72.66,0
Jwar,Laterite soils,51.52716525625736,0,5.5,117.26931971045472,4.763386070226863,26.62,924.1,63.16,0
Groundnut,Alluvial soils,77.64734025846953,1,6.51,30.1290536211666,2.4437057909109408,23.15,861.25,60.18,0
Groundnut,Red and Yellow soils,38.75737864428302,0,6.89,87.85159170492055,4.987331613193882,30.0,904.6,62.12,0
summer paddy,Laterite soils,14.757076703479033,0,6.09,114.56572536211222,3.841667344001905,21.78,820.09,70.61,0
Soybean,Red and Yellow soils,64.9013741262986,0,5.9,175.0559582444221,3.45476106865228,24.06,848.05,75.49,0
Moong,Black soils,68.47419592831014,1,6.24,62.139746561585554,1.7248326329770518,26.63,853.04,69.8,0
Jwar,Laterite soils,92.81866674409925,1,5.95,159.32913111736443,4.144766898974626,22.23,926.68,75.45,0
Rice,Red and Yellow soils,7.996150840499768,0,6.9,73.07030318124619,1.7926143362906817,26.61,869.87,76.28,0
Gram,Red and Yellow soils,19.447014158096326,0,6.92,144.3782799628782,2.1302329607260293,28.16,780.21,82.41,0
Mustard,Laterite soils,74.33462632790453,0,6.76,23.998040737995492,3.3383635311434943,29.94,807.88,77.51,0
Tiwra,Black soils,51.6709483055929,0,6.94,135.42477390060515,3.1134728386348294,21.94,795.46,83.21,0
Masoor,Black soils,76.58104466203038,0,6.56,112.258823548082,0.8441663455221252,27.91,824.59,65.67,0
Tiwra,Laterite soils,41.61828535466275,1,6.61,25.379723997991185,4.950763297623329,25.89,801.88,62.52,0
Gram,Black soils,48.6773164556799,1,5.72,69.28313557959125,2.0201114088284804,23.58,902.56,76.84,1
Jwar,Laterite soils,92.81866674409925,1,6.11,159.32913111736443,4.144766898974626,21.92,830.19,77.88,0
Masoor,Black soils,95.87154982405876,1,6.66,129.9810832257704,0.5034414484512415,20.0,850.08,60.0,1
Kulthi,Black soils,67.84108048066902,1,7.0,44.23042527392003,2.349613359680567,23.46,778.34,77.77,0
Millets,Alluvial soils,66.1773521263443,1,6.35,121.45483757861142,4.880676349583943,23.68,831.83,70.65,1
Jwar,Alluvial soils,25.85682337890519,1,5.62,102.61050271033608,4.377680196883321,25.9,858.62,88.66,0
Jwar,Alluvial soils,3.1422931695712104,0,5.5,124.9568629244877,1.2982647039962512,27.24,869.97,81.07,0
Arhar,Laterite soils,70.69460626460166,0,6.26,128.31657060515244,4.766392383485942,24.79,889.28,85.14,0
Millets,Laterite soils,43.90448238355727,0,5.83,165.51927153855505,0.5251230931434431,21.93,902.24,66.57,0
Mustard,Laterite soils,2.422650386748149,1,5.7,50.003662732995785,1.3339062519960363,28.86,916.23,61.73,1
Tiwra,Red and Yellow soils,12.71408322731068,0,5.77,16.77495232897338,2.110155905799066,23.36,925.52,90.0,0
Pea,Black soils,96.80767801393904,0,6.55,195.8016411514046,1.166165615757137,24.29,852.2,75.69,0
Millets,Laterite soils,57.962788657384245,1,6.04,176.98515468543576,1.3308049793192296,28.57,808.51,81.05,1
Til,Laterite soils,89.66061130236088,0,5.85,138.96491601693197,2.999699639608014,27.64,898.33,89.95,0
Urd,Laterite soils,59.08990961897472,0,6.04,192.0845844938899,2.9650442270922275,24.73,844.21,64.19,0
Urd,Alluvial soils,37.78258122050927,1,5.77,46.08242628582618,2.6125853106729853,27.2,823.74,73.19,0
Millets,Black soils,46.115623150526005,1,6.63,177.58949627751142,1.0156582803711816,29.63,919.68,71.56,1
Wheat,Alluvial soils,91.05415430835896,0,6.95,160.42512776637145,0.6999369117890404,20.87,867.96,86.49,0
Gram,Red and Yellow soils,63.32634654351951,1,5.5,83.0836277339837,1.436439024649144,26.58,947.59,84.93,1
Til,Red and Yellow soils,63.93819639548853,1,5.9,86.5501462725284,0.8314949690878561,28.5,921.46,70.74,1
Tiwra,Alluvial soils,94.65421714056572,0,5.5,98.95128901135244,3.864899065380877,21.93,870.16,90.0,0
Niger,Alluvial soils,30.9149550672235,0,7.0,25.390180382606133,4.890082443067278,21.96,825.99,79.04,0
Til,Laterite soils,79.9474430875547,1,5.59,173.28889307383915,3.202864513601942,20.45,970.17,60.0,1
Til,Alluvial soils,48.12232243119416,1,5.76,159.19400511003866,4.48088955820164,20.52,915.26,74.62,1
Groundnut,Laterite soils,47.3154015978025,0,5.99,163.00709664528063,2.6080442594736524,22.3,855.23,64.35,0
Til,Black soils,46.52242066000872,0,5.77,142.37837594275828,2.13191427436652,24.98,885.21,60.0,0
Moong,Red and Yellow soils,40.84306264961799,1,6.5,123.39168044535634,4.282926461335064,25.5,860.8,67.05,1
Kulthi,Alluvial soils,54.81048353532652,1,5.69,24.193410570245213,4.594332152474536,25.78,960.6,65.59,0
Tiwra,Laterite soils,44.157514598221695,0,6.08,20.786220688080256,4.760647059177217,23.39,823.06,75.69,0
Maize,Red and Yellow soils,83.97676737225935,0,5.63,174.8228236194111,1.95984723189331,24.13,912.79,85.43,0
Gram,Alluvial soils,40.02287500376711,1,6.81,152.92792867079348,3.896782705565548,25.53,806.43,61.7,1
Soybean,Red and Yellow soils,3.422005573134409,1,6.56,184.83881346960908,0.628547000211728,28.32,937.91,62.46,1
Jwar,Alluvial soils,87.5833721223469,0,6.47,73.36725049269779,3.5742192788952645,29.2,906.6,60.0,0
Pea,Red and Yellow soils,77.1904149781785,1,6.13,159.6942075375746,3.61915464017993,26.59,865.65,64.22,1
Urd,Black soils,6.69515158775076,0,6.56,187.8070287106091,1.1930450406000916,22.63,793.66,67.8,0
Gram,Black soils,7.859205242978358,0,6.51,59.29153611037987,1.2925953541039088,22.62,811.39,71.49,0
Gram,Black soils,78.84309895532813,1,6.18,101.37659921705163,0.5595492491183836,20.77,814.47,76.14,0
Kulthi,Black soils,18.967225361011167,0,6.74,10.664611709977248,0.7513002185498734,22.1,804.51,60.0,0
Millets,Alluvial soils,43.70916466330876,1,5.61,39.41587779577248,2.043259526678144,25.42,889.55,87.74,0
Mustard,Black soils,83.04704930059059,1,6.76,164.2968639673771,3.2910142681176096,23.32,822.94,89.31,1
Wheat,Alluvial soils,19.530682289860536,0,5.95,40.60874305282016,2.7283560112256846,26.34,879.23,80.06,0
Jwar,Black soils,87.71268641532818,0,6.27,15.698221174437968,2.9018118843038945,23.17,932.51,85.53,0
summer paddy,Red and Yellow soils,23.656969306526207,1,7.0,160.81222387384514,2.887401159556615,29.02,893.67,62.78,1
Soybean,Laterite soils,13.10812731307866,1,5.6,178.12965587280345,2.260207718353315,28.25,840.08,78.19,1
Jwar,Black soils,65.54709453271963,1,6.26,14.774203291276631,4.843878235764788,26.56,819.69,78.15,0
Pea,Red and Yellow soils,57.89621108388996,1,6.15,140.3534641806105,3.0806227397827857,27.04,863.84,82.45,1
Jwar,Laterite soils,85.67941919967865,1,6.0,155.92944761114924,4.804050202111057,28.25,904.62,60.2,1
Maize,Black soils,37.59082546376269,1,6.06,177.66269564708426,3.0725046924698143,22.69,916.08,79.8,0
summer paddy,Red and Yellow soils,23.656969306526207,1,6.91,160.81222387384514,2.887401159556615,28.71,830.64,62.8,1
Pea,Alluvial soils,63.2123421474168,1,6.3,30.08992185887418,2.1099619017340947,26.44,941.04,62.37,0
Urd,Black soils,6.69515158775076,0,6.26,187.8070287106091,1.1930450406000916,24.47,824.37,69.3,0
Millets,Black soils,6.907493912567169,0,6.73,84.40519823967013,2.862263975769026,28.37,851.81,82.5,0
Pea,Laterite soils,23.804071407579336,1,6.11,131.24557260272172,3.669244395754899,26.65,802.85,78.89,1
Kulthi,Red and Yellow soils,4.874093193902079,0,5.91,58.01984131719706,1.2796791167350348,22.97,923.93,85.98,0
Maize,Red and Yellow soils,60.85170379581952,1,6.55,154.7840778557563,1.2002355013252552,23.26,896.86,68.48,1
Jwar,Alluvial soils,33.52139305008494,1,5.99,170.24519022942422,1.7358279923002595,24.96,827.13,62.32,1
Rice,Alluvial soils,55.7182474465031,0,6.17,34.65834578689061,2.032096363927362,29.41,936.29,60.51,0
Niger,Black soils,37.31419938079141,1,6.9,132.93729695324475,2.649581196463151,23.72,885.75,87.34,1
Mustard,Black soils,8.188474407011933,1,6.67,47.59586392867045,2.8105878706836,21.02,876.95,60.0,0
Moong,Red and Yellow soils,9.326065442028998,0,6.71,172.44853243892462,3.156078875040973,24.33,856.65,70.99,0
Moong,Laterite soils,15.751845797753464,1,6.5,116.91939141246866,1.6379793852651496,20.33,904.5,62.07,1
Mustard,Laterite soils,2.422650386748149,1,5.61,50.003662732995785,1.3339062519960363,27.65,973.21,66.14,1
Wheat,Red and Yellow soils,45.9958564972776,0,6.07,199.4706146791189,3.097939236387041,28.51,888.05,66.16,0
Rice,Alluvial soils,55.7182474465031,0,6.26,34.65834578689061,2.032096363927362,28.29,956.82,65.79,0
Tiwra,Black soils,63.70051960241635,1,6.8,78.64897896002441,4.51494091656409,20.42,760.94,86.72,0
Kulthi,Alluvial soils,54.81048353532652,1,6.08,24.193410570245213,4.594332152474536,25.24,969.8,66.4,0
Rice,Red and Yellow soils,94.9606118039142,0,5.54,54.1128672085785,1.619877527026648,23.4,906.41,64.35,0
Moong,Laterite soils,15.751845797753464,1,6.53,116.91939141246866,1.6379793852651496,22.17,851.95,65.39,1
Gram,Alluvial soils,92.8493387422751,1,6.49,64.25799140275164,4.914860850641632,29.54,847.61,75.41,1
Jwar,Alluvial soils,87.5833721223469,0,6.4,73.36725049269779,3.5742192788952645,27.9,808.89,64.95,0
Kulthi,Black soils,39.49071677717886,0,6.31,60.39751234176016,3.8970756841866954,27.96,901.48,70.69,0
Moong,Alluvial soils,26.489067920660645,1,5.82,57.774369919506846,4.0238207365493945,23.24,853.27,84.44,1
Masoor,Red and Yellow soils,90.46926764515013,1,6.0,39.5265414675269,4.552431153446992,24.47,931.18,78.81,0
Urd,Laterite soils,3.1424283074838835,1,6.01,78.7181102480801,3.652081641177272,28.52,813.16,87.77,1
Tiwra,Black soils,94.76385180041332,0,6.87,110.7678118617717,0.8166051320582242,27.4,903.26,86.79,0
Tiwra,Laterite soils,46.4327359055748,0,6.48,65.38166189792891,1.8247075099447776,25.87,895.16,79.17,0
Urd,Black soils,11.274410889490516,0,6.82,112.43829037819636,4.276394728505107,27.82,823.12,82.15,0
Gram,Alluvial soils,40.02287500376711,1,7.0,152.92792867079348,3.896782705565548,24.55,907.82,62.23,1
Urd,Red and Yellow soils,21.596618772360653,1,6.81,136.9355851898517,2.343072110888093,22.08,868.45,88.85,1
Moong,Laterite soils,47.72185492708941,0,7.0,108.96450143039937,2.7671496106270737,28.96,866.99,82.29,0
Moong,Alluvial soils,40.61480583667867,1,5.89,166.39544242161517,4.281051864970563,29.77,836.06,60.86,1
Gram,Red and Yellow soils,82.07588905682253,0,6.87,18.009491866681152,3.233362891898263,21.59,802.23,82.25,0
Kulthi,Black soils,39.49071677717886,0,6.27,60.39751234176016,3.8970756841866954,29.05,923.48,70.65,0
Pea,Laterite soils,13.913505998801302,1,6.06,198.6012534110168,2.571015400924413,25.54,895.33,66.8,1
Til,Black soils,85.01927690614711,0,6.45,142.2143460301832,3.3364185717505808,20.34,807.91,79.54,0
Urd,Laterite soils,3.1424283074838835,1,5.81,78.7181102480801,3.652081641177272,27.87,956.54,89.46,1
Millets,Laterite soils,40.123933186942935,1,5.69,78.28259692949361,2.6365415718597265,24.06,857.82,72.83,1
Rice,Laterite soils,83.8775957011866,1,5.5,34.37576356945297,2.294909994831729,27.42,921.68,68.46,0
Arhar,Alluvial soils,39.45787077617061,1,6.37,191.36893057921523,4.646728325885565,20.0,903.4,62.46,0
Urd,Laterite soils,59.08990961897472,0,6.01,192.0845844938899,2.9650442270922275,22.66,861.39,64.82,0
Pea,Red and Yellow soils,32.745807896062146,1,6.17,26.481396356110054,4.152733501535543,26.01,904.59,84.67,0
Pea,Red and Yellow soils,32.745807896062146,1,6.06,26.481396356110054,4.152733501535543,24.17,895.4,89.97,0
Jwar,Laterite soils,52.03647167552329,1,6.49,64.66675150721977,1.1856502725788038,29.41,941.48,63.74,1
Tiwra,Laterite soils,66.59744978514821,1,6.3,180.71957832423595,3.992147155611458,29.12,799.78,83.44,0
Kulthi,Laterite soils,31.16493766854265,0,6.48,37.76578110224007,3.3810076514253757,23.33,907.29,65.23,0
Masoor,Red and Yellow soils,42.05432526241285,0,7.0,90.60728467834542,3.089700259916918,24.45,900.4,64.88,0
Arhar,Laterite soils,96.60763642238672,0,6.75,133.99567920563555,1.2167870909791818,20.46,848.97,79.21,0
Mustard,Alluvial soils,2.3002039972834387,0,6.69,145.61959193869544,2.519545815592032,23.72,822.47,75.93,0
Wheat,Black soils,27.701983404171347,1,7.0,165.79370043835235,0.8135175506595091,27.0,884.05,85.26,1
Rice,Laterite soils,6.748270550218036,0,6.04,153.16939920228737,1.174174578363922,24.01,883.89,61.84,0
Wheat,Red and Yellow soils,58.75812809075228,0,5.72,61.15233492569079,2.7512492589727047,23.28,827.33,68.43,0
Millets,Black soils,6.907493912567169,0,6.64,84.40519823967013,2.862263975769026,26.01,881.28,83.05,0
Niger,Red and Yellow soils,16.887171155387144,1,5.93,22.167450486029797,2.846606265660132,26.96,864.64,72.89,0
Rice,Red and Yellow soils,94.9606118039142,0,5.66,54.1128672085785,1.619877527026648,22.48,851.14,60.32,0
Arhar,Black soils,58.272667448535096,0,5.72,146.75311324207283,0.571651324312384,20.0,969.19,64.18,0
Mustard,Black soils,19.12922251866725,1,5.61,103.50209792378745,2.617585675899809,28.38,852.45,67.77,0
Jwar,Alluvial soils,50.27501027132872,0,6.38,103.71091740391591,4.248261783890516,23.37,899.93,61.98,0
Masoor,Black soils,56.607644110296,0,6.26,14.313069493331705,2.07281804952572,28.49,854.22,70.66,0
Pea,Red and Yellow soils,43.446323388532846,0,7.0,141.32630646402174,3.2583353976805944,28.75,901.12,66.05,0
Masoor,Red and Yellow soils,15.573043648692993,0,5.5,40.394151236744186,2.3537196802479925,27.55,971.26,72.41,0
Pea,Laterite soils,23.44233244018282,0,5.93,87.75414749046334,4.298467138068505,21.87,920.01,90.0,0
Pea,Black soils,94.11254095151456,0,7.0,74.32011188400841,3.278071802192412,23.83,813.62,87.24,0
summer paddy,Alluvial soils,92.14077589708448,0,5.5,37.26311684885115,2.4051624361938035,22.1,952.65,76.32,0
Pea,Red and Yellow soils,77.1904149781785,1,6.32,159.6942075375746,3.61915464017993,25.46,847.49,64.93,1
Groundnut,Red and Yellow soils,36.53238610880504,0,7.0,92.22094687585086,0.9655793146476612,24.8,816.4,71.84,0
Gram,Black soils,60.6590114165344,0,5.87,89.25746879492321,4.041605590451173,24.04,933.39,84.59,0
Rice,Laterite soils,7.142480781761127,0,5.92,145.4650010321932,2.084973135653419,22.35,942.9,66.73,0
Pea,Alluvial soils,16.94988061339748,1,6.91,184.5564527018232,4.554417666294789,25.52,863.4,65.64,1
Rice,Alluvial soils,54.82894674818631,0,6.5,199.60504257664195,1.60459882847338,22.24,892.55,70.59,0
Maize,Black soils,37.59082546376269,1,5.8,177.66269564708426,3.0725046924698143,22.46,905.49,78.08,0
summer paddy,Alluvial soils,92.14077589708448,0,5.5,37.26311684885115,2.4051624361938035,20.38,956.7,79.9,0
summer paddy,Alluvial soils,68.88862950071787,1,6.27,73.83428244149384,0.5966557233781861,26.15,866.38,80.49,1
summer paddy,Black soils,60.308079523188816,0,6.84,43.46443527108601,3.000106367186519,26.91,890.94,81.66,0
Groundnut,Red and Yellow soils,38.75737864428302,0,6.8,87.85159170492055,4.987331613193882,30.0,903.96,61.77,0
Rice,Red and Yellow soils,62.88030372406628,0,6.33,69.50062910462015,4.898555948589926,23.49,832.15,74.96,0
Jwar,Alluvial soils,3.1422931695712104,0,5.5,124.9568629244877,1.2982647039962512,28.07,877.12,76.31,0
Mustard,Alluvial soils,2.3002039972834387,0,6.93,145.61959193869544,2.519545815592032,25.91,869.64,76.26,0
Masoor,Red and Yellow soils,63.29267823677274,1,5.85,149.29521124251127,1.6236523171898996,20.41,989.24,60.0,1
Millets,Black soils,85.5878730724342,1,6.16,61.37039983559247,3.7262686183632985,27.03,891.79,71.13,0
Moong,Laterite soils,66.7431644007017,1,6.0,36.37326995857885,1.941595947520944,23.4,943.47,79.55,0
Kulthi,Laterite soils,97.05327118037404,1,7.0,33.70437264492988,4.118308574057645,25.11,787.97,76.31,0
Soybean,Laterite soils,13.10812731307866,1,5.53,178.12965587280345,2.260207718353315,28.58,981.98,75.52,1
Tiwra,Red and Yellow soils,97.38715723126916,1,6.25,137.4889698215875,2.0734056158904988,24.17,918.69,85.23,1
Jwar,Alluvial soils,3.1422931695712104,0,5.56,124.9568629244877,1.2982647039962512,27.76,978.77,80.58,0
Niger,Black soils,41.79287336304921,0,6.9,54.696853754845804,1.7969102556076575,24.19,796.84,69.96,0
Pea,Red and Yellow soils,45.88200025350533,0,6.66,166.4197314414131,0.7604645881312596,25.23,809.18,72.11,0
summer paddy,Alluvial soils,92.14077589708448,0,5.5,37.26311684885115,2.4051624361938035,20.8,906.56,76.18,0
summer paddy,Red and Yellow soils,73.54687524942415,0,5.83,142.93725689571534,4.918276974920083,25.89,901.27,69.02,0
Pea,Red and Yellow soils,77.1904149781785,1,6.29,159.6942075375746,3.61915464017993,24.58,906.56,60.15,1
Arhar,Alluvial soils,57.32803334236286,1,7.0,178.80845618528306,2.3443978045744327,28.1,788.62,84.82,1
Groundnut,Alluvial soils,51.66383286816028,0,6.64,98.78595372126168,1.518977035891242,20.12,888.28,64.05,0
Kulthi,Laterite soils,97.05327118037404,1,6.72,33.70437264492988,4.118308574057645,25.94,827.95,78.65,0
Kulthi,Laterite soils,31.16493766854265,0,6.56,37.76578110224007,3.3810076514253757,22.62,829.67,67.26,0
summer paddy,Alluvial soils,7.078898910240252,1,5.82,133.05676737201873,2.8391106476553305,23.74,816.08,87.16,0
Millets,Black soils,49.27248131847189,0,6.2,53.90095521876777,1.2019846474142255,20.88,912.69,77.0,0
summer paddy,Alluvial soils,92.14077589708448,0,5.5,37.26311684885115,2.4051624361938035,21.07,846.56,78.02,0
Groundnut,Red and Yellow soils,96.74499664722,1,6.11,178.92269764733769,2.42511046193267,27.43,843.28,82.55,1
Gram,Red and Yellow soils,14.573215619358535,1,5.76,57.09839965697187,3.9514705976890343,26.42,838.07,86.46,0
Moong,Laterite soils,1.3350146708237651,0,6.15,27.21836674974315,4.5485522285277975,26.58,829.32,67.81,0
Kulthi,Black soils,64.62899831981025,0,6.58,83.52491651545493,1.5690018255421825,22.31,837.14,61.64,0
Tiwra,Red and Yellow soils,45.40305501460495,1,5.56,63.94801167122259,4.253171358306454,28.02,824.77,84.41,1
Jwar,Laterite soils,52.03647167552329,1,6.8,64.66675150721977,1.1856502725788038,27.29,890.53,68.29,1
Niger,Black soils,30.080933360930537,0,5.66,52.22680121536878,1.086363801815192,25.56,876.39,69.04,0
Jwar,Alluvial soils,3.1422931695712104,0,5.58,124.9568629244877,1.2982647039962512,27.29,836.8,79.94,0
Tiwra,Laterite soils,66.59744978514821,1,6.72,180.71957832423595,3.992147155611458,29.34,882.75,81.43,0
Kulthi,Laterite soils,6.566266666595126,1,6.78,182.44291675508293,2.3480193489739687,23.67,870.81,70.65,1
Niger,Red and Yellow soils,16.887171155387144,1,5.86,22.167450486029797,2.846606265660132,28.23,945.28,71.84,0
Arhar,Alluvial soils,57.32803334236286,1,7.0,178.80845618528306,2.3443978045744327,28.79,909.08,81.75,1
Niger,Laterite soils,14.75564765833209,1,5.72,43.53470873409088,3.958799053421168,27.71,817.89,84.29,0
Maize,Alluvial soils,84.40064941289427,0,6.58,117.3407974676231,2.5830017311527627,27.85,777.68,85.79,0
Gram,Laterite soils,94.10126247062009,0,5.92,72.58126430651672,2.1511369511760727,26.06,943.83,61.81,0
Tiwra,Black soils,51.6709483055929,0,6.87,135.42477390060515,3.1134728386348294,21.9,884.03,84.54,0
Rice,Red and Yellow soils,7.996150840499768,0,6.97,73.07030318124619,1.7926143362906817,25.18,779.07,78.13,0
summer paddy,Black soils,8.760454270055591,0,5.83,159.97290035688565,2.4566092291501533,28.42,862.68,65.09,0
Wheat,Alluvial soils,86.54297981140141,0,6.85,108.46872549256152,3.65827855817515,21.47,899.58,66.9,0
Millets,Alluvial soils,43.70916466330876,1,6.01,39.41587779577248,2.043259526678144,25.23,811.32,90.0,0
Soybean,Laterite soils,13.10812731307866,1,5.72,178.12965587280345,2.260207718353315,27.94,891.35,73.21,1
Millets,Alluvial soils,43.70916466330876,1,5.8,39.41587779577248,2.043259526678144,27.61,939.58,86.76,0
Wheat,Red and Yellow soils,58.75812809075228,0,5.71,61.15233492569079,2.7512492589727047,23.49,831.38,68.77,0
Tiwra,Black soils,14.00913180874091,1,5.8,192.864017307691,3.587869631963185,24.03,888.96,74.82,1
Rice,Red and Yellow soils,65.11829897838918,0,6.47,175.61385743537613,1.910934434431556,28.86,923.14,69.84,0
Tiwra,Alluvial soils,42.73461385557504,1,6.8,46.60885970748865,2.3240919163041704,26.67,904.64,75.34,0
Masoor,Alluvial soils,45.92043415033586,0,6.8,175.13241790304798,3.316894792035183,26.19,892.93,82.99,0
summer paddy,Red and Yellow soils,39.66105407075501,0,6.47,35.35427059036928,1.3256422203939051,23.82,835.28,62.55,0
Jwar,Alluvial soils,93.969049183815,1,6.49,83.89046853013258,1.8300016425041368,25.98,860.16,85.75,1
Tiwra,Laterite soils,66.59744978514821,1,6.72,180.71957832423595,3.992147155611458,29.02,868.22,82.68,0
Jwar,Black soils,28.67326065577008,0,6.25,62.69765596562617,3.9383874571860433,23.21,929.46,78.46,0
Mustard,Laterite soils,50.57716960311954,0,6.07,79.28921525200687,1.641631398260391,25.81,917.34,82.14,0
Mustard,Black soils,49.5300825663572,0,5.8,153.43110336778798,4.824259422343958,27.37,856.13,84.76,0
Kulthi,Red and Yellow soils,77.23112760032592,0,6.92,189.48722932169497,0.7063293420201492,23.78,874.27,82.57,0
Gram,Black soils,60.6590114165344,0,5.5,89.25746879492321,4.041605590451173,24.45,911.14,84.99,0
Millets,Black soils,3.6021924614231,0,5.97,20.467091914049288,0.5161914575404415,25.55,872.2,75.6,0
Wheat,Alluvial soils,91.05415430835896,0,7.0,160.42512776637145,0.6999369117890404,21.67,877.2,89.05,0
Wheat,Red and Yellow soils,19.63023274762661,0,5.81,132.24686057442185,4.182026033346189,28.14,966.89,69.29,0
Pea,Laterite soils,13.913505998801302,1,6.14,198.6012534110168,2.571015400924413,23.89,826.13,63.48,1
Kulthi,Alluvial soils,92.5492169547469,1,6.89,172.39818815807868,1.6613788159021248,27.59,775.0,89.82,1
Urd,Alluvial soils,91.70252765931488,0,6.94,15.605923247840275,3.5094411666075778,22.97,893.97,76.27,0
Kulthi,Black soils,19.94313150748539,1,6.84,97.58946583215312,2.988773303025213,21.71,851.89,80.88,1
Maize,Red and Yellow soils,60.85170379581952,1,6.34,154.7840778557563,1.2002355013252552,23.77,940.57,71.21,1
Jwar,Red and Yellow soils,81.05182096520964,1,5.81,198.10884266676885,4.3258916692421066,23.18,862.26,66.45,1
Tiwra,Alluvial soils,42.73461385557504,1,6.76,46.60885970748865,2.3240919163041704,27.66,809.39,77.03,0
Til,Laterite soils,72.63236990744744,0,6.04,91.21425103639508,0.6719788045907025,28.27,851.09,65.71,0
Niger,Black soils,56.17716140693022,1,6.76,42.88801275230651,2.992074792161899,25.31,830.04,68.26,0
Tiwra,Red and Yellow soils,16.381665237746383,1,6.26,84.8078611948209,1.039182547558261,27.67,861.41,79.48,0
Gram,Black soils,48.6773164556799,1,5.59,69.28313557959125,2.0201114088284804,21.97,885.32,82.23,1
Soybean,Red and Yellow soils,3.422005573134409,1,6.63,184.83881346960908,0.628547000211728,28.27,874.97,64.67,1
Moong,Red and Yellow soils,9.326065442028998,0,6.96,172.44853243892462,3.156078875040973,23.65,802.43,75.63,0
Jwar,Black soils,28.67326065577008,0,5.91,62.69765596562617,3.9383874571860433,20.46,951.27,80.07,0
Jwar,Black soils,13.99127022595174,1,6.63,96.4732462540386,1.8688803337971989,23.39,859.01,75.02,1
Moong,Alluvial soils,40.61480583667867,1,5.72,166.39544242161517,4.281051864970563,27.74,941.02,63.1,1
Kulthi,Laterite soils,67.55487925578505,0,6.93,79.33838476518439,4.877362795825739,28.71,801.95,90.0,0
Millets,Alluvial soils,11.562316984377864,1,5.82,36.32941582572472,4.6043699786807775,25.49,942.35,70.21,0
Til,Laterite soils,60.02344822552675,0,6.85,196.68461063428768,1.6314438342398223,28.5,928.6,73.92,0
summer paddy,Alluvial soils,5.634581766188527,1,6.29,70.69578532542236,3.804381772475503,20.89,926.3,74.97,1
Maize,Black soils,73.32267007953085,0,5.67,47.49317757286676,0.6835265598024884,23.55,896.04,69.72,0
Moong,Black soils,68.47419592831014,1,5.94,62.139746561585554,1.7248326329770518,27.85,962.23,73.79,0
Kulthi,Alluvial soils,95.13326238868204,1,6.72,125.509145492839,4.864218401260991,25.8,851.16,65.26,1
Soybean,Black soils,80.18699184832587,1,6.17,66.79895680678409,2.870925046781913,30.0,821.69,81.28,1
Urd,Black soils,30.25969736488654,0,6.08,28.04568065397041,1.8011830369833524,28.85,800.36,89.59,0
Millets,Black soils,3.6021924614231,0,5.94,20.467091914049288,0.5161914575404415,28.08,853.32,79.23,0
Mustard,Black soils,49.5300825663572,0,5.77,153.43110336778798,4.824259422343958,25.5,910.42,89.81,0
Wheat,Alluvial soils,54.78604267673645,0,6.57,83.84981090417665,4.083958299034335,22.34,783.08,90.0,0
Gram,Laterite soils,94.10126247062009,0,5.74,72.58126430651672,2.1511369511760727,26.98,964.86,62.17,0
Moong,Laterite soils,15.751845797753464,1,6.34,116.91939141246866,1.6379793852651496,22.32,876.68,62.08,1
Kulthi,Laterite soils,93.89813650383569,0,6.46,193.230305006838,2.25817436042408,28.94,848.39,61.0,0
Gram,Red and Yellow soils,34.74768672244927,1,6.84,33.58119022402276,1.9181663035284728,30.0,791.84,68.16,0
Mustard,Black soils,48.223606509415184,0,5.79,42.21612474828965,3.626063543977249,27.91,925.25,76.43,0
summer paddy,Black soils,99.14865361366142,0,6.46,134.30705078512983,1.949386589804747,24.32,959.98,62.54,0
Kulthi,Laterite soils,93.89813650383569,0,6.46,193.230305006838,2.25817436042408,29.4,875.1,61.49,0
Masoor,Alluvial soils,88.17766186897569,0,5.57,13.862974164951854,3.4365674693025685,27.38,889.07,76.69,0
Arhar,Red and Yellow soils,86.86720496550913,0,5.77,40.99567176940299,0.9693659789832094,23.99,871.61,87.81,0
Tiwra,Alluvial soils,28.87196897058254,0,7.0,17.161441426265586,4.476599320211214,28.72,933.7,65.15,0
Til,Black soils,72.8747310808644,1,6.59,23.94593504567197,0.5056538319244093,21.48,896.6,83.95,0
Urd,Black soils,54.97589680292262,1,5.93,182.3901767961132,0.6312941161897548,24.93,812.24,87.43,0
Jwar,Alluvial soils,89.71217350262663,0,6.44,25.10256180019756,4.094914179917966,22.4,889.91,66.05,0
Maize,Red and Yellow soils,69.73343459088427,0,5.87,159.39192951392974,3.210066085264966,24.58,880.13,74.03,0
Groundnut,Laterite soils,65.31840295659302,0,6.82,141.36645020981774,4.393638773635823,25.79,779.51,83.22,0
Jwar,Black soils,87.71268641532818,0,6.46,15.698221174437968,2.9018118843038945,23.72,892.38,86.42,0
Arhar,Laterite soils,84.46788570106386,1,5.88,192.94268675753716,2.7573837199416857,28.77,886.36,74.3,1
Tiwra,Laterite soils,44.157514598221695,0,6.21,20.786220688080256,4.760647059177217,21.48,875.32,73.9,0
Tiwra,Laterite soils,87.1125768798161,0,5.5,155.6761395244254,3.972236580663137,28.94,963.3,66.96,0
Millets,Alluvial soils,23.54097596703025,1,6.56,57.43568008837477,1.5978107189656572,26.69,887.97,89.41,1
Niger,Red and Yellow soils,30.05926746262701,0,5.58,171.41131547239257,3.621531844526511,29.61,851.95,67.04,0
Millets,Laterite soils,69.8935704948745,0,6.52,32.32819760191878,3.248766454068652,27.35,826.89,86.88,0
Pea,Alluvial soils,63.2123421474168,1,5.88,30.08992185887418,2.1099619017340947,27.91,981.75,60.95,0
Tiwra,Black soils,94.76385180041332,0,6.48,110.7678118617717,0.8166051320582242,28.13,903.59,82.65,0
Maize,Red and Yellow soils,69.73343459088427,0,5.54,159.39192951392974,3.210066085264966,26.87,885.6,74.59,0
Rice,Laterite soils,25.09494464680028,1,6.0,157.04690334075116,1.926924601319298,22.24,822.37,90.0,1
Soybean,Red and Yellow soils,8.583758015057295,1,6.59,20.154563205107696,4.90903272481961,20.0,838.04,83.38,0
Mustard,Laterite soils,61.737953589033744,0,5.76,65.69585886371809,1.5602596870875736,24.3,919.76,80.31,0
summer paddy,Red and Yellow soils,23.656969306526207,1,6.72,160.81222387384514,2.887401159556615,29.03,952.15,60.63,1
summer paddy,Alluvial soils,49.74984625046088,1,6.68,177.06316827987376,3.0524203994909347,21.88,792.28,82.42,1
Pea,Black soils,94.11254095151456,0,6.74,74.32011188400841,3.278071802192412,24.68,912.73,88.35,0
Arhar,Black soils,7.8885965708143235,0,6.92,22.190126691675964,1.5355669671957597,23.63,821.09,82.69,0
Soybean,Alluvial soils,45.929950244441066,1,6.6,146.06295145488895,4.868631700892124,26.19,786.25,75.47,0
Mustard,Alluvial soils,12.351657408054075,1,5.97,74.45869273649792,2.028361205368407,20.92,851.71,74.7,1
Jwar,Black soils,6.792207993494205,1,6.04,141.9426703662678,3.0373075279627453,26.46,834.71,79.88,0
Maize,Black soils,73.32267007953085,0,5.93,47.49317757286676,0.6835265598024884,25.28,936.79,64.38,0
Gram,Laterite soils,53.836448220478616,0,5.73,15.2236049976858,0.9405202056930708,24.68,948.35,65.26,0
summer paddy,Laterite soils,80.66896941192711,0,6.56,54.11712191845815,3.2515109543711493,27.01,835.92,63.54,0
Til,Laterite soils,89.66061130236088,0,5.9,138.96491601693197,2.999699639608014,25.27,880.61,88.65,0
Moong,Black soils,66.35159251639024,0,5.94,154.92011886243904,4.532794847215374,26.46,932.8,64.09,0
Masoor,Black soils,32.78096124453907,1,5.79,155.80477364636056,4.464364499262837,29.4,933.26,89.24,1
Tiwra,Black soils,63.70051960241635,1,6.57,78.64897896002441,4.51494091656409,22.55,880.55,90.0,0
Millets,Red and Yellow soils,70.98318926589636,1,7.0,74.80825570491946,3.7312992983988873,27.01,934.31,64.32,1
Soybean,Black soils,99.34559799516776,0,6.91,135.6931179241448,1.381824872493303,21.36,861.95,72.86,0
Millets,Black soils,85.5878730724342,1,5.96,61.37039983559247,3.7262686183632985,27.59,928.7,73.41,0
Wheat,Red and Yellow soils,19.63023274762661,0,6.12,132.24686057442185,4.182026033346189,28.19,828.2,64.35,0
Gram,Alluvial soils,6.631856397258757,1,6.65,199.531133950268,4.800063599754694,23.33,902.21,84.81,0
Niger,Laterite soils,14.75564765833209,1,5.5,43.53470873409088,3.958799053421168,28.71,843.59,82.58,0
Urd,Red and Yellow soils,21.596618772360653,1,6.88,136.9355851898517,2.343072110888093,21.1,832.24,90.0,1
Rice,Black soils,51.78490534951984,1,5.73,159.67777079366866,3.8935916410771423,20.0,970.79,75.58,1
Arhar,Alluvial soils,39.45787077617061,1,6.62,191.36893057921523,4.646728325885565,20.0,814.11,60.51,0
Gram,Black soils,43.903327920986655,1,6.94,153.1401018257682,2.190934023980345,27.09,844.25,83.76,1
Moong,Black soils,68.47419592831014,1,5.89,62.139746561585554,1.7248326329770518,27.9,938.95,75.19,0
Til,Black soils,72.8747310808644,1,6.87,23.94593504567197,0.5056538319244093,20.45,875.32,80.6,0
Gram,Alluvial soils,6.631856397258757,1,6.49,199.531133950268,4.800063599754694,23.1,913.85,82.33,0
Jwar,Black soils,28.67326065577008,0,6.27,62.69765596562617,3.9383874571860433,21.4,836.9,75.3,0
Groundnut,Alluvial soils,76.89512894880215,0,6.54,111.20094863538525,4.241037869145725,20.72,869.95,72.89,0
Niger,Red and Yellow soils,30.05926746262701,0,5.63,171.41131547239257,3.621531844526511,28.06,950.44,65.99,0
Rice,Laterite soils,36.067847125393314,1,5.87,45.080516013725855,3.846756333323527,20.0,981.16,60.0,0
Jwar,Red and Yellow soils,81.05182096520964,1,5.82,198.10884266676885,4.3258916692421066,22.96,825.29,66.47,1
Jwar,Black soils,13.99127022595174,1,6.2,96.4732462540386,1.8688803337971989,23.59,895.36,74.16,1
Millets,Laterite soils,19.45015786212121,1,6.88,27.201414090139878,0.6815101265907944,21.91,776.07,83.85,0
Gram,Red and Yellow soils,19.447014158096326,0,7.0,144.3782799628782,2.1302329607260293,30.0,853.27,86.77,0
Arhar,Laterite soils,74.64442798330771,1,6.32,155.32653226232352,1.9369977433354968,28.69,917.95,88.16,1
Wheat,Red and Yellow soils,45.9958564972776,0,6.03,199.4706146791189,3.097939236387041,27.85,931.75,64.56,0
Millets,Black soils,15.194191435755716,1,6.07,139.19187074455024,2.3495259339216563,28.54,828.51,72.06,1
Masoor,Alluvial soils,45.92043415033586,0,6.96,175.13241790304798,3.316894792035183,27.76,824.07,87.86,0
Millets,Laterite soils,48.74312011750155,0,6.29,120.33880048951929,2.4768589850115967,20.69,947.92,77.54,0
Jwar,Alluvial soils,8.770750022223734,1,5.96,115.99582439793596,2.540243063469655,22.22,826.19,86.58,1
Urd,Laterite soils,3.1424283074838835,1,5.95,78.7181102480801,3.652081641177272,28.22,811.87,87.61,1
Kulthi,Alluvial soils,54.81048353532652,1,5.84,24.193410570245213,4.594332152474536,25.59,959.15,61.49,0
Masoor,Black soils,32.78096124453907,1,5.81,155.80477364636056,4.464364499262837,29.79,850.95,90.0,1
Soybean,Alluvial soils,45.929950244441066,1,6.67,146.06295145488895,4.868631700892124,28.0,873.92,75.8,0
summer paddy,Laterite soils,68.33971322490649,1,6.6,21.80492518759846,3.622176401026044,20.5,914.29,73.91,0
Maize,Alluvial soils,25.96962093356883,0,5.5,159.78724651759555,2.4066244155234733,20.0,974.8,67.19,0
Millets,Black soils,6.907493912567169,0,6.54,84.40519823967013,2.862263975769026,27.9,807.15,84.29,0
Niger,Laterite soils,58.342897767539576,0,6.19,30.396351069572987,0.6188329381507388,25.86,890.06,85.35,0
Rice,Black soils,51.78490534951984,1,5.6,159.67777079366866,3.8935916410771423,21.02,880.2,75.55,1
Niger,Black soils,2.645006445988896,0,6.05,149.7523142684901,3.7486793601665775,25.88,812.52,71.43,0
Millets,Black soils,8.545620951059774,1,6.66,161.95956637121765,4.866411463972916,30.0,822.89,86.36,1
Tiwra,Laterite soils,88.94512805109724,0,5.5,56.3932872429863,2.278022077517278,20.0,951.38,82.93,0
Rice,Laterite soils,83.79467762655149,0,6.64,33.31006222633755,2.783971589852677,22.28,785.29,86.92,0
Arhar,Alluvial soils,57.32803334236286,1,7.0,178.80845618528306,2.3443978045744327,29.07,889.01,81.44,1
Gram,Red and Yellow soils,82.24193371365227,1,6.22,186.49446950562293,3.4182091680119338,20.0,946.31,60.4,1
Moong,Alluvial soils,72.89801626222972,0,6.25,147.08444454896002,1.630372576341142,28.44,833.95,68.76,0
Urd,Black soils,30.25969736488654,0,5.88,28.04568065397041,1.8011830369833524,29.59,953.88,84.04,0
Kulthi,Laterite soils,67.55487925578505,0,6.77,79.33838476518439,4.877362795825739,27.24,853.59,88.74,0
Gram,Laterite soils,25.539681660071125,1,6.59,24.59636681009846,2.769413193485069,21.84,816.61,75.55,0
summer paddy,Red and Yellow soils,39.66105407075501,0,6.29,35.35427059036928,1.3256422203939051,21.76,842.57,62.79,0
Gram,Laterite soils,25.539681660071125,1,6.74,24.59636681009846,2.769413193485069,20.0,803.94,77.51,0
Millets,Alluvial soils,95.28279889194648,1,6.43,29.144702967043564,4.024157339354911,23.31,884.64,66.39,0
Kulthi,Black soils,19.94313150748539,1,7.0,97.58946583215312,2.988773303025213,22.87,853.69,83.44,1
Groundnut,Red and Yellow soils,38.75737864428302,0,6.98,87.85159170492055,4.987331613193882,29.92,837.6,63.89,0
Pea,Red and Yellow soils,32.745807896062146,1,5.73,26.481396356110054,4.152733501535543,23.55,826.26,90.0,0
Til,Black soils,29.59626120983151,0,6.33,26.91842836664658,2.7167595174345838,28.84,810.69,87.21,0
Masoor,Red and Yellow soils,42.05432526241285,0,6.82,90.60728467834542,3.089700259916918,26.26,864.87,67.76,0
Moong,Black soils,66.35159251639024,0,5.99,154.92011886243904,4.532794847215374,25.48,855.64,68.9,0
Kulthi,Laterite soils,67.55487925578505,0,7.0,79.33838476518439,4.877362795825739,26.57,888.28,87.94,0
summer paddy,Laterite soils,34.066071163832795,1,6.47,149.23083239700463,4.611200027303879,25.76,794.02,74.21,1
Jwar,Alluvial soils,89.71217350262663,0,6.4,25.10256180019756,4.094914179917966,22.79,876.53,65.29,0
Moong,Black soils,70.46581678149187,0,5.5,21.66905565059997,4.032486033053475,20.11,857.77,82.89,0
Kulthi,Alluvial soils,61.837349287810135,1,6.72,27.801636027771064,2.6701487722421016,26.9,884.55,78.42,0
Wheat,Alluvial soils,86.71163811325147,1,6.26,54.94653337104506,3.359167289944513,27.91,790.44,83.85,1
Groundnut,Alluvial soils,36.793994091155895,0,5.97,191.11670343048607,4.024925591961438,25.82,798.4,87.43,0
Millets,Black soils,15.194191435755716,1,6.25,139.19187074455024,2.3495259339216563,30.0,926.05,73.25,1
Pea,Laterite soils,13.913505998801302,1,5.68,198.6012534110168,2.571015400924413,26.03,949.25,64.82,1
Niger,Alluvial soils,40.72168891707997,1,6.15,64.74785133657514,2.41594149570782,22.9,850.28,72.7,1
Urd,Laterite soils,4.197889378619497,0,6.8,90.0138398925223,4.669929373092929,29.51,884.91,81.17,0
Millets,Black soils,8.545620951059774,1,6.21,161.95956637121765,4.866411463972916,30.0,797.85,87.21,1
Urd,Laterite soils,56.01656404336428,1,5.83,169.6786697669429,1.2509461554512062,28.04,952.06,76.83,1
Mustard,Black soils,49.5300825663572,0,5.58,153.43110336778798,4.824259422343958,25.52,947.76,88.48,0
Gram,Alluvial soils,96.9050114005799,0,6.49,122.13502087504426,2.056511701070491,20.69,793.4,89.77,0
Masoor,Red and Yellow soils,15.573043648692993,0,5.57,40.394151236744186,2.3537196802479925,27.58,922.4,67.45,0
Jwar,Alluvial soils,21.797420722217726,0,6.54,83.75345151111428,2.0437014769879367,26.26,789.6,87.59,0
Soybean,Laterite soils,71.15073745457829,1,5.61,34.43015994612051,2.8276033668845826,28.1,957.47,70.52,0
Jwar,Alluvial soils,87.5833721223469,0,6.21,73.36725049269779,3.5742192788952645,28.3,854.39,66.95,0
Rice,Alluvial soils,55.7182474465031,0,6.21,34.65834578689061,2.032096363927362,30.0,920.4,65.75,0
Millets,Red and Yellow soils,60.97944387000568,0,6.19,183.50464510721,2.1363469721664288,29.28,938.96,63.8,0
Jwar,Black soils,6.792207993494205,1,5.62,141.9426703662678,3.0373075279627453,25.67,848.99,85.06,0
Groundnut,Black soils,13.083322941050284,0,5.73,85.59418473765709,3.41430524157662,23.66,963.11,60.09,0
Masoor,Red and Yellow soils,84.52316916652465,1,6.24,136.06206737070266,3.720799011587236,24.56,937.79,81.29,1
Kulthi,Alluvial soils,95.13326238868204,1,6.58,125.509145492839,4.864218401260991,24.07,891.36,62.06,1
Jwar,Black soils,58.43929542154972,1,5.73,16.566631578535365,3.473426184998023,21.05,870.02,69.53,0
Pea,Black soils,35.50207418332751,0,5.82,155.1924950643728,4.558757044762429,28.18,843.54,71.59,0
Jwar,Alluvial soils,21.797420722217726,0,6.78,83.75345151111428,2.0437014769879367,27.21,825.06,87.69,0
Tiwra,Black soils,97.158326515426,0,5.63,132.63690929018293,0.9977835566720724,20.53,837.01,70.56,0
Maize,Red and Yellow soils,69.73343459088427,0,5.87,159.39192951392974,3.210066085264966,25.51,891.21,71.73,0
Niger,Red and Yellow soils,4.301026088036883,0,6.81,145.61804214220632,2.0812368730220943,22.26,905.64,70.82,0
Millets,Black soils,15.194191435755716,1,6.25,139.19187074455024,2.3495259339216563,28.8,927.53,74.55,1
Kulthi,Black soils,39.49071677717886,0,6.37,60.39751234176016,3.8970756841866954,28.34,926.16,70.97,0
Tiwra,Black soils,51.6709483055929,0,6.77,135.42477390060515,3.1134728386348294,23.56,923.69,82.18,0
Kulthi,Black soils,18.967225361011167,0,6.89,10.664611709977248,0.7513002185498734,20.98,937.01,60.0,0
Pea,Laterite soils,23.804071407579336,1,6.59,131.24557260272172,3.669244395754899,27.79,885.25,79.61,1
Soybean,Black soils,80.18699184832587,1,6.34,66.79895680678409,2.870925046781913,28.37,815.82,83.06,1
Jwar,Alluvial soils,33.52139305008494,1,6.17,170.24519022942422,1.7358279923002595,24.58,899.5,63.88,1
Groundnut,Black soils,77.0287821542821,1,5.9,28.30353013570137,1.0980962288868708,29.47,831.04,82.89,0
Soybean,Black soils,99.34559799516776,0,6.91,135.6931179241448,1.381824872493303,23.03,903.32,72.6,0
Pea,Alluvial soils,17.17303816819014,0,5.83,163.3134475429299,2.644391106796571,27.64,956.18,71.99,0
Gram,Laterite soils,94.10126247062009,0,5.87,72.58126430651672,2.1511369511760727,26.86,836.73,60.0,0
Gram,Red and Yellow soils,82.07588905682253,0,6.88,18.009491866681152,3.233362891898263,20.92,793.2,75.96,0
Jwar,Laterite soils,85.67941919967865,1,5.61,155.92944761114924,4.804050202111057,28.52,892.78,65.74,1
Niger,Laterite soils,58.342897767539576,0,6.34,30.396351069572987,0.6188329381507388,23.67,823.5,85.18,0
Til,Alluvial soils,48.12232243119416,1,5.97,159.19400511003866,4.48088955820164,20.0,874.74,78.07,1
Til,Red and Yellow soils,83.59129485493202,0,6.6,36.09993908037054,0.925693566787786,22.64,931.62,62.15,0
Til,Black soils,29.59626120983151,0,6.18,26.91842836664658,2.7167595174345838,29.35,911.57,90.0,0
Maize,Red and Yellow soils,73.05988458504615,0,6.92,100.07917652497429,3.303778717019921,20.0,845.64,68.62,0
Tiwra,Red and Yellow soils,36.11241183442073,0,5.91,127.43746461709286,3.6934087696499662,29.45,860.22,63.86,0
Urd,Laterite soils,4.197889378619497,0,6.58,90.0138398925223,4.669929373092929,30.0,826.08,78.52,0
Gram,Black soils,33.36100018676664,1,6.4,77.38147579324998,4.486073743546642,27.08,804.84,68.03,1
Pea,Black soils,94.11254095151456,0,7.0,74.32011188400841,3.278071802192412,24.95,895.66,87.76,0
Wheat,Alluvial soils,91.05415430835896,0,6.86,160.42512776637145,0.6999369117890404,21.4,878.72,88.64,0
Jwar,Red and Yellow soils,61.33138378263416,0,6.55,131.90345014994583,3.0456960700275504,22.13,865.42,79.52,0
Mustard,Alluvial soils,5.985936900346184,1,5.5,55.23498004685733,0.9143669321101572,24.14,967.36,68.13,1
Til,Red and Yellow soils,80.31440413281457,0,6.2,77.60609722671164,0.5869799739884878,27.7,837.08,67.41,0
Groundnut,Black soils,77.0287821542821,1,6.14,28.30353013570137,1.0980962288868708,28.57,862.05,80.19,0
Niger,Alluvial soils,40.72168891707997,1,6.49,64.74785133657514,2.41594149570782,23.7,838.24,77.4,1
Jwar,Black soils,58.43929542154972,1,5.55,16.566631578535365,3.473426184998023,21.25,930.55,69.91,0
Mustard,Laterite soils,2.422650386748149,1,5.5,50.003662732995785,1.3339062519960363,29.74,851.22,68.16,1
Kulthi,Laterite soils,20.90726535219855,0,6.83,98.52331092318568,2.606152200854422,23.58,850.64,80.67,0
Urd,Black soils,6.69515158775076,0,6.31,187.8070287106091,1.1930450406000916,23.71,899.86,68.75,0
Tiwra,Laterite soils,77.41000299816143,0,5.7,102.68567704073148,4.5790889615245725,21.02,981.61,60.4,0
Maize,Black soils,65.32355202698167,0,5.76,153.432927891906,1.8221311119500412,21.88,919.12,72.21,0
Millets,Red and Yellow soils,60.97944387000568,0,6.46,183.50464510721,2.1363469721664288,29.35,851.65,68.45,0
Groundnut,Alluvial soils,77.64734025846953,1,6.49,30.1290536211666,2.4437057909109408,23.92,817.94,65.97,0
Jwar,Red and Yellow soils,81.05182096520964,1,5.74,198.10884266676885,4.3258916692421066,22.59,945.27,71.4,1
Masoor,Alluvial soils,45.62108056768259,0,6.28,174.13879435365195,4.357303858339503,25.24,878.97,60.77,0
Groundnut,Red and Yellow soils,96.74499664722,1,6.01,178.92269764733769,2.42511046193267,27.26,810.28,82.26,1
Kulthi,Alluvial soils,92.5492169547469,1,6.81,172.39818815807868,1.6613788159021248,28.79,898.01,85.13,1
Moong,Alluvial soils,30.47426495779317,1,5.52,79.66928665808871,2.6924502123480902,24.03,980.82,74.85,1
Rice,Alluvial soils,49.78214071680444,0,6.56,54.89730595991944,1.04622923932641,20.82,846.44,72.94,0
Kulthi,Black soils,23.189085786347796,0,5.93,189.8627111419892,2.7848888056767773,30.0,825.51,84.87,0
Masoor,Black soils,57.674849565932185,0,6.46,50.45115979273248,1.5982455206728323,24.55,870.45,61.97,0
summer paddy,Laterite soils,34.066071163832795,1,6.39,149.23083239700463,4.611200027303879,26.77,925.34,73.34,1
Millets,Alluvial soils,45.51927766356464,0,6.06,17.637805914713663,4.038528886844827,23.15,889.53,68.75,0
Gram,Red and Yellow soils,53.08813320922549,1,6.65,28.808142321819524,3.1415169004795302,26.01,888.37,60.0,0
Wheat,Laterite soils,7.276797004040833,0,6.16,117.16853925930828,3.99316410162361,26.31,895.5,87.98,0
Groundnut,Laterite soils,81.6554741475988,1,6.96,86.15027954705378,1.14379756440237,23.81,810.15,72.81,1
Jwar,Red and Yellow soils,14.921019331346107,0,6.15,199.58265014089395,3.3401633423800927,24.19,921.35,84.5,0
Jwar,Alluvial soils,8.770750022223734,1,5.89,115.99582439793596,2.540243063469655,24.96,868.27,88.22,1
Gram,Laterite soils,94.10126247062009,0,5.62,72.58126430651672,2.1511369511760727,24.8,930.86,61.09,0
Moong,Black soils,75.01023382812153,1,7.0,27.654315800797047,2.046099335099027,29.86,926.79,64.75,0
Wheat,Red and Yellow soils,44.32758410771781,0,6.78,147.39729054115696,3.125924867676585,26.29,924.68,61.48,0
Masoor,Red and Yellow soils,84.52316916652465,1,6.15,136.06206737070266,3.720799011587236,25.83,829.84,81.31,1
Gram,Black soils,18.54638357946299,1,5.81,34.31846563723244,1.5054079551932045,24.0,964.85,72.07,0
Moong,Red and Yellow soils,6.70159104623501,0,6.68,154.37849353994258,1.4738508434764648,20.0,814.31,60.0,0
Millets,Alluvial soils,95.28279889194648,1,6.2,29.144702967043564,4.024157339354911,22.06,902.02,67.72,0
Jwar,Red and Yellow soils,14.921019331346107,0,6.23,199.58265014089395,3.3401633423800927,22.95,866.15,86.72,0
Jwar,Black soils,28.67326065577008,0,6.24,62.69765596562617,3.9383874571860433,21.17,911.13,81.5,0
Urd,Alluvial soils,18.245949358971803,1,6.14,144.86143436361849,4.22251584341133,28.12,915.34,67.72,1
Tiwra,Laterite soils,99.79302285723834,1,6.36,28.356863022535748,2.7788430905388597,25.49,828.49,85.5,0
Til,Laterite soils,82.11526872345533,0,6.17,179.22366038694898,3.004640999287888,24.14,917.35,63.81,0
Jwar,Laterite soils,92.81866674409925,1,6.04,159.32913111736443,4.144766898974626,20.31,827.85,81.43,0
Millets,Alluvial soils,43.70916466330876,1,5.97,39.41587779577248,2.043259526678144,26.93,880.29,86.89,0
Millets,Laterite soils,11.564782214969178,1,6.7,120.43280013719917,3.7676132617091977,25.68,916.72,60.0,1
Millets,Black soils,46.115623150526005,1,6.43,177.58949627751142,1.0156582803711816,27.72,942.35,66.48,1
Moong,Laterite soils,15.751845797753464,1,6.39,116.91939141246866,1.6379793852651496,22.61,886.4,64.06,1
Pea,Alluvial soils,63.2123421474168,1,5.97,30.08992185887418,2.1099619017340947,27.39,882.63,63.0,0
Tiwra,Laterite soils,83.03751864098753,0,5.64,103.43937315702806,4.951128879703812,30.0,829.34,73.5,0
Groundnut,Alluvial soils,51.66383286816028,0,6.43,98.78595372126168,1.518977035891242,20.54,834.11,68.76,0
Arhar,Laterite soils,70.69460626460166,0,6.48,128.31657060515244,4.766392383485942,23.45,828.58,88.09,0
Soybean,Laterite soils,82.5219028825696,1,6.07,120.98570933252736,1.84204637395397,22.83,857.3,90.0,1
Maize,Black soils,87.75885918969198,0,5.53,139.78469040599293,1.3665129133839682,26.29,924.89,86.77,0
Kulthi,Red and Yellow soils,71.95464735059075,0,6.5,143.26123077544585,2.2065192855643185,24.71,908.65,79.33,0
Kulthi,Laterite soils,67.55487925578505,0,6.99,79.33838476518439,4.877362795825739,27.78,786.74,86.35,0
Gram,Black soils,48.6773164556799,1,5.71,69.28313557959125,2.0201114088284804,21.66,941.55,77.2,1
Kulthi,Black soils,39.49071677717886,0,6.2,60.39751234176016,3.8970756841866954,28.18,891.16,69.82,0
Maize,Laterite soils,59.61861413363324,1,5.5,135.50678958732516,2.9379073788004195,24.35,837.31,78.06,1
Jwar,Alluvial soils,21.797420722217726,0,6.88,83.75345151111428,2.0437014769879367,25.66,902.66,89.24,0
Masoor,Black soils,57.674849565932185,0,6.57,50.45115979273248,1.5982455206728323,24.94,940.56,65.05,0
Kulthi,Black soils,18.967225361011167,0,6.97,10.664611709977248,0.7513002185498734,20.6,802.11,60.0,0
Arhar,Alluvial soils,57.32803334236286,1,7.0,178.80845618528306,2.3443978045744327,29.5,821.62,80.79,1
Til,Red and Yellow soils,83.59129485493202,0,6.73,36.09993908037054,0.925693566787786,22.69,858.23,63.34,0
Arhar,Laterite soils,84.46788570106386,1,6.24,192.94268675753716,2.7573837199416857,26.44,890.01,71.18,1
Millets,Red and Yellow soils,68.53613344912503,1,6.82,145.54578088551114,2.7638146457013453,20.5,861.4,64.44,1
Kulthi,Black soils,23.189085786347796,0,5.71,189.8627111419892,2.7848888056767773,29.61,847.34,90.0,0
Groundnut,Red and Yellow soils,44.10436539094836,0,5.5,191.6079760172045,1.0565774612663703,23.79,910.2,69.63,0
Soybean,Black soils,47.0521959690072,0,6.65,89.55122834530016,0.8923742776619482,22.36,894.96,79.01,0
Urd,Alluvial soils,61.5620526784047,1,5.94,104.44263990041502,2.5721342995786207,23.31,930.34,89.29,1
Moong,Alluvial soils,40.61480583667867,1,5.61,166.39544242161517,4.281051864970563,28.97,954.06,62.18,1
Kulthi,Alluvial soils,61.837349287810135,1,6.62,27.801636027771064,2.6701487722421016,25.93,927.46,83.16,0
Masoor,Red and Yellow soils,84.52316916652465,1,6.08,136.06206737070266,3.720799011587236,27.1,852.15,74.75,1
Wheat,Laterite soils,7.276797004040833,0,6.14,117.16853925930828,3.99316410162361,26.48,872.57,88.27,0
Kulthi,Black soils,23.189085786347796,0,5.93,189.8627111419892,2.7848888056767773,30.0,850.84,88.21,0
Jwar,Alluvial soils,50.27501027132872,0,6.78,103.71091740391591,4.248261783890516,23.32,857.37,62.88,0
Masoor,Red and Yellow soils,34.865602801136006,1,5.64,74.53290343716962,0.976484678989204,20.74,844.7,64.84,1
Maize,Black soils,19.410359181755048,0,5.5,167.23117270851932,4.392858700280796,26.72,900.37,65.0,0
Til,Red and Yellow soils,63.93819639548853,1,6.1,86.5501462725284,0.8314949690878561,27.39,816.98,64.88,1
Urd,Laterite soils,4.197889378619497,0,6.56,90.0138398925223,4.669929373092929,28.18,883.68,81.34,0
summer paddy,Red and Yellow soils,73.54687524942415,0,5.5,142.93725689571534,4.918276974920083,23.54,985.52,67.26,0
Mustard,Laterite soils,71.43977713087003,0,5.68,192.4061665391249,2.318230840930169,22.07,939.2,75.51,0
Niger,Black soils,2.645006445988896,0,6.02,149.7523142684901,3.7486793601665775,24.91,929.51,73.93,0
Mustard,Black soils,48.223606509415184,0,5.5,42.21612474828965,3.626063543977249,25.54,980.41,76.45,0
Gram,Laterite soils,94.10126247062009,0,5.75,72.58126430651672,2.1511369511760727,25.51,839.94,60.0,0
Maize,Laterite soils,59.61861413363324,1,5.5,135.50678958732516,2.9379073788004195,24.87,955.94,84.07,1
Masoor,Red and Yellow soils,79.30084242753477,1,6.89,11.043366165214929,1.7972285602299596,22.19,834.28,63.29,0
Groundnut,Black soils,13.083322941050284,0,5.94,85.59418473765709,3.41430524157662,23.77,949.37,67.39,0
Mustard,Alluvial soils,91.82905732992558,1,6.48,53.74481212887618,1.5966321610404377,26.19,935.32,68.04,1
Til,Red and Yellow soils,63.93819639548853,1,6.15,86.5501462725284,0.8314949690878561,27.09,900.01,70.3,1
Maize,Black soils,65.32355202698167,0,5.51,153.432927891906,1.8221311119500412,21.13,978.52,72.43,0
Soybean,Alluvial soils,73.18122507589274,0,5.92,84.15235572039454,4.546057014434088,24.81,868.97,81.22,0
Kulthi,Black soils,39.49071677717886,0,5.97,60.39751234176016,3.8970756841866954,27.17,839.71,70.28,0
Masoor,Red and Yellow soils,79.30084242753477,1,7.0,11.043366165214929,1.7972285602299596,21.49,791.55,60.0,0
Millets,Alluvial soils,95.28279889194648,1,6.15,29.144702967043564,4.024157339354911,23.67,839.91,73.26,0
Kulthi,Black soils,19.94313150748539,1,6.96,97.58946583215312,2.988773303025213,21.45,867.19,85.88,1
Tiwra,Alluvial soils,28.87196897058254,0,6.92,17.161441426265586,4.476599320211214,28.88,893.37,71.08,0
Jwar,Alluvial soils,75.59152131396844,1,6.57,79.91476651727123,4.875495742078561,20.61,784.02,76.72,1
summer paddy,Laterite soils,14.757076703479033,0,6.05,114.56572536211222,3.841667344001905,23.2,917.93,71.48,0
Masoor,Red and Yellow soils,84.52316916652465,1,6.17,136.06206737070266,3.720799011587236,25.35,894.69,80.41,1
Wheat,Laterite soils,7.276797004040833,0,5.94,117.16853925930828,3.99316410162361,25.79,909.42,88.14,0
summer paddy,Laterite soils,90.855464380136,0,5.59,88.93461010502237,2.2896711723008787,24.47,908.99,83.34,0
Tiwra,Laterite soils,77.41000299816143,0,6.01,102.68567704073148,4.5790889615245725,20.0,921.05,60.0,0
Rice,Black soils,51.78490534951984,1,5.5,159.67777079366866,3.8935916410771423,21.1,984.22,74.46,1
Pea,Red and Yellow soils,32.745807896062146,1,6.22,26.481396356110054,4.152733501535543,23.33,927.73,90.0,0
Soybean,Black soils,99.34559799516776,0,7.0,135.6931179241448,1.381824872493303,22.02,893.15,73.68,0
Pea,Red and Yellow soils,45.88200025350533,0,6.58,166.4197314414131,0.7604645881312596,24.31,826.92,69.71,0
Tiwra,Alluvial soils,57.12809708824221,1,6.66,197.0604365484146,3.9823961897083984,23.11,891.69,70.28,1
Tiwra,Laterite soils,44.157514598221695,0,6.12,20.786220688080256,4.760647059177217,21.96,861.47,76.38,0
summer paddy,Alluvial soils,7.078898910240252,1,5.84,133.05676737201873,2.8391106476553305,24.73,830.09,85.41,0
Millets,Black soils,46.115623150526005,1,6.56,177.58949627751142,1.0156582803711816,28.2,882.37,72.31,1
Arhar,Alluvial soils,39.45787077617061,1,6.33,191.36893057921523,4.646728325885565,20.2,942.09,62.48,0
Wheat,Alluvial soils,67.4018482677936,0,5.87,27.39069849597884,4.906744463762068,21.79,872.87,63.95,0
Millets,Black soils,6.907493912567169,0,6.72,84.40519823967013,2.862263975769026,26.67,900.74,81.4,0
Tiwra,Laterite soils,66.59744978514821,1,6.44,180.71957832423595,3.992147155611458,30.0,899.3,78.33,0
Moong,Red and Yellow soils,9.326065442028998,0,7.0,172.44853243892462,3.156078875040973,23.49,855.67,69.66,0
Til,Black soils,72.8747310808644,1,6.89,23.94593504567197,0.5056538319244093,22.36,798.95,80.33,0
summer paddy,Laterite soils,80.66896941192711,0,6.51,54.11712191845815,3.2515109543711493,26.92,894.63,60.04,0
Masoor,Black soils,95.87154982405876,1,6.81,129.9810832257704,0.5034414484512415,21.49,891.09,65.23,1
Til,Alluvial soils,74.9101007065359,0,6.22,139.00895124661432,4.160729142666699,25.46,803.87,85.86,0
Arhar,Laterite soils,74.64442798330771,1,5.92,155.32653226232352,1.9369977433354968,27.47,895.73,90.0,1
Maize,Black soils,19.463557757075588,0,6.44,125.4704718867283,2.598418486481846,22.66,804.06,81.47,0
Tiwra,Alluvial soils,57.12809708824221,1,6.82,197.0604365484146,3.9823961897083984,25.31,888.6,71.0,1
Til,Alluvial soils,74.9101007065359,0,6.36,139.00895124661432,4.160729142666699,24.46,913.81,89.15,0
Groundnut,Black soils,87.53054551977526,0,5.58,172.43490927868564,4.158548482629399,29.26,968.17,73.21,0
Pea,Laterite soils,23.804071407579336,1,6.59,131.24557260272172,3.669244395754899,27.31,844.31,83.89,1
Masoor,Red and Yellow soils,15.573043648692993,0,5.76,40.394151236744186,2.3537196802479925,25.28,918.65,72.56,0
Rice,Red and Yellow soils,94.9606118039142,0,5.51,54.1128672085785,1.619877527026648,21.48,995.92,60.0,0
Tiwra,Laterite soils,83.03751864098753,0,5.98,103.43937315702806,4.951128879703812,30.0,952.24,73.83,0
Moong,Alluvial soils,72.89801626222972,0,6.05,147.08444454896002,1.630372576341142,28.23,935.85,61.97,0
Gram,Black soils,18.54638357946299,1,5.84,34.31846563723244,1.5054079551932045,25.38,917.49,67.5,0
Pea,Alluvial soils,16.94988061339748,1,6.97,184.5564527018232,4.554417666294789,24.38,891.03,64.7,1
Masoor,Red and Yellow soils,15.573043648692993,0,5.5,40.394151236744186,2.3537196802479925,27.12,834.39,70.57,0
Rice,Laterite soils,36.067847125393314,1,5.89,45.080516013725855,3.846756333323527,20.0,926.99,66.11,0
Masoor,Black soils,32.78096124453907,1,5.91,155.80477364636056,4.464364499262837,29.61,915.28,86.7,1
summer paddy,Alluvial soils,5.634581766188527,1,6.57,70.69578532542236,3.804381772475503,23.04,818.87,81.33,1
Millets,Alluvial soils,11.562316984377864,1,6.09,36.32941582572472,4.6043699786807775,25.82,960.65,66.95,0
Til,Black soils,85.01927690614711,0,6.67,142.2143460301832,3.3364185717505808,21.54,887.98,81.0,0
Pea,Red and Yellow soils,43.446323388532846,0,7.0,141.32630646402174,3.2583353976805944,28.52,825.21,65.39,0
Tiwra,Red and Yellow soils,12.71408322731068,0,5.97,16.77495232897338,2.110155905799066,20.57,801.15,89.52,0
Rice,Laterite soils,83.8775957011866,1,5.83,34.37576356945297,2.294909994831729,29.21,970.59,68.79,0
Millets,Laterite soils,43.90448238355727,0,6.06,165.51927153855505,0.5251230931434431,22.78,836.42,63.77,0
Kulthi,Laterite soils,20.90726535219855,0,6.8,98.52331092318568,2.606152200854422,23.89,894.99,80.49,0
Millets,Alluvial soils,83.4164579675254,0,6.69,146.3607032263529,4.542588877178431,25.26,903.52,87.4,0
Moong,Laterite soils,15.751845797753464,1,6.6,116.91939141246866,1.6379793852651496,20.92,941.91,65.07,1
Millets,Laterite soils,40.123933186942935,1,5.71,78.28259692949361,2.6365415718597265,25.5,951.86,72.22,1
Wheat,Red and Yellow soils,44.32758410771781,0,6.87,147.39729054115696,3.125924867676585,24.16,892.63,64.26,0
Jwar,Alluvial soils,77.34890187462672,0,6.19,187.39893140589743,4.13407204546712,24.77,877.03,67.91,0
Jwar,Red and Yellow soils,14.921019331346107,0,6.1,199.58265014089395,3.3401633423800927,23.46,900.51,81.57,0
Soybean,Laterite soils,13.10812731307866,1,5.51,178.12965587280345,2.260207718353315,28.35,923.27,78.65,1
Rice,Black soils,5.27909199036012,1,6.84,172.95426825777906,0.8633173028000611,20.76,868.76,60.0,1
Pea,Red and Yellow soils,62.89562385255008,1,6.23,137.36228110423383,3.989132493505775,26.59,846.73,87.72,0
Moong,Red and Yellow soils,40.84306264961799,1,6.43,123.39168044535634,4.282926461335064,23.63,891.48,61.86,1
Maize,Red and Yellow soils,73.05988458504615,0,7.0,100.07917652497429,3.303778717019921,21.18,865.79,66.6,0
summer paddy,Alluvial soils,5.634581766188527,1,6.42,70.69578532542236,3.804381772475503,22.23,927.85,79.54,1
Moong,Laterite soils,66.7431644007017,1,6.3,36.37326995857885,1.941595947520944,23.33,915.42,76.53,0
Kulthi,Laterite soils,1.9575813458450015,0,6.24,135.07179394615684,2.663615249026792,22.77,874.88,79.27,0
Masoor,Alluvial soils,17.051062582241848,1,6.61,158.50864420956958,2.1741170604411213,22.45,853.58,77.95,1
Wheat,Red and Yellow soils,44.32758410771781,0,6.54,147.39729054115696,3.125924867676585,24.4,913.28,60.0,0
Millets,Alluvial soils,43.70916466330876,1,5.65,39.41587779577248,2.043259526678144,27.48,923.85,86.43,0
Urd,Black soils,54.97589680292262,1,6.05,182.3901767961132,0.6312941161897548,24.95,837.68,86.94,0
Til,Black soils,72.8747310808644,1,6.76,23.94593504567197,0.5056538319244093,22.24,830.26,87.93,0
summer paddy,Alluvial soils,62.00398399717235,0,7.0,38.761830651487706,4.14766925501463,23.04,847.59,76.32,0
Urd,Alluvial soils,37.78258122050927,1,5.64,46.08242628582618,2.6125853106729853,27.9,841.9,71.83,0
Wheat,Laterite soils,92.6074773325522,1,5.64,171.06465646258272,1.1677687279613973,22.86,848.45,75.8,1
Jwar,Alluvial soils,87.5833721223469,0,6.62,73.36725049269779,3.5742192788952645,27.66,845.12,66.38,0
Millets,Laterite soils,40.123933186942935,1,6.1,78.28259692949361,2.6365415718597265,25.89,817.2,70.11,1
Gram,Laterite soils,53.836448220478616,0,5.99,15.2236049976858,0.9405202056930708,24.37,832.07,61.5,0
Tiwra,Red and Yellow soils,49.47275930960727,1,6.98,64.97986652212177,4.40748983958334,24.47,904.61,84.3,0
Urd,Black soils,30.25969736488654,0,5.82,28.04568065397041,1.8011830369833524,27.57,831.04,89.68,0
Tiwra,Black soils,14.00913180874091,1,5.76,192.864017307691,3.587869631963185,23.91,964.63,75.04,1
Rice,Laterite soils,7.142480781761127,0,6.13,145.4650010321932,2.084973135653419,23.04,825.0,66.99,0
Tiwra,Alluvial soils,28.87196897058254,0,6.59,17.161441426265586,4.476599320211214,30.0,939.22,64.7,0
Urd,Alluvial soils,18.245949358971803,1,6.39,144.86143436361849,4.22251584341133,26.01,839.77,71.3,1
Millets,Laterite soils,57.962788657384245,1,6.39,176.98515468543576,1.3308049793192296,29.38,803.48,79.59,1
Groundnut,Laterite soils,47.3154015978025,0,6.19,163.00709664528063,2.6080442594736524,22.74,872.45,61.47,0
Moong,Alluvial soils,72.89801626222972,0,6.04,147.08444454896002,1.630372576341142,28.81,841.9,64.29,0
Til,Alluvial soils,20.130363157001845,1,6.06,96.39301275682372,3.99987462399122,25.09,844.12,62.56,1
Mustard,Alluvial soils,2.3002039972834387,0,6.82,145.61959193869544,2.519545815592032,23.87,858.49,74.19,0
Kulthi,Black soils,64.62899831981025,0,6.52,83.52491651545493,1.5690018255421825,21.96,845.35,61.18,0
Moong,Laterite soils,4.258463097456195,0,5.6,181.9289995636216,3.8846723421151497,25.38,834.22,74.06,0
Tiwra,Red and Yellow soils,12.71408322731068,0,6.1,16.77495232897338,2.110155905799066,21.05,840.27,90.0,0
summer paddy,Red and Yellow soils,39.66105407075501,0,6.41,35.35427059036928,1.3256422203939051,21.27,951.86,67.04,0
Rice,Black soils,51.78490534951984,1,5.5,159.67777079366866,3.8935916410771423,21.8,873.29,76.93,1
Mustard,Red and Yellow soils,67.90567177519311,0,7.0,184.57009859164535,2.8827361969169605,24.67,830.58,89.98,0
Urd,Alluvial soils,91.70252765931488,0,6.61,15.605923247840275,3.5094411666075778,23.45,853.48,76.89,0
Niger,Black soils,2.645006445988896,0,5.92,149.7523142684901,3.7486793601665775,26.46,909.04,69.11,0
Soybean,Black soils,39.78177453222698,0,5.52,94.97051601405003,2.865401887107058,24.76,979.31,65.72,0
Mustard,Laterite soils,74.33462632790453,0,6.8,23.998040737995492,3.3383635311434943,29.19,891.53,77.05,0
Jwar,Black soils,87.71268641532818,0,6.31,15.698221174437968,2.9018118843038945,21.62,893.1,87.61,0
Groundnut,Alluvial soils,77.64734025846953,1,6.73,30.1290536211666,2.4437057909109408,23.83,909.59,67.19,0
Masoor,Alluvial soils,45.92043415033586,0,6.67,175.13241790304798,3.316894792035183,27.46,899.01,83.02,0
Millets,Red and Yellow soils,17.122970872144943,1,5.98,60.7652239322664,2.3761285663683043,26.73,906.4,67.98,1
Mustard,Laterite soils,2.422650386748149,1,5.5,50.003662732995785,1.3339062519960363,29.73,867.82,60.95,1
Kulthi,Alluvial soils,17.77720417995551,1,6.88,186.6233951811228,2.9967585527538096,22.22,833.49,64.61,1
Moong,Alluvial soils,42.49140354238396,0,5.93,56.1970084461051,2.8797560145626053,25.55,868.27,75.89,0
Soybean,Red and Yellow soils,79.46057483174057,0,6.31,150.462155599481,3.444350816677973,22.31,908.05,88.94,0
Urd,Alluvial soils,37.78258122050927,1,5.83,46.08242628582618,2.6125853106729853,27.22,843.97,72.82,0
Gram,Alluvial soils,92.8493387422751,1,6.79,64.25799140275164,4.914860850641632,28.37,925.52,72.26,1
Millets,Alluvial soils,3.618996042561992,0,6.14,195.20677589698155,0.9929670665083924,26.13,834.75,86.87,0
Millets,Alluvial soils,23.54097596703025,1,6.52,57.43568008837477,1.5978107189656572,25.73,903.7,85.21,1
Moong,Laterite soils,4.258463097456195,0,5.81,181.9289995636216,3.8846723421151497,25.7,935.64,76.85,0
Soybean,Black soils,43.93909969768636,1,6.8,187.44094250103575,3.156684445310398,28.3,862.44,84.84,1
summer paddy,Red and Yellow soils,39.66105407075501,0,6.27,35.35427059036928,1.3256422203939051,21.95,899.72,67.01,0
Jwar,Alluvial soils,33.52139305008494,1,6.41,170.24519022942422,1.7358279923002595,26.18,942.87,65.56,1
summer paddy,Laterite soils,57.82058689786627,0,6.18,53.81319082011551,2.8357837897845606,21.36,929.2,74.48,0
Tiwra,Red and Yellow soils,16.381665237746383,1,6.2,84.8078611948209,1.039182547558261,26.4,843.48,79.09,0
Gram,Black soils,60.6590114165344,0,5.8,89.25746879492321,4.041605590451173,25.98,831.84,83.49,0
Jwar,Alluvial soils,8.770750022223734,1,6.02,115.99582439793596,2.540243063469655,22.72,949.3,84.3,1
Rice,Red and Yellow soils,65.11829897838918,0,6.68,175.61385743537613,1.910934434431556,28.8,881.71,67.3,0
Jwar,Black soils,13.99127022595174,1,6.54,96.4732462540386,1.8688803337971989,23.67,897.42,76.66,1
Masoor,Alluvial soils,17.051062582241848,1,7.0,158.50864420956958,2.1741170604411213,23.42,782.67,82.39,1
summer paddy,Laterite soils,57.82058689786627,0,6.15,53.81319082011551,2.8357837897845606,22.16,922.16,75.16,0
Mustard,Laterite soils,53.54515854139666,1,6.81,108.2514903397496,3.718948332542829,27.16,842.14,68.16,1
Groundnut,Alluvial soils,51.66383286816028,0,6.46,98.78595372126168,1.518977035891242,20.12,925.03,70.43,0
Urd,Laterite soils,59.08990961897472,0,5.76,192.0845844938899,2.9650442270922275,23.06,897.4,64.07,0
Masoor,Black soils,76.58104466203038,0,6.3,112.258823548082,0.8441663455221252,27.69,889.0,72.56,0
Millets,Laterite soils,40.123933186942935,1,6.03,78.28259692949361,2.6365415718597265,25.85,952.25,72.74,1
Groundnut,Black soils,13.083322941050284,0,6.03,85.59418473765709,3.41430524157662,24.5,970.55,65.24,0
Soybean,Alluvial soils,45.929950244441066,1,6.67,146.06295145488895,4.868631700892124,26.19,862.14,74.86,0
Niger,Black soils,41.79287336304921,0,7.0,54.696853754845804,1.7969102556076575,24.44,866.1,73.51,0
Jwar,Alluvial soils,21.797420722217726,0,6.41,83.75345151111428,2.0437014769879367,25.22,792.65,90.0,0
Tiwra,Alluvial soils,94.65421714056572,0,5.5,98.95128901135244,3.864899065380877,22.6,939.62,90.0,0
Jwar,Alluvial soils,75.59152131396844,1,6.58,79.91476651727123,4.875495742078561,21.85,815.62,77.89,1
Mustard,Red and Yellow soils,47.35020570684794,1,7.0,14.979387934802954,2.7212244906205534,23.94,774.64,78.01,0
Niger,Black soils,56.17716140693022,1,6.61,42.88801275230651,2.992074792161899,25.36,835.37,72.77,0
Rice,Alluvial soils,49.78214071680444,0,6.51,54.89730595991944,1.04622923932641,21.58,934.48,69.87,0
Tiwra,Alluvial soils,49.96403886906193,0,6.44,129.23233750459332,1.024483141899196,26.51,887.73,69.97,0
Millets,Alluvial soils,45.51927766356464,0,6.25,17.637805914713663,4.038528886844827,22.93,840.88,64.33,0
Soybean,Red and Yellow soils,79.46057483174057,0,6.45,150.462155599481,3.444350816677973,21.92,832.25,84.32,0
Moong,Alluvial soils,40.61480583667867,1,5.83,166.39544242161517,4.281051864970563,29.59,872.77,60.08,1
Tiwra,Laterite soils,88.94512805109724,0,5.67,56.3932872429863,2.278022077517278,20.0,846.19,87.97,0
Rice,Red and Yellow soils,94.9606118039142,0,5.5,54.1128672085785,1.619877527026648,21.78,937.32,60.0,0
Millets,Alluvial soils,83.4164579675254,0,6.51,146.3607032263529,4.542588877178431,22.81,877.16,83.02,0
Gram,Red and Yellow soils,82.24193371365227,1,6.45,186.49446950562293,3.4182091680119338,20.0,854.2,60.0,1
Til,Red and Yellow soils,85.94972915026943,1,5.5,124.22027903539907,4.9855581453472375,21.51,840.79,77.0,1
Masoor,Red and Yellow soils,42.05432526241285,0,7.0,90.60728467834542,3.089700259916918,24.49,873.53,66.95,0
Pea,Alluvial soils,16.94988061339748,1,7.0,184.5564527018232,4.554417666294789,25.1,801.19,66.05,1
Gram,Black soils,78.84309895532813,1,6.36,101.37659921705163,0.5595492491183836,20.9,884.81,79.55,0
Til,Red and Yellow soils,63.93819639548853,1,6.12,86.5501462725284,0.8314949690878561,27.95,882.74,70.08,1
Tiwra,Alluvial soils,49.96403886906193,0,6.63,129.23233750459332,1.024483141899196,25.83,872.03,71.21,0
Millets,Red and Yellow soils,17.122970872144943,1,6.06,60.7652239322664,2.3761285663683043,26.26,899.6,71.83,1
Pea,Red and Yellow soils,77.1904149781785,1,6.42,159.6942075375746,3.61915464017993,26.86,853.0,60.0,1
Maize,Black soils,65.32355202698167,0,5.54,153.432927891906,1.8221311119500412,21.11,848.65,72.89,0
Masoor,Red and Yellow soils,15.573043648692993,0,5.78,40.394151236744186,2.3537196802479925,27.46,873.23,71.01,0
Maize,Black soils,19.463557757075588,0,6.49,125.4704718867283,2.598418486481846,23.64,923.1,77.69,0
Soybean,Red and Yellow soils,79.46057483174057,0,6.4,150.462155599481,3.444350816677973,21.66,882.95,82.12,0
Niger,Laterite soils,4.079749834554197,0,5.67,99.53335179078957,3.6129767886177073,23.62,862.3,65.5,0
Mustard,Black soils,19.12922251866725,1,5.89,103.50209792378745,2.617585675899809,28.94,946.41,66.63,0
Tiwra,Black soils,94.76385180041332,0,6.79,110.7678118617717,0.8166051320582242,28.97,836.9,89.59,0
Gram,Black soils,60.6590114165344,0,5.5,89.25746879492321,4.041605590451173,25.51,817.58,87.65,0
summer paddy,Red and Yellow soils,1.3568197489404303,1,5.86,169.14624833347128,4.405057679473639,30.0,923.81,81.19,0
Masoor,Red and Yellow soils,63.29267823677274,1,5.77,149.29521124251127,1.6236523171898996,20.78,924.72,63.63,1
Gram,Black soils,7.538508193294686,1,6.53,22.895319575658647,0.7515476161379425,24.25,922.7,85.05,0
Pea,Alluvial soils,63.2123421474168,1,6.12,30.08992185887418,2.1099619017340947,27.89,947.08,65.61,0
Kulthi,Laterite soils,97.05327118037404,1,7.0,33.70437264492988,4.118308574057645,26.94,801.92,74.27,0
Soybean,Black soils,99.34559799516776,0,6.9,135.6931179241448,1.381824872493303,23.68,828.55,74.56,0
Kulthi,Red and Yellow soils,4.874093193902079,0,5.79,58.01984131719706,1.2796791167350348,20.68,865.91,83.81,0
Mustard,Alluvial soils,29.138359213116704,0,6.34,163.4305505984715,3.5913293882148416,26.14,888.12,60.0,0
Wheat,Alluvial soils,19.530682289860536,0,5.81,40.60874305282016,2.7283560112256846,25.25,905.76,79.9,0
Soybean,Black soils,43.93909969768636,1,7.0,187.44094250103575,3.156684445310398,27.46,838.55,86.37,1
Wheat,Red and Yellow soils,19.63023274762661,0,5.68,132.24686057442185,4.182026033346189,28.99,933.88,65.24,0
Tiwra,Red and Yellow soils,49.47275930960727,1,6.59,64.97986652212177,4.40748983958334,26.79,801.23,85.06,0
Tiwra,Laterite soils,41.61828535466275,1,6.26,25.379723997991185,4.950763297623329,25.38,897.28,64.2,0
Jwar,Alluvial soils,25.85682337890519,1,5.61,102.61050271033608,4.377680196883321,26.36,957.79,85.1,0
Kulthi,Alluvial soils,67.60628023713699,0,5.5,34.05724834084618,3.7087473186135087,28.42,885.98,61.32,0
Masoor,Black soils,32.78096124453907,1,5.84,155.80477364636056,4.464364499262837,27.82,909.14,85.54,1
Urd,Black soils,6.69515158775076,0,6.54,187.8070287106091,1.1930450406000916,22.24,936.23,73.2,0
Rice,Laterite soils,36.067847125393314,1,5.89,45.080516013725855,3.846756333323527,20.0,918.82,64.48,0
Kulthi,Black soils,39.49071677717886,0,6.0,60.39751234176016,3.8970756841866954,26.8,958.86,65.76,0
Niger,Black soils,30.080933360930537,0,5.71,52.22680121536878,1.086363801815192,27.03,865.61,69.31,0
Urd,Laterite soils,66.47259153046967,1,6.34,141.76502902740526,2.4215107907859093,30.0,937.84,63.86,1
Kulthi,Alluvial soils,67.60628023713699,0,5.5,34.05724834084618,3.7087473186135087,29.6,890.91,60.96,0
Niger,Laterite soils,4.079749834554197,0,5.5,99.53335179078957,3.6129767886177073,25.36,950.81,67.6,0
Kulthi,Laterite soils,20.90726535219855,0,6.62,98.52331092318568,2.606152200854422,24.88,836.04,73.17,0
Til,Alluvial soils,48.12232243119416,1,6.02,159.19400511003866,4.48088955820164,20.0,812.88,77.32,1
Mustard,Red and Yellow soils,67.90567177519311,0,6.98,184.57009859164535,2.8827361969169605,23.22,813.01,83.26,0
Kulthi,Red and Yellow soils,77.23112760032592,0,6.78,189.48722932169497,0.7063293420201492,23.25,834.91,83.16,0
Millets,Alluvial soils,66.1773521263443,1,6.29,121.45483757861142,4.880676349583943,23.45,825.38,68.85,1
Gram,Alluvial soils,6.631856397258757,1,6.49,199.531133950268,4.800063599754694,21.28,825.84,86.82,0
Mustard,Laterite soils,50.57716960311954,0,5.8,79.28921525200687,1.641631398260391,26.41,912.33,81.77,0
Kulthi,Alluvial soils,54.81048353532652,1,6.07,24.193410570245213,4.594332152474536,26.88,956.4,65.32,0
Moong,Laterite soils,66.7431644007017,1,6.03,36.37326995857885,1.941595947520944,22.57,849.8,73.98,0
Til,Alluvial soils,95.1984444835079,0,5.92,142.64313814170387,3.0749607676792494,26.47,894.08,85.93,0
summer paddy,Alluvial soils,68.88862950071787,1,5.79,73.83428244149384,0.5966557233781861,27.93,926.36,81.86,1
Pea,Black soils,52.66967119754954,1,5.78,193.05858625795943,1.4970629237169906,26.85,910.15,90.0,1
Rice,Alluvial soils,55.7182474465031,0,6.49,34.65834578689061,2.032096363927362,28.73,953.07,60.4,0
Urd,Alluvial soils,91.70252765931488,0,6.97,15.605923247840275,3.5094411666075778,24.6,864.49,75.47,0
Niger,Laterite soils,14.75564765833209,1,5.87,43.53470873409088,3.958799053421168,29.07,845.03,85.31,0
Tiwra,Alluvial soils,42.73461385557504,1,6.57,46.60885970748865,2.3240919163041704,27.82,940.3,74.87,0
Jwar,Alluvial soils,21.797420722217726,0,6.5,83.75345151111428,2.0437014769879367,26.49,883.59,89.66,0
Pea,Black soils,60.61327630651897,1,6.12,71.88729840163472,3.3834428136844004,27.88,831.88,60.0,1
Jwar,Black soils,6.792207993494205,1,5.73,141.9426703662678,3.0373075279627453,27.02,855.98,81.81,0
Maize,Alluvial soils,34.904783067347054,0,6.81,17.703829613210928,0.5905315307981513,26.08,886.57,90.0,0
Tiwra,Laterite soils,44.157514598221695,0,6.32,20.786220688080256,4.760647059177217,23.11,831.28,70.55,0
Kulthi,Laterite soils,1.9575813458450015,0,6.28,135.07179394615684,2.663615249026792,23.08,859.43,81.07,0
Mustard,Laterite soils,2.422650386748149,1,5.64,50.003662732995785,1.3339062519960363,27.47,922.37,60.99,1
Arhar,Laterite soils,10.205047368034332,1,6.19,171.60702634754793,1.5679546063176029,28.4,935.57,79.01,0
Moong,Laterite soils,1.3350146708237651,0,6.11,27.21836674974315,4.5485522285277975,28.79,854.9,68.75,0
Rice,Red and Yellow soils,62.88030372406628,0,5.97,69.50062910462015,4.898555948589926,24.01,963.99,72.46,0
Soybean,Red and Yellow soils,64.9013741262986,0,5.8,175.0559582444221,3.45476106865228,21.81,869.82,76.39,0
Tiwra,Alluvial soils,49.96403886906193,0,6.49,129.23233750459332,1.024483141899196,24.75,939.69,70.34,0
Gram,Red and Yellow soils,14.573215619358535,1,5.69,57.09839965697187,3.9514705976890343,25.54,923.84,83.17,0
Maize,Black soils,25.60173042272508,1,6.68,165.05125349950538,2.360850866018045,30.0,826.04,69.53,1
Mustard,Red and Yellow soils,63.63832068665308,0,6.38,88.53373490142508,1.9370490801246305,29.09,820.86,67.9,0
Millets,Laterite soils,48.74312011750155,0,5.98,120.33880048951929,2.4768589850115967,21.54,902.98,77.51,0
Wheat,Alluvial soils,86.71163811325147,1,6.29,54.94653337104506,3.359167289944513,28.97,937.28,83.1,1
Tiwra,Red and Yellow soils,49.47275930960727,1,6.78,64.97986652212177,4.40748983958334,24.17,904.24,89.2,0
Soybean,Black soils,43.93909969768636,1,6.73,187.44094250103575,3.156684445310398,27.15,803.93,86.21,1
Moong,Black soils,66.35159251639024,0,6.02,154.92011886243904,4.532794847215374,26.41,931.04,64.07,0
Jwar,Alluvial soils,8.770750022223734,1,6.01,115.99582439793596,2.540243063469655,23.35,807.96,90.0,1
Mustard,Alluvial soils,29.138359213116704,0,6.01,163.4305505984715,3.5913293882148416,27.22,975.33,63.32,0
Til,Black soils,85.01927690614711,0,6.72,142.2143460301832,3.3364185717505808,21.61,899.46,78.02,0
Masoor,Black soils,35.88229477097293,0,6.65,78.05785247904603,3.7076108701053294,26.58,865.64,60.46,0
Wheat,Laterite soils,92.6074773325522,1,5.65,171.06465646258272,1.1677687279613973,25.25,831.15,75.57,1
Niger,Black soils,30.080933360930537,0,5.62,52.22680121536878,1.086363801815192,24.62,877.27,66.42,0
Tiwra,Red and Yellow soils,97.38715723126916,1,6.57,137.4889698215875,2.0734056158904988,26.78,815.45,90.0,1
Til,Red and Yellow soils,80.31440413281457,0,5.79,77.60609722671164,0.5869799739884878,26.25,894.62,68.45,0
Kulthi,Alluvial soils,92.5492169547469,1,6.72,172.39818815807868,1.6613788159021248,28.88,818.39,84.39,1
Tiwra,Black soils,63.70051960241635,1,6.79,78.64897896002441,4.51494091656409,23.09,872.06,90.0,0
Tiwra,Red and Yellow soils,27.092825029366224,1,6.11,153.70269592651675,1.2125187749279782,26.67,917.49,63.53,1
Maize,Black soils,25.60173042272508,1,6.68,165.05125349950538,2.360850866018045,30.0,845.62,68.55,1
Pea,Alluvial soils,34.82813570853206,1,7.0,39.67680173556278,0.8048689074476658,29.1,803.6,71.93,0
Niger,Black soils,2.645006445988896,0,6.0,149.7523142684901,3.7486793601665775,27.3,946.78,75.33,0
Til,Alluvial soils,20.130363157001845,1,5.91,96.39301275682372,3.99987462399122,26.6,915.05,63.79,1
Jwar,Alluvial soils,33.52139305008494,1,6.0,170.24519022942422,1.7358279923002595,24.89,874.19,67.86,1
Urd,Red and Yellow soils,21.596618772360653,1,6.7,136.9355851898517,2.343072110888093,20.19,860.16,84.52,1
Soybean,Laterite soils,50.60103662954688,0,6.12,171.12574873717588,2.589034966808882,20.0,811.36,71.5,0
Tiwra,Black soils,94.76385180041332,0,6.85,110.7678118617717,0.8166051320582242,26.61,902.93,85.94,0
Jwar,Alluvial soils,77.34890187462672,0,5.92,187.39893140589743,4.13407204546712,22.72,934.51,61.54,0
Rice,Red and Yellow soils,7.996150840499768,0,6.97,73.07030318124619,1.7926143362906817,24.55,888.87,79.21,0
Masoor,Black soils,57.674849565932185,0,6.56,50.45115979273248,1.5982455206728323,22.97,843.3,65.87,0
Til,Red and Yellow soils,83.59129485493202,0,6.35,36.09993908037054,0.925693566787786,23.48,910.6,69.09,0
Groundnut,Alluvial soils,7.595586649378683,1,6.72,32.52112578042177,2.090866635406147,22.22,842.3,61.69,0
Niger,Black soils,41.408301825253936,1,6.14,31.68152038748095,2.551580468611744,21.93,865.03,63.64,0
summer paddy,Alluvial soils,68.88862950071787,1,5.98,73.83428244149384,0.5966557233781861,25.68,954.24,81.21,1
Millets,Laterite soils,40.123933186942935,1,5.61,78.28259692949361,2.6365415718597265,25.62,862.07,66.48,1
Kulthi,Alluvial soils,17.77720417995551,1,6.73,186.6233951811228,2.9967585527538096,21.54,818.12,67.81,1
Maize,Alluvial soils,34.904783067347054,0,6.91,17.703829613210928,0.5905315307981513,27.93,838.14,90.0,0
Rice,Alluvial soils,55.7182474465031,0,6.07,34.65834578689061,2.032096363927362,30.0,933.45,67.78,0
Urd,Laterite soils,2.7426498464331512,0,5.66,88.14528120125196,4.954035987983664,22.05,857.61,70.58,0
Arhar,Red and Yellow soils,89.63418660147754,0,6.01,197.40269607320457,2.917209527133356,25.04,857.67,74.6,0
Wheat,Alluvial soils,54.78604267673645,0,6.78,83.84981090417665,4.083958299034335,22.72,858.52,90.0,0
Jwar,Laterite soils,52.03647167552329,1,6.56,64.66675150721977,1.1856502725788038,29.35,813.34,63.46,1
Millets,Laterite soils,40.123933186942935,1,5.83,78.28259692949361,2.6365415718597265,25.02,861.28,66.4,1
Tiwra,Black soils,51.6709483055929,0,6.98,135.42477390060515,3.1134728386348294,22.82,783.1,81.7,0
Moong,Laterite soils,44.60788148262814,1,5.93,83.79284451275134,2.217174315777015,26.69,923.64,66.05,1
Arhar,Alluvial soils,39.45787077617061,1,6.57,191.36893057921523,4.646728325885565,20.0,831.9,66.3,0
Wheat,Red and Yellow soils,50.91070048310331,0,5.77,70.3847309463337,4.94260898334276,26.21,818.31,84.26,0
Masoor,Black soils,95.87154982405876,1,6.63,129.9810832257704,0.5034414484512415,20.0,830.34,60.0,1
Jwar,Black soils,6.792207993494205,1,6.09,141.9426703662678,3.0373075279627453,28.24,838.65,78.06,0
Maize,Black soils,25.60173042272508,1,6.66,165.05125349950538,2.360850866018045,29.84,831.41,68.1,1
Kulthi,Alluvial soils,54.81048353532652,1,6.0,24.193410570245213,4.594332152474536,26.7,858.78,62.55,0
Til,Laterite soils,82.11526872345533,0,5.87,179.22366038694898,3.004640999287888,26.4,982.19,64.97,0
summer paddy,Alluvial soils,49.74984625046088,1,6.68,177.06316827987376,3.0524203994909347,20.95,780.46,75.58,1
Rice,Laterite soils,36.067847125393314,1,5.69,45.080516013725855,3.846756333323527,21.44,907.56,60.52,0
Urd,Laterite soils,2.7426498464331512,0,5.95,88.14528120125196,4.954035987983664,22.83,871.46,68.01,0
Niger,Alluvial soils,40.72168891707997,1,6.33,64.74785133657514,2.41594149570782,25.06,914.53,73.62,1
Kulthi,Laterite soils,97.05327118037404,1,6.87,33.70437264492988,4.118308574057645,26.23,855.48,74.82,0
Arhar,Alluvial soils,57.32803334236286,1,7.0,178.80845618528306,2.3443978045744327,28.27,765.12,86.83,1
Maize,Red and Yellow soils,92.61970763557478,1,6.64,58.18133438986627,3.1266305880832834,29.02,897.08,65.93,0
Urd,Alluvial soils,3.862270503389171,0,6.94,55.87963143873647,4.218136005495886,20.0,777.5,84.3,0
Maize,Black soils,65.32355202698167,0,5.67,153.432927891906,1.8221311119500412,20.16,893.94,71.47,0
Tiwra,Alluvial soils,94.65421714056572,0,5.57,98.95128901135244,3.864899065380877,21.02,931.59,90.0,0
Gram,Alluvial soils,44.36061613463463,1,5.89,51.92836348552057,1.185780320544819,22.1,908.75,70.98,1
Urd,Laterite soils,56.01656404336428,1,5.5,169.6786697669429,1.2509461554512062,27.31,947.02,77.79,1
Moong,Laterite soils,44.60788148262814,1,5.74,83.79284451275134,2.217174315777015,23.86,880.1,63.11,1
Jwar,Alluvial soils,50.27501027132872,0,6.75,103.71091740391591,4.248261783890516,24.03,899.14,64.88,0
Mustard,Alluvial soils,12.351657408054075,1,6.02,74.45869273649792,2.028361205368407,21.9,920.94,77.7,1
Maize,Alluvial soils,84.40064941289427,0,6.97,117.3407974676231,2.5830017311527627,29.95,793.62,90.0,0
Jwar,Black soils,43.34241591110462,0,5.98,55.8071284120974,4.114829632169133,20.93,889.96,82.04,0
Urd,Black soils,54.97589680292262,1,5.89,182.3901767961132,0.6312941161897548,25.01,882.79,86.21,0
Gram,Alluvial soils,6.631856397258757,1,6.63,199.531133950268,4.800063599754694,23.17,915.21,82.94,0
Niger,Red and Yellow soils,30.05926746262701,0,5.86,171.41131547239257,3.621531844526511,28.87,905.35,67.96,0
Tiwra,Laterite soils,99.79302285723834,1,6.07,28.356863022535748,2.7788430905388597,25.82,861.15,86.54,0
Rice,Black soils,52.65669190477372,1,6.23,134.8384120738132,3.631008437924299,29.36,836.42,66.42,1
Jwar,Alluvial soils,93.969049183815,1,6.4,83.89046853013258,1.8300016425041368,25.45,853.54,82.47,1
Kulthi,Black soils,5.487798902751413,0,5.89,116.7863204842874,2.954194231161236,22.98,909.73,61.41,0
Tiwra,Red and Yellow soils,36.11241183442073,0,5.92,127.43746461709286,3.6934087696499662,30.0,863.21,61.05,0
Masoor,Red and Yellow soils,63.29267823677274,1,5.74,149.29521124251127,1.6236523171898996,21.68,932.64,64.82,1
Groundnut,Laterite soils,34.78961480849945,1,6.5,100.82047107807897,4.765268097487416,24.35,818.03,86.22,1
Kulthi,Laterite soils,93.89813650383569,0,6.78,193.230305006838,2.25817436042408,29.12,852.71,60.0,0
Mustard,Alluvial soils,5.985936900346184,1,5.65,55.23498004685733,0.9143669321101572,22.64,845.83,66.1,1
Gram,Black soils,7.538508193294686,1,6.6,22.895319575658647,0.7515476161379425,24.49,850.46,90.0,0
Moong,Red and Yellow soils,6.70159104623501,0,6.86,154.37849353994258,1.4738508434764648,21.38,915.94,60.0,0
Gram,Laterite soils,53.836448220478616,0,6.06,15.2236049976858,0.9405202056930708,23.43,964.3,67.13,0
Niger,Black soils,30.080933360930537,0,5.59,52.22680121536878,1.086363801815192,26.69,879.18,72.74,0
Gram,Red and Yellow soils,63.32634654351951,1,5.5,83.0836277339837,1.436439024649144,25.83,973.81,81.88,1
Tiwra,Laterite soils,46.4327359055748,0,6.54,65.38166189792891,1.8247075099447776,24.24,914.67,76.53,0
Arhar,Laterite soils,74.64442798330771,1,6.16,155.32653226232352,1.9369977433354968,27.88,947.6,85.96,1
Gram,Alluvial soils,40.02287500376711,1,6.74,152.92792867079348,3.896782705565548,25.03,944.46,64.04,1
Pea,Black soils,52.66967119754954,1,5.91,193.05858625795943,1.4970629237169906,25.82,872.56,89.47,1
Til,Alluvial soils,20.130363157001845,1,6.23,96.39301275682372,3.99987462399122,24.34,959.72,62.82,1
Tiwra,Laterite soils,77.41000299816143,0,5.59,102.68567704073148,4.5790889615245725,20.0,864.36,64.2,0
Rice,Alluvial soils,49.78214071680444,0,6.77,54.89730595991944,1.04622923932641,20.83,822.8,75.84,0
Jwar,Red and Yellow soils,54.09861316205604,1,5.5,43.55196900142567,2.5235327567755976,28.28,931.62,69.42,0
summer paddy,Alluvial soils,68.88862950071787,1,5.89,73.83428244149384,0.5966557233781861,27.0,901.28,73.92,1
Urd,Laterite soils,56.01656404336428,1,5.77,169.6786697669429,1.2509461554512062,30.0,862.86,71.53,1
Gram,Red and Yellow soils,82.07588905682253,0,6.72,18.009491866681152,3.233362891898263,20.03,818.91,75.73,0
Groundnut,Laterite soils,65.31840295659302,0,7.0,141.36645020981774,4.393638773635823,25.2,871.51,84.6,0
Wheat,Black soils,27.701983404171347,1,6.79,165.79370043835235,0.8135175506595091,26.16,791.91,88.1,1
Gram,Alluvial soils,96.98944330900548,0,6.53,18.44939670465994,1.562279272549458,24.18,923.51,73.12,0
summer paddy,Red and Yellow soils,23.656969306526207,1,6.82,160.81222387384514,2.887401159556615,30.0,791.5,65.97,1
Urd,Alluvial soils,18.245949358971803,1,6.58,144.86143436361849,4.22251584341133,27.97,848.46,69.42,1
Arhar,Alluvial soils,91.85485510003234,0,6.3,76.53287840752338,1.2994679672213083,30.0,828.87,83.01,0
Til,Laterite soils,79.9474430875547,1,5.94,173.28889307383915,3.202864513601942,22.38,950.2,60.0,1
Gram,Black soils,43.903327920986655,1,7.0,153.1401018257682,2.190934023980345,26.48,872.35,80.64,1
Masoor,Black soils,95.87154982405876,1,6.63,129.9810832257704,0.5034414484512415,20.0,849.8,60.0,1
Urd,Black soils,30.25969736488654,0,6.13,28.04568065397041,1.8011830369833524,28.58,814.35,90.0,0
Tiwra,Laterite soils,60.57467976893646,1,6.09,164.37331614576615,2.163674478018338,24.78,853.18,72.75,0
Tiwra,Laterite soils,66.59744978514821,1,6.33,180.71957832423595,3.992147155611458,29.1,895.29,82.91,0
Millets,Laterite soils,48.74312011750155,0,6.09,120.33880048951929,2.4768589850115967,20.35,893.84,79.15,0
Millets,Red and Yellow soils,70.98318926589636,1,6.95,74.80825570491946,3.7312992983988873,25.7,904.52,63.98,1
Niger,Black soils,2.645006445988896,0,5.95,149.7523142684901,3.7486793601665775,26.24,954.67,71.04,0
Kulthi,Alluvial soils,67.60628023713699,0,5.71,34.05724834084618,3.7087473186135087,30.0,911.92,60.0,0
Arhar,Black soils,58.272667448535096,0,5.84,146.75311324207283,0.571651324312384,20.93,846.41,64.41,0
Pea,Alluvial soils,30.453837006264006,0,5.55,185.93651068955492,1.0198778892903464,28.99,845.66,76.57,0
Tiwra,Black soils,97.158326515426,0,5.5,132.63690929018293,0.9977835566720724,21.84,877.1,72.87,0
Kulthi,Black soils,19.94313150748539,1,6.99,97.58946583215312,2.988773303025213,21.76,897.78,87.54,1
Masoor,Alluvial soils,71.71208281936302,0,6.79,31.377403355249527,1.0655330314056928,27.81,893.52,67.54,0
Mustard,Laterite soils,71.43977713087003,0,5.72,192.4061665391249,2.318230840930169,22.4,922.95,80.45,0
Jwar,Laterite soils,92.81866674409925,1,5.9,159.32913111736443,4.144766898974626,22.15,932.45,76.81,0
Kulthi,Black soils,93.64418332139984,1,5.54,135.85787194702743,2.7374408939283854,29.13,968.45,90.0,1
Kulthi,Laterite soils,31.16493766854265,0,6.79,37.76578110224007,3.3810076514253757,21.99,922.3,65.71,0
Maize,Alluvial soils,14.964041185953416,1,6.82,139.1026557896301,1.843602189402552,27.61,839.12,68.84,1
Niger,Alluvial soils,30.9149550672235,0,6.86,25.390180382606133,4.890082443067278,21.87,902.12,83.64,0
Arhar,Alluvial soils,39.45787077617061,1,6.49,191.36893057921523,4.646728325885565,20.52,821.2,66.21,0
Jwar,Black soils,87.71268641532818,0,6.16,15.698221174437968,2.9018118843038945,23.44,833.97,86.01,0
Jwar,Alluvial soils,75.59152131396844,1,6.89,79.91476651727123,4.875495742078561,21.47,789.6,72.39,1
Mustard,Red and Yellow soils,67.90567177519311,0,6.96,184.57009859164535,2.8827361969169605,25.02,838.79,89.96,0
Jwar,Red and Yellow soils,28.76255629578411,1,5.98,177.41725250309972,0.8627567390016935,26.82,824.54,69.57,1
Jwar,Laterite soils,52.03647167552329,1,6.46,64.66675150721977,1.1856502725788038,29.04,827.43,61.89,1
Kulthi,Black soils,5.487798902751413,0,6.0,116.7863204842874,2.954194231161236,23.53,938.77,66.51,0
Wheat,Alluvial soils,19.530682289860536,0,6.02,40.60874305282016,2.7283560112256846,24.6,797.04,84.7,0
Maize,Alluvial soils,84.40064941289427,0,7.0,117.3407974676231,2.5830017311527627,28.69,804.23,89.94,0
Jwar,Black soils,13.99127022595174,1,6.42,96.4732462540386,1.8688803337971989,23.69,938.15,75.38,1
summer paddy,Laterite soils,57.82058689786627,0,6.21,53.81319082011551,2.8357837897845606,21.94,806.26,77.52,0
Millets,Black soils,3.6021924614231,0,6.27,20.467091914049288,0.5161914575404415,26.96,802.77,80.92,0
Millets,Alluvial soils,43.70916466330876,1,5.83,39.41587779577248,2.043259526678144,26.08,947.77,87.15,0
Gram,Alluvial soils,96.98944330900548,0,6.67,18.44939670465994,1.562279272549458,22.79,902.02,72.54,0
Gram,Black soils,43.903327920986655,1,6.63,153.1401018257682,2.190934023980345,25.68,908.8,82.67,1
Jwar,Black soils,28.67326065577008,0,6.21,62.69765596562617,3.9383874571860433,21.81,859.78,77.7,0
Groundnut,Laterite soils,47.3154015978025,0,5.93,163.00709664528063,2.6080442594736524,22.83,915.7,64.19,0
Tiwra,Red and Yellow soils,45.40305501460495,1,5.5,63.94801167122259,4.253171358306454,27.55,851.62,81.15,1
Tiwra,Alluvial soils,94.65421714056572,0,5.5,98.95128901135244,3.864899065380877,22.12,873.27,88.93,0
Pea,Black soils,35.50207418332751,0,5.97,155.1924950643728,4.558757044762429,28.35,878.29,68.61,0
Maize,Black soils,87.75885918969198,0,5.59,139.78469040599293,1.3665129133839682,25.12,873.83,82.53,0
Millets,Alluvial soils,3.618996042561992,0,6.39,195.20677589698155,0.9929670665083924,27.15,805.39,90.0,0
Mustard,Alluvial soils,2.3002039972834387,0,6.81,145.61959193869544,2.519545815592032,26.32,777.83,76.64,0
Kulthi,Black soils,23.189085786347796,0,6.05,189.8627111419892,2.7848888056767773,30.0,819.48,87.24,0
summer paddy,Black soils,99.14865361366142,0,6.29,134.30705078512983,1.949386589804747,24.74,883.09,62.89,0
summer paddy,Black soils,99.14865361366142,0,6.44,134.30705078512983,1.949386589804747,23.99,893.21,62.35,0
Urd,Laterite soils,59.08990961897472,0,5.92,192.0845844938899,2.9650442270922275,23.25,920.75,60.43,0
Arhar,Laterite soils,96.60763642238672,0,6.5,133.99567920563555,1.2167870909791818,20.69,856.94,82.86,0
Urd,Red and Yellow soils,45.498714553357374,0,6.94,78.41811791005178,2.4597531594443405,21.31,888.18,77.8,0
Pea,Red and Yellow soils,57.89621108388996,1,5.87,140.3534641806105,3.0806227397827857,26.97,855.74,89.1,1
Pea,Red and Yellow soils,14.258821823399837,1,6.55,181.6323051076012,4.302368943900499,25.78,949.44,63.85,1
Arhar,Alluvial soils,39.45787077617061,1,6.62,191.36893057921523,4.646728325885565,20.0,873.36,67.75,0
Pea,Red and Yellow soils,32.745807896062146,1,5.74,26.481396356110054,4.152733501535543,23.94,812.56,85.62,0
Urd,Black soils,24.427711240308238,0,6.22,40.40200266895553,4.121770237149953,25.12,904.8,90.0,0
summer paddy,Red and Yellow soils,73.54687524942415,0,5.79,142.93725689571534,4.918276974920083,23.4,970.75,67.42,0
Jwar,Black soils,43.34241591110462,0,6.07,55.8071284120974,4.114829632169133,21.88,849.6,86.35,0
Arhar,Laterite soils,10.205047368034332,1,6.17,171.60702634754793,1.5679546063176029,27.96,921.8,77.93,0
Pea,Black soils,96.80767801393904,0,6.48,195.8016411514046,1.166165615757137,21.57,821.89,79.12,0
Arhar,Alluvial soils,84.94829653763078,0,6.55,148.30405234987228,2.085751113035552,24.47,813.91,76.82,0
Til,Laterite soils,72.63236990744744,0,6.02,91.21425103639508,0.6719788045907025,26.88,835.39,69.37,0
Niger,Black soils,41.79287336304921,0,6.9,54.696853754845804,1.7969102556076575,24.73,786.4,71.47,0
Millets,Alluvial soils,95.28279889194648,1,6.58,29.144702967043564,4.024157339354911,21.74,863.01,66.54,0
Urd,Laterite soils,2.7426498464331512,0,5.93,88.14528120125196,4.954035987983664,22.61,851.41,67.57,0
Gram,Black soils,18.54638357946299,1,5.85,34.31846563723244,1.5054079551932045,24.04,949.05,70.25,0
Tiwra,Laterite soils,83.03751864098753,0,5.81,103.43937315702806,4.951128879703812,29.08,865.3,76.12,0
Gram,Laterite soils,94.10126247062009,0,5.83,72.58126430651672,2.1511369511760727,24.71,928.67,60.0,0
Millets,Alluvial soils,83.4164579675254,0,6.34,146.3607032263529,4.542588877178431,24.97,825.35,82.86,0
Jwar,Laterite soils,83.11521733640478,1,5.83,135.05875811788147,2.826652317689744,25.4,907.77,60.66,1
Jwar,Red and Yellow soils,28.76255629578411,1,5.95,177.41725250309972,0.8627567390016935,24.86,869.27,66.66,1
Gram,Alluvial soils,96.98944330900548,0,6.45,18.44939670465994,1.562279272549458,23.25,884.31,71.08,0
Masoor,Black soils,57.674849565932185,0,6.54,50.45115979273248,1.5982455206728323,23.08,800.6,64.5,0
summer paddy,Black soils,99.14865361366142,0,6.06,134.30705078512983,1.949386589804747,23.75,831.15,60.99,0
Soybean,Black soils,98.59433372410363,0,5.8,78.26901572028348,4.212803098596902,23.69,917.77,70.17,0
Groundnut,Alluvial soils,36.793994091155895,0,6.11,191.11670343048607,4.024925591961438,26.84,894.37,85.25,0
Gram,Red and Yellow soils,19.447014158096326,0,7.0,144.3782799628782,2.1302329607260293,30.0,899.2,87.65,0
Gram,Black soils,7.859205242978358,0,6.46,59.29153611037987,1.2925953541039088,23.54,820.08,69.88,0
Soybean,Black soils,80.18699184832587,1,6.14,66.79895680678409,2.870925046781913,27.97,887.96,80.97,1
Niger,Alluvial soils,40.72168891707997,1,6.3,64.74785133657514,2.41594149570782,24.14,923.28,74.57,1
Jwar,Alluvial soils,77.34890187462672,0,6.07,187.39893140589743,4.13407204546712,23.79,904.26,61.62,0
Jwar,Red and Yellow soils,14.921019331346107,0,6.29,199.58265014089395,3.3401633423800927,22.69,785.98,85.86,0
Groundnut,Laterite soils,65.31840295659302,0,6.74,141.36645020981774,4.393638773635823,25.53,904.33,85.46,0
Niger,Black soils,37.31419938079141,1,7.0,132.93729695324475,2.649581196463151,24.71,827.49,85.17,1
Mustard,Red and Yellow soils,67.90567177519311,0,6.75,184.57009859164535,2.8827361969169605,23.95,785.79,90.0,0
Soybean,Laterite soils,13.10812731307866,1,5.58,178.12965587280345,2.260207718353315,27.78,981.65,74.9,1
Jwar,Laterite soils,83.27429064883648,1,6.03,66.97405545052723,4.904528295647274,25.69,891.17,67.67,1
Soybean,Red and Yellow soils,64.9013741262986,0,5.69,175.0559582444221,3.45476106865228,23.1,917.29,71.61,0
Tiwra,Red and Yellow soils,27.092825029366224,1,5.9,153.70269592651675,1.2125187749279782,27.9,950.57,63.07,1
Soybean,Black soils,43.93909969768636,1,6.78,187.44094250103575,3.156684445310398,28.05,771.94,83.99,1
Maize,Black soils,38.61061367320439,0,6.0,170.31722106664762,0.5080767595702489,23.88,941.96,63.7,0
summer paddy,Alluvial soils,80.44770135267859,0,6.77,29.64755058306169,4.7260075846814615,21.51,763.82,85.17,0
Urd,Red and Yellow soils,45.498714553357374,0,6.84,78.41811791005178,2.4597531594443405,22.64,847.72,80.31,0
Wheat,Alluvial soils,86.54297981140141,0,6.81,108.46872549256152,3.65827855817515,20.09,825.93,66.99,0
Mustard,Red and Yellow soils,67.90567177519311,0,6.92,184.57009859164535,2.8827361969169605,23.3,819.89,88.82,0
Mustard,Laterite soils,61.737953589033744,0,5.83,65.69585886371809,1.5602596870875736,26.25,850.47,83.27,0
summer paddy,Alluvial soils,62.00398399717235,0,7.0,38.761830651487706,4.14766925501463,24.77,800.9,80.77,0
Mustard,Black soils,83.04704930059059,1,7.0,164.2968639673771,3.2910142681176096,21.67,898.68,86.21,1
Niger,Black soils,2.645006445988896,0,6.09,149.7523142684901,3.7486793601665775,25.96,835.97,69.69,0
Millets,Alluvial soils,3.618996042561992,0,6.09,195.20677589698155,0.9929670665083924,28.93,808.19,87.79,0
Millets,Alluvial soils,11.562316984377864,1,5.79,36.32941582572472,4.6043699786807775,23.2,852.63,68.92,0
Millets,Laterite soils,43.90448238355727,0,6.23,165.51927153855505,0.5251230931434431,20.35,849.8,65.57,0
Groundnut,Red and Yellow soils,96.74499664722,1,6.06,178.92269764733769,2.42511046193267,28.09,945.7,84.15,1
Soybean,Alluvial soils,1.0845160463029235,0,6.04,132.15140054930788,1.295639412046346,23.39,855.51,85.29,0
Gram,Alluvial soils,16.672643607007103,0,6.4,103.22443146605498,0.846637066382314,20.77,954.3,66.56,0
Gram,Black soils,7.538508193294686,1,6.88,22.895319575658647,0.7515476161379425,24.17,856.99,87.84,0
Mustard,Alluvial soils,91.82905732992558,1,6.66,53.74481212887618,1.5966321610404377,26.02,904.8,68.89,1
Kulthi,Black soils,64.62899831981025,0,6.44,83.52491651545493,1.5690018255421825,21.58,936.0,62.53,0
summer paddy,Red and Yellow soils,39.66105407075501,0,6.31,35.35427059036928,1.3256422203939051,20.96,949.7,64.48,0
Urd,Laterite soils,2.7426498464331512,0,5.93,88.14528120125196,4.954035987983664,24.48,972.8,63.19,0
Kulthi,Black soils,23.189085786347796,0,6.09,189.8627111419892,2.7848888056767773,28.87,902.18,90.0,0
Millets,Laterite soils,40.123933186942935,1,5.63,78.28259692949361,2.6365415718597265,23.54,849.95,67.6,1
Urd,Black soils,54.97589680292262,1,5.82,182.3901767961132,0.6312941161897548,24.74,841.16,82.0,0
Gram,Black soils,7.859205242978358,0,6.33,59.29153611037987,1.2925953541039088,22.55,941.56,71.38,0
Pea,Black soils,94.11254095151456,0,6.9,74.32011188400841,3.278071802192412,24.08,849.57,88.43,0
Pea,Red and Yellow soils,43.446323388532846,0,6.97,141.32630646402174,3.2583353976805944,27.73,904.35,64.45,0
Til,Alluvial soils,74.9101007065359,0,6.36,139.00895124661432,4.160729142666699,25.13,783.58,85.82,0
Til,Alluvial soils,20.130363157001845,1,6.28,96.39301275682372,3.99987462399122,24.73,922.82,66.95,1
Moong,Alluvial soils,42.49140354238396,0,5.95,56.1970084461051,2.8797560145626053,26.01,884.41,78.23,0
Urd,Black soils,54.97589680292262,1,5.74,182.3901767961132,0.6312941161897548,24.56,878.77,86.61,0
Wheat,Alluvial soils,54.78604267673645,0,6.82,83.84981090417665,4.083958299034335,22.98,798.82,90.0,0
Gram,Red and Yellow soils,63.32634654351951,1,5.58,83.0836277339837,1.436439024649144,27.83,866.73,83.71,1
Rice,Alluvial soils,49.78214071680444,0,6.85,54.89730595991944,1.04622923932641,21.9,833.97,71.98,0
Mustard,Alluvial soils,91.82905732992558,1,6.39,53.74481212887618,1.5966321610404377,25.44,807.69,69.99,1
Mustard,Laterite soils,71.43977713087003,0,5.85,192.4061665391249,2.318230840930169,20.95,909.27,80.5,0
Wheat,Alluvial soils,86.71163811325147,1,6.27,54.94653337104506,3.359167289944513,27.05,844.66,77.62,1
Rice,Red and Yellow soils,65.11829897838918,0,6.67,175.61385743537613,1.910934434431556,26.39,886.6,69.6,0
Tiwra,Alluvial soils,42.73461385557504,1,6.54,46.60885970748865,2.3240919163041704,27.16,895.71,77.15,0
Tiwra,Black soils,97.158326515426,0,5.52,132.63690929018293,0.9977835566720724,22.66,912.85,73.8,0
Jwar,Red and Yellow soils,28.76255629578411,1,6.11,177.41725250309972,0.8627567390016935,26.51,885.43,69.78,1
Moong,Black soils,70.46581678149187,0,5.54,21.66905565059997,4.032486033053475,20.96,881.02,80.21,0
Jwar,Black soils,58.43929542154972,1,5.89,16.566631578535365,3.473426184998023,20.77,975.22,68.44,0
Rice,Laterite soils,83.8775957011866,1,5.81,34.37576356945297,2.294909994831729,28.45,883.84,71.53,0
Moong,Laterite soils,1.3350146708237651,0,5.83,27.21836674974315,4.5485522285277975,26.96,844.11,66.53,0
Wheat,Laterite soils,92.6074773325522,1,5.82,171.06465646258272,1.1677687279613973,23.55,837.1,77.26,1
Millets,Alluvial soils,11.562316984377864,1,6.12,36.32941582572472,4.6043699786807775,24.75,845.43,64.62,0
Rice,Black soils,52.65669190477372,1,6.17,134.8384120738132,3.631008437924299,29.08,875.9,61.73,1
Niger,Black soils,56.17716140693022,1,6.8,42.88801275230651,2.992074792161899,26.8,906.76,71.94,0
Til,Red and Yellow soils,85.94972915026943,1,5.64,124.22027903539907,4.9855581453472375,20.0,895.23,77.72,1
Maize,Laterite soils,32.09495506812422,0,6.67,71.06637841499042,4.98667080551723,22.64,795.6,69.6,0
Kulthi,Alluvial soils,95.13326238868204,1,6.64,125.509145492839,4.864218401260991,23.92,834.06,62.31,1
Millets,Red and Yellow soils,17.122970872144943,1,6.07,60.7652239322664,2.3761285663683043,25.27,898.66,71.31,1
Kulthi,Alluvial soils,61.837349287810135,1,6.67,27.801636027771064,2.6701487722421016,24.95,787.04,76.21,0
Mustard,Black soils,49.5300825663572,0,5.5,153.43110336778798,4.824259422343958,24.91,901.46,86.39,0
Wheat,Alluvial soils,19.530682289860536,0,5.96,40.60874305282016,2.7283560112256846,25.03,883.94,86.33,0
summer paddy,Laterite soils,14.757076703479033,0,6.41,114.56572536211222,3.841667344001905,23.76,948.84,72.57,0
Kulthi,Black soils,23.189085786347796,0,5.9,189.8627111419892,2.7848888056767773,30.0,949.37,90.0,0
Tiwra,Black soils,97.158326515426,0,5.5,132.63690929018293,0.9977835566720724,22.94,844.07,70.1,0
Moong,Alluvial soils,72.89801626222972,0,5.88,147.08444454896002,1.630372576341142,28.11,829.74,68.54,0
Jwar,Red and Yellow soils,14.921019331346107,0,6.17,199.58265014089395,3.3401633423800927,24.48,852.87,85.25,0
summer paddy,Laterite soils,14.757076703479033,0,6.28,114.56572536211222,3.841667344001905,23.43,940.42,71.38,0
summer paddy,Red and Yellow soils,1.3568197489404303,1,5.93,169.14624833347128,4.405057679473639,30.0,957.56,81.09,0
Soybean,Black soils,47.0521959690072,0,6.78,89.55122834530016,0.8923742776619482,21.6,783.03,76.07,0
Niger,Red and Yellow soils,16.887171155387144,1,6.09,22.167450486029797,2.846606265660132,26.12,963.37,73.78,0
Tiwra,Black soils,63.70051960241635,1,6.67,78.64897896002441,4.51494091656409,20.79,835.79,90.0,0
Jwar,Alluvial soils,33.52139305008494,1,6.47,170.24519022942422,1.7358279923002595,26.75,954.88,61.31,1
Wheat,Red and Yellow soils,45.9958564972776,0,6.36,199.4706146791189,3.097939236387041,27.8,846.81,60.0,0
Wheat,Red and Yellow soils,44.32758410771781,0,6.74,147.39729054115696,3.125924867676585,24.73,942.17,60.0,0
Til,Red and Yellow soils,80.31440413281457,0,6.12,77.60609722671164,0.5869799739884878,28.35,865.12,63.71,0
Maize,Black soils,87.75885918969198,0,5.76,139.78469040599293,1.3665129133839682,27.8,943.88,87.16,0
Masoor,Alluvial soils,45.62108056768259,0,6.68,174.13879435365195,4.357303858339503,26.6,887.62,60.0,0
Moong,Black soils,75.01023382812153,1,7.0,27.654315800797047,2.046099335099027,30.0,883.33,66.55,0
Soybean,Red and Yellow soils,79.46057483174057,0,6.65,150.462155599481,3.444350816677973,20.57,777.34,82.01,0
Tiwra,Laterite soils,44.157514598221695,0,6.23,20.786220688080256,4.760647059177217,23.76,862.04,71.57,0
Jwar,Black soils,28.67326065577008,0,5.9,62.69765596562617,3.9383874571860433,22.55,944.16,81.39,0
Tiwra,Alluvial soils,7.949464529363647,1,7.0,26.11128283567805,0.5044061015460503,21.73,774.52,82.45,0
Maize,Black soils,37.59082546376269,1,6.24,177.66269564708426,3.0725046924698143,22.08,904.03,81.37,0
Tiwra,Red and Yellow soils,36.11241183442073,0,6.13,127.43746461709286,3.6934087696499662,30.0,973.01,64.66,0
Rice,Black soils,5.27909199036012,1,6.88,172.95426825777906,0.8633173028000611,20.0,815.16,64.14,1
Urd,Red and Yellow soils,80.12909695909734,0,7.0,70.99504826835619,4.201089365152599,27.66,830.38,85.85,0
Kulthi,Black soils,19.94313150748539,1,7.0,97.58946583215312,2.988773303025213,23.55,890.45,82.94,1
Tiwra,Black soils,94.76385180041332,0,6.48,110.7678118617717,0.8166051320582242,28.53,872.4,89.34,0
Til,Laterite soils,79.80767833149267,1,5.83,195.1869784074493,4.9333156627866845,23.15,914.46,78.64,0
Til,Alluvial soils,74.9101007065359,0,6.36,139.00895124661432,4.160729142666699,24.99,869.88,84.45,0
summer paddy,Red and Yellow soils,23.656969306526207,1,6.68,160.81222387384514,2.887401159556615,30.0,851.44,64.47,1
Gram,Alluvial soils,11.03940647751555,0,6.67,53.34742166871745,2.74635152842651,27.22,918.78,69.37,0
summer paddy,Laterite soils,97.19340985732984,0,6.95,109.52068301196128,2.3271442877923745,30.0,861.8,72.49,0
Rice,Black soils,68.42984036578169,0,6.65,121.15296547268264,2.6923847070482827,29.38,826.09,87.14,0
Kulthi,Black soils,18.967225361011167,0,7.0,10.664611709977248,0.7513002185498734,20.1,916.25,66.42,0
Kulthi,Red and Yellow soils,71.95464735059075,0,6.91,143.26123077544585,2.2065192855643185,25.24,862.2,80.12,0
summer paddy,Alluvial soils,80.44770135267859,0,6.84,29.64755058306169,4.7260075846814615,22.25,912.59,85.41,0
Pea,Laterite soils,23.44233244018282,0,6.07,87.75414749046334,4.298467138068505,22.26,923.45,90.0,0
Masoor,Black soils,57.674849565932185,0,6.31,50.45115979273248,1.5982455206728323,25.06,841.92,62.51,0
Arhar,Red and Yellow soils,89.63418660147754,0,5.66,197.40269607320457,2.917209527133356,22.81,904.5,81.0,0
Arhar,Red and Yellow soils,89.63418660147754,0,6.06,197.40269607320457,2.917209527133356,23.01,826.52,78.31,0
Maize,Black soils,19.463557757075588,0,6.77,125.4704718867283,2.598418486481846,22.63,819.86,81.77,0
Masoor,Black soils,57.674849565932185,0,6.24,50.45115979273248,1.5982455206728323,24.81,961.59,63.81,0
summer paddy,Red and Yellow soils,39.66105407075501,0,6.34,35.35427059036928,1.3256422203939051,21.95,866.87,63.79,0
Niger,Alluvial soils,30.9149550672235,0,7.0,25.390180382606133,4.890082443067278,22.76,864.38,79.01,0
Kulthi,Red and Yellow soils,77.23112760032592,0,6.98,189.48722932169497,0.7063293420201492,22.43,770.2,76.73,0
Moong,Black soils,75.01023382812153,1,7.0,27.654315800797047,2.046099335099027,28.38,820.72,63.34,0
Tiwra,Laterite soils,66.59744978514821,1,6.4,180.71957832423595,3.992147155611458,30.0,794.81,81.49,0
Maize,Black soils,87.75885918969198,0,5.77,139.78469040599293,1.3665129133839682,25.27,836.77,89.27,0
summer paddy,Laterite soils,99.68532353972208,1,6.58,36.79724244169026,0.5887722514342346,29.09,940.83,70.59,0
summer paddy,Laterite soils,99.68532353972208,1,6.51,36.79724244169026,0.5887722514342346,27.98,806.45,69.26,0
Soybean,Red and Yellow soils,3.422005573134409,1,6.65,184.83881346960908,0.628547000211728,29.53,839.9,60.0,1
Arhar,Black soils,58.272667448535096,0,5.91,146.75311324207283,0.571651324312384,20.0,946.1,63.54,0
Til,Red and Yellow soils,85.94972915026943,1,5.5,124.22027903539907,4.9855581453472375,21.24,874.29,79.0,1
Til,Alluvial soils,25.073589779047172,0,6.86,173.56684832753513,0.5153972218655465,25.67,888.32,67.82,0
Til,Alluvial soils,74.9101007065359,0,6.47,139.00895124661432,4.160729142666699,26.7,870.98,85.07,0
Moong,Laterite soils,1.3350146708237651,0,5.96,27.21836674974315,4.5485522285277975,27.39,908.65,65.9,0
Maize,Alluvial soils,25.96962093356883,0,5.57,159.78724651759555,2.4066244155234733,20.08,857.2,71.53,0
Kulthi,Black soils,39.49071677717886,0,6.04,60.39751234176016,3.8970756841866954,29.33,827.35,71.37,0
Arhar,Alluvial soils,84.94829653763078,0,6.39,148.30405234987228,2.085751113035552,25.25,925.21,76.18,0
Millets,Black soils,49.27248131847189,0,6.04,53.90095521876777,1.2019846474142255,23.27,890.55,80.02,0
Maize,Laterite soils,80.06913248485557,0,6.47,60.5239790933438,1.7659599285259715,28.18,819.5,65.22,0
Tiwra,Laterite soils,99.79302285723834,1,6.45,28.356863022535748,2.7788430905388597,24.74,914.88,90.0,0
Gram,Black soils,33.36100018676664,1,6.4,77.38147579324998,4.486073743546642,26.32,887.21,61.71,1
Urd,Black soils,54.97589680292262,1,6.15,182.3901767961132,0.6312941161897548,24.16,851.15,84.07,0
Kulthi,Laterite soils,67.55487925578505,0,6.79,79.33838476518439,4.877362795825739,27.0,764.34,85.25,0
Millets,Alluvial soils,23.54097596703025,1,6.8,57.43568008837477,1.5978107189656572,24.74,809.29,88.2,1
Gram,Black soils,18.54638357946299,1,6.03,34.31846563723244,1.5054079551932045,23.47,962.76,71.5,0
Kulthi,Black soils,39.49071677717886,0,6.0,60.39751234176016,3.8970756841866954,28.17,899.26,66.14,0
summer paddy,Laterite soils,90.855464380136,0,5.54,88.93461010502237,2.2896711723008787,23.23,825.6,84.41,0
Moong,Black soils,68.47419592831014,1,6.18,62.139746561585554,1.7248326329770518,26.87,890.34,74.85,0
Groundnut,Red and Yellow soils,44.10436539094836,0,5.6,191.6079760172045,1.0565774612663703,21.58,835.65,70.61,0
Tiwra,Red and Yellow soils,16.381665237746383,1,6.03,84.8078611948209,1.039182547558261,27.57,866.29,81.35,0
Groundnut,Red and Yellow soils,36.53238610880504,0,7.0,92.22094687585086,0.9655793146476612,24.13,897.21,73.03,0
Millets,Laterite soils,43.90448238355727,0,5.96,165.51927153855505,0.5251230931434431,20.92,821.3,65.13,0
Urd,Alluvial soils,61.5620526784047,1,6.02,104.44263990041502,2.5721342995786207,21.17,953.81,85.84,1
Mustard,Red and Yellow soils,47.35020570684794,1,6.8,14.979387934802954,2.7212244906205534,22.01,780.34,78.11,0
Wheat,Alluvial soils,86.71163811325147,1,5.97,54.94653337104506,3.359167289944513,27.56,860.64,78.62,1
Maize,Black soils,37.59082546376269,1,6.22,177.66269564708426,3.0725046924698143,21.56,887.77,78.56,0
Gram,Black soils,7.538508193294686,1,6.94,22.895319575658647,0.7515476161379425,23.2,778.88,86.18,0
Groundnut,Alluvial soils,7.595586649378683,1,7.0,32.52112578042177,2.090866635406147,22.53,906.03,64.89,0
summer paddy,Alluvial soils,49.74984625046088,1,7.0,177.06316827987376,3.0524203994909347,21.06,802.22,79.07,1
Rice,Alluvial soils,55.7182474465031,0,6.3,34.65834578689061,2.032096363927362,29.93,838.87,63.65,0
Jwar,Alluvial soils,89.71217350262663,0,6.56,25.10256180019756,4.094914179917966,22.7,839.83,65.07,0
Jwar,Black soils,87.71268641532818,0,6.03,15.698221174437968,2.9018118843038945,21.73,916.29,88.46,0
Til,Black soils,58.53364358235279,1,7.0,199.36210175604907,0.7934570356250641,30.0,836.11,79.06,1
Urd,Alluvial soils,37.78258122050927,1,5.92,46.08242628582618,2.6125853106729853,26.78,922.38,72.18,0
Jwar,Black soils,57.1131845366664,0,6.4,85.61927717435609,3.85322871870764,26.02,900.53,60.06,0
Mustard,Laterite soils,95.8059931058451,0,5.77,103.02761838487882,4.034661034793127,22.57,892.78,60.0,0
Til,Laterite soils,72.63236990744744,0,5.94,91.21425103639508,0.6719788045907025,28.54,947.85,70.65,0
Tiwra,Alluvial soils,28.87196897058254,0,6.64,17.161441426265586,4.476599320211214,30.0,872.93,66.21,0
Urd,Red and Yellow soils,22.62538625387936,1,6.2,187.4545404933927,3.635494046187656,21.22,916.3,82.88,0
Jwar,Black soils,58.43929542154972,1,5.97,16.566631578535365,3.473426184998023,21.58,840.19,71.18,0
Gram,Black soils,48.6773164556799,1,5.5,69.28313557959125,2.0201114088284804,21.81,980.65,80.95,1
Groundnut,Laterite soils,34.78961480849945,1,6.42,100.82047107807897,4.765268097487416,24.78,799.73,84.88,1
Rice,Red and Yellow soils,65.11829897838918,0,6.87,175.61385743537613,1.910934434431556,26.84,809.23,70.37,0
Maize,Red and Yellow soils,69.73343459088427,0,5.87,159.39192951392974,3.210066085264966,25.74,945.3,76.76,0
Maize,Black soils,25.60173042272508,1,7.0,165.05125349950538,2.360850866018045,28.83,926.17,68.01,1
Urd,Alluvial soils,61.5620526784047,1,5.93,104.44263990041502,2.5721342995786207,20.49,813.37,90.0,1
Soybean,Black soils,39.78177453222698,0,5.59,94.97051601405003,2.865401887107058,24.42,961.05,69.26,0
Moong,Laterite soils,1.3350146708237651,0,6.04,27.21836674974315,4.5485522285277975,26.82,861.42,62.99,0
Kulthi,Black soils,19.94313150748539,1,6.85,97.58946583215312,2.988773303025213,21.96,914.32,82.92,1
Pea,Alluvial soils,63.2123421474168,1,5.91,30.08992185887418,2.1099619017340947,29.2,872.75,67.64,0
Gram,Black soils,18.54638357946299,1,5.72,34.31846563723244,1.5054079551932045,25.86,976.92,68.72,0
Jwar,Alluvial soils,87.5833721223469,0,6.19,73.36725049269779,3.5742192788952645,28.13,921.8,66.49,0
Mustard,Alluvial soils,5.985936900346184,1,5.85,55.23498004685733,0.9143669321101572,22.33,882.62,63.85,1
Urd,Laterite soils,66.47259153046967,1,6.31,141.76502902740526,2.4215107907859093,30.0,855.78,66.94,1
Millets,Laterite soils,43.23591197416306,1,6.71,119.119475832171,0.6911915449376529,27.74,791.21,70.79,1
Arhar,Black soils,58.272667448535096,0,5.77,146.75311324207283,0.571651324312384,21.71,962.03,68.17,0
Millets,Laterite soils,19.45015786212121,1,6.88,27.201414090139878,0.6815101265907944,22.94,764.2,80.02,0
Gram,Laterite soils,25.539681660071125,1,6.57,24.59636681009846,2.769413193485069,20.0,806.28,75.1,0
Mustard,Black soils,49.5300825663572,0,5.74,153.43110336778798,4.824259422343958,25.28,867.96,84.97,0
summer paddy,Red and Yellow soils,23.656969306526207,1,6.83,160.81222387384514,2.887401159556615,28.32,873.65,66.94,1
Gram,Red and Yellow soils,53.08813320922549,1,6.36,28.808142321819524,3.1415169004795302,25.89,855.26,63.73,0
Gram,Alluvial soils,96.9050114005799,0,6.97,122.13502087504426,2.056511701070491,22.5,840.95,89.68,0
Jwar,Red and Yellow soils,81.05182096520964,1,5.67,198.10884266676885,4.3258916692421066,23.55,863.48,71.57,1
Til,Laterite soils,72.63236990744744,0,5.97,91.21425103639508,0.6719788045907025,29.31,960.03,67.76,0
Soybean,Black soils,80.18699184832587,1,6.28,66.79895680678409,2.870925046781913,28.89,912.58,80.13,1
Groundnut,Red and Yellow soils,44.10436539094836,0,5.85,191.6079760172045,1.0565774612663703,22.69,902.65,67.36,0
summer paddy,Laterite soils,97.19340985732984,0,6.81,109.52068301196128,2.3271442877923745,28.85,877.91,66.81,0
Maize,Laterite soils,59.61861413363324,1,5.56,135.50678958732516,2.9379073788004195,25.3,935.89,78.54,1
Rice,Black soils,68.42984036578169,0,6.43,121.15296547268264,2.6923847070482827,28.72,849.87,90.0,0
Soybean,Alluvial soils,45.929950244441066,1,6.61,146.06295145488895,4.868631700892124,25.76,863.37,75.46,0
Gram,Red and Yellow soils,14.573215619358535,1,5.64,57.09839965697187,3.9514705976890343,27.13,812.11,84.67,0
Arhar,Laterite soils,96.60763642238672,0,6.38,133.99567920563555,1.2167870909791818,20.66,812.98,83.22,0
Moong,Alluvial soils,40.61480583667867,1,5.87,166.39544242161517,4.281051864970563,28.11,856.53,60.0,1
Gram,Laterite soils,94.10126247062009,0,5.71,72.58126430651672,2.1511369511760727,25.07,862.26,60.0,0
Mustard,Alluvial soils,2.3002039972834387,0,6.86,145.61959193869544,2.519545815592032,26.23,801.83,73.01,0
Rice,Laterite soils,7.142480781761127,0,6.23,145.4650010321932,2.084973135653419,24.04,950.94,66.7,0
Wheat,Red and Yellow soils,44.32758410771781,0,6.55,147.39729054115696,3.125924867676585,26.2,929.05,64.12,0
summer paddy,Black soils,8.760454270055591,0,5.91,159.97290035688565,2.4566092291501533,26.11,844.17,68.49,0
Soybean,Black soils,47.0521959690072,0,6.71,89.55122834530016,0.8923742776619482,22.41,862.46,82.88,0
Groundnut,Laterite soils,47.3154015978025,0,6.06,163.00709664528063,2.6080442594736524,21.85,968.43,62.58,0
Til,Black soils,58.53364358235279,1,7.0,199.36210175604907,0.7934570356250641,30.0,792.0,79.28,1
Til,Alluvial soils,95.1984444835079,0,6.02,142.64313814170387,3.0749607676792494,28.56,846.0,83.99,0
Kulthi,Black soils,19.94313150748539,1,7.0,97.58946583215312,2.988773303025213,22.15,831.05,84.65,1
Maize,Alluvial soils,84.40064941289427,0,6.79,117.3407974676231,2.5830017311527627,28.2,903.77,90.0,0
Til,Red and Yellow soils,63.93819639548853,1,6.09,86.5501462725284,0.8314949690878561,25.95,938.79,69.09,1
Arhar,Alluvial soils,16.947340444794044,0,6.66,115.46353355361116,3.294811394244745,23.88,837.44,74.03,0
Til,Laterite soils,82.11526872345533,0,6.16,179.22366038694898,3.004640999287888,24.01,926.89,68.75,0
Gram,Alluvial soils,96.98944330900548,0,6.52,18.44939670465994,1.562279272549458,24.24,845.38,78.57,0
Millets,Black soils,8.545620951059774,1,6.68,161.95956637121765,4.866411463972916,30.0,785.46,84.45,1
Gram,Black soils,7.859205242978358,0,6.12,59.29153611037987,1.2925953541039088,22.09,805.12,73.26,0
Wheat,Red and Yellow soils,44.32758410771781,0,6.89,147.39729054115696,3.125924867676585,26.37,802.17,62.03,0
Gram,Black soils,7.538508193294686,1,6.63,22.895319575658647,0.7515476161379425,23.87,898.72,86.58,0
Masoor,Red and Yellow soils,15.573043648692993,0,5.56,40.394151236744186,2.3537196802479925,26.22,910.49,69.83,0
Groundnut,Laterite soils,65.31840295659302,0,7.0,141.36645020981774,4.393638773635823,24.75,892.54,81.63,0
Jwar,Black soils,57.1131845366664,0,6.13,85.61927717435609,3.85322871870764,23.81,941.54,60.31,0
Niger,Red and Yellow soils,4.301026088036883,0,6.51,145.61804214220632,2.0812368730220943,21.42,924.65,73.02,0
Masoor,Alluvial soils,45.62108056768259,0,6.49,174.13879435365195,4.357303858339503,26.1,925.9,60.0,0
Soybean,Black soils,99.34559799516776,0,7.0,135.6931179241448,1.381824872493303,23.02,902.47,76.28,0
Rice,Red and Yellow soils,62.88030372406628,0,5.98,69.50062910462015,4.898555948589926,24.62,892.43,75.71,0
Urd,Red and Yellow soils,21.596618772360653,1,7.0,136.9355851898517,2.343072110888093,22.54,860.57,87.92,1
Millets,Alluvial soils,43.70916466330876,1,5.58,39.41587779577248,2.043259526678144,25.7,905.48,88.25,0
summer paddy,Alluvial soils,68.88862950071787,1,6.06,73.83428244149384,0.5966557233781861,27.37,809.92,79.94,1
Arhar,Alluvial soils,57.32803334236286,1,7.0,178.80845618528306,2.3443978045744327,27.56,824.18,82.46,1
Wheat,Laterite soils,7.276797004040833,0,6.23,117.16853925930828,3.99316410162361,25.71,813.65,82.7,0
Wheat,Red and Yellow soils,50.91070048310331,0,5.82,70.3847309463337,4.94260898334276,24.94,820.16,84.33,0
Tiwra,Black soils,14.00913180874091,1,5.86,192.864017307691,3.587869631963185,24.04,937.55,71.46,1
Millets,Alluvial soils,45.51927766356464,0,6.21,17.637805914713663,4.038528886844827,23.65,897.92,63.95,0
Millets,Alluvial soils,45.51927766356464,0,5.96,17.637805914713663,4.038528886844827,23.45,837.55,65.16,0
Jwar,Black soils,58.43929542154972,1,5.88,16.566631578535365,3.473426184998023,21.99,825.59,67.31,0
Niger,Red and Yellow soils,4.301026088036883,0,6.61,145.61804214220632,2.0812368730220943,21.87,929.97,67.02,0
Til,Laterite soils,82.11526872345533,0,6.01,179.22366038694898,3.004640999287888,24.04,825.8,65.96,0
Til,Alluvial soils,48.12232243119416,1,5.6,159.19400511003866,4.48088955820164,21.63,918.07,77.41,1
Masoor,Alluvial soils,17.051062582241848,1,6.76,158.50864420956958,2.1741170604411213,23.89,825.53,79.82,1
summer paddy,Laterite soils,80.66896941192711,0,6.56,54.11712191845815,3.2515109543711493,28.34,849.94,63.96,0
Soybean,Black soils,43.93909969768636,1,6.99,187.44094250103575,3.156684445310398,28.21,854.57,89.91,1
Til,Laterite soils,79.80767833149267,1,5.79,195.1869784074493,4.9333156627866845,24.15,869.63,81.08,0
summer paddy,Black soils,60.308079523188816,0,6.86,43.46443527108601,3.000106367186519,28.16,914.2,81.27,0
Groundnut,Laterite soils,47.3154015978025,0,5.9,163.00709664528063,2.6080442594736524,23.12,921.38,60.0,0
Tiwra,Laterite soils,87.1125768798161,0,5.66,155.6761395244254,3.972236580663137,30.0,886.23,64.38,0
Millets,Black soils,46.115623150526005,1,6.38,177.58949627751142,1.0156582803711816,27.57,907.24,70.39,1
Til,Red and Yellow soils,83.59129485493202,0,6.57,36.09993908037054,0.925693566787786,23.84,920.1,68.92,0
Arhar,Alluvial soils,91.85485510003234,0,6.06,76.53287840752338,1.2994679672213083,30.0,918.49,79.82,0
Maize,Laterite soils,59.61861413363324,1,5.5,135.50678958732516,2.9379073788004195,24.78,826.56,84.12,1
Mustard,Laterite soils,71.43977713087003,0,5.88,192.4061665391249,2.318230840930169,20.59,833.76,74.23,0
Jwar,Alluvial soils,50.27501027132872,0,6.46,103.71091740391591,4.248261783890516,21.86,954.07,64.0,0
Rice,Red and Yellow soils,94.9606118039142,0,5.65,54.1128672085785,1.619877527026648,23.44,979.74,63.31,0
Mustard,Laterite soils,53.54515854139666,1,6.41,108.2514903397496,3.718948332542829,26.39,893.28,73.26,1
Kulthi,Black soils,64.62899831981025,0,6.74,83.52491651545493,1.5690018255421825,21.86,801.04,64.85,0
Arhar,Alluvial soils,39.45787077617061,1,6.52,191.36893057921523,4.646728325885565,20.0,849.55,66.58,0
Pea,Alluvial soils,63.2123421474168,1,5.88,30.08992185887418,2.1099619017340947,27.27,862.67,63.06,0
Maize,Black soils,25.60173042272508,1,6.72,165.05125349950538,2.360850866018045,27.4,796.1,62.61,1
Masoor,Black soils,95.87154982405876,1,6.37,129.9810832257704,0.5034414484512415,20.48,822.96,60.0,1
Soybean,Red and Yellow soils,8.583758015057295,1,6.81,20.154563205107696,4.90903272481961,20.0,881.51,87.11,0
Masoor,Alluvial soils,45.92043415033586,0,6.81,175.13241790304798,3.316894792035183,27.74,814.2,86.28,0
Gram,Black soils,78.84309895532813,1,6.28,101.37659921705163,0.5595492491183836,20.52,853.29,81.53,0
Jwar,Laterite soils,85.67941919967865,1,5.58,155.92944761114924,4.804050202111057,29.03,883.88,64.14,1
Groundnut,Alluvial soils,51.66383286816028,0,6.48,98.78595372126168,1.518977035891242,21.09,898.68,64.93,0
Soybean,Black soils,76.5747447185727,0,6.34,55.80956789226062,1.6624085030446671,21.52,889.29,87.14,0
Moong,Laterite soils,47.72185492708941,0,6.84,108.96450143039937,2.7671496106270737,28.97,892.54,84.62,0
Kulthi,Alluvial soils,61.837349287810135,1,6.8,27.801636027771064,2.6701487722421016,25.2,902.17,83.23,0
Mustard,Laterite soils,61.737953589033744,0,5.62,65.69585886371809,1.5602596870875736,23.58,934.95,84.81,0
Moong,Alluvial soils,42.49140354238396,0,6.03,56.1970084461051,2.8797560145626053,25.4,882.97,78.63,0
Wheat,Alluvial soils,86.71163811325147,1,6.04,54.94653337104506,3.359167289944513,27.32,821.39,83.6,1
Til,Laterite soils,72.63236990744744,0,6.42,91.21425103639508,0.6719788045907025,27.47,836.01,72.4,0
Millets,Laterite soils,43.23591197416306,1,6.78,119.119475832171,0.6911915449376529,26.72,789.42,71.14,1
Arhar,Laterite soils,10.205047368034332,1,5.92,171.60702634754793,1.5679546063176029,27.44,918.17,76.58,0
Urd,Alluvial soils,3.862270503389171,0,7.0,55.87963143873647,4.218136005495886,21.13,892.44,86.69,0
Maize,Alluvial soils,34.904783067347054,0,7.0,17.703829613210928,0.5905315307981513,28.79,841.56,88.5,0
Arhar,Alluvial soils,16.947340444794044,0,6.63,115.46353355361116,3.294811394244745,24.89,912.64,71.89,0
Jwar,Alluvial soils,8.770750022223734,1,5.94,115.99582439793596,2.540243063469655,24.39,924.09,88.08,1
Maize,Black soils,87.75885918969198,0,5.5,139.78469040599293,1.3665129133839682,26.93,825.78,84.14,0
summer paddy,Alluvial soils,5.634581766188527,1,6.32,70.69578532542236,3.804381772475503,21.88,894.15,78.11,1
Niger,Black soils,37.31419938079141,1,6.84,132.93729695324475,2.649581196463151,22.99,884.43,82.58,1
Wheat,Red and Yellow soils,45.9958564972776,0,6.2,199.4706146791189,3.097939236387041,29.37,886.7,66.07,0
Masoor,Alluvial soils,45.62108056768259,0,6.71,174.13879435365195,4.357303858339503,26.68,886.65,60.0,0
Mustard,Red and Yellow soils,67.90567177519311,0,7.0,184.57009859164535,2.8827361969169605,24.58,870.68,84.16,0
summer paddy,Laterite soils,80.66896941192711,0,6.4,54.11712191845815,3.2515109543711493,27.98,855.34,60.19,0
Til,Laterite soils,82.11526872345533,0,6.1,179.22366038694898,3.004640999287888,26.77,931.5,68.05,0
Urd,Alluvial soils,91.70252765931488,0,6.88,15.605923247840275,3.5094411666075778,23.58,780.78,77.54,0
Tiwra,Alluvial soils,94.65421714056572,0,5.63,98.95128901135244,3.864899065380877,22.02,915.99,90.0,0
Gram,Alluvial soils,96.9050114005799,0,6.68,122.13502087504426,2.056511701070491,20.04,857.09,89.25,0
Rice,Black soils,51.78490534951984,1,5.5,159.67777079366866,3.8935916410771423,20.0,835.37,77.69,1
Til,Alluvial soils,85.22978983877745,1,5.64,14.770261505983694,1.7336147501948824,26.03,883.09,62.38,0
Kulthi,Red and Yellow soils,77.23112760032592,0,6.66,189.48722932169497,0.7063293420201492,24.3,799.89,75.46,0
Gram,Alluvial soils,44.36061613463463,1,5.67,51.92836348552057,1.185780320544819,22.87,906.8,69.69,1
Maize,Black soils,37.59082546376269,1,6.17,177.66269564708426,3.0725046924698143,22.36,939.31,78.27,0
Rice,Black soils,52.65669190477372,1,6.19,134.8384120738132,3.631008437924299,28.6,873.55,67.58,1
Jwar,Black soils,43.34241591110462,0,6.14,55.8071284120974,4.114829632169133,21.44,854.3,81.27,0
Maize,Laterite soils,59.61861413363324,1,5.5,135.50678958732516,2.9379073788004195,24.79,869.02,81.77,1
Niger,Laterite soils,14.75564765833209,1,5.68,43.53470873409088,3.958799053421168,27.84,971.24,80.6,0
Til,Laterite soils,79.9474430875547,1,5.71,173.28889307383915,3.202864513601942,22.69,995.57,60.0,1
Mustard,Laterite soils,53.54515854139666,1,6.46,108.2514903397496,3.718948332542829,25.22,817.62,68.2,1
Rice,Alluvial soils,54.82894674818631,0,6.25,199.60504257664195,1.60459882847338,20.52,919.32,65.09,0
Millets,Black soils,8.545620951059774,1,6.48,161.95956637121765,4.866411463972916,30.0,888.13,89.36,1
Pea,Alluvial soils,16.94988061339748,1,6.72,184.5564527018232,4.554417666294789,24.87,802.56,65.63,1
Wheat,Red and Yellow soils,19.63023274762661,0,5.93,132.24686057442185,4.182026033346189,28.02,935.07,63.97,0
summer paddy,Alluvial soils,5.634581766188527,1,6.27,70.69578532542236,3.804381772475503,22.78,824.42,80.32,1
Rice,Black soils,52.65669190477372,1,6.23,134.8384120738132,3.631008437924299,30.0,963.75,62.09,1
Millets,Alluvial soils,43.70916466330876,1,5.88,39.41587779577248,2.043259526678144,25.56,799.08,90.0,0
summer paddy,Alluvial soils,62.00398399717235,0,6.63,38.761830651487706,4.14766925501463,24.2,900.95,79.57,0
Moong,Laterite soils,47.72185492708941,0,7.0,108.96450143039937,2.7671496106270737,30.0,775.23,85.8,0
Pea,Laterite soils,23.44233244018282,0,6.01,87.75414749046334,4.298467138068505,24.01,839.56,90.0,0
Jwar,Red and Yellow soils,14.921019331346107,0,6.15,199.58265014089395,3.3401633423800927,23.24,912.17,83.69,0
Moong,Black soils,68.47419592831014,1,6.01,62.139746561585554,1.7248326329770518,27.17,950.88,73.64,0
Maize,Red and Yellow soils,60.85170379581952,1,6.32,154.7840778557563,1.2002355013252552,24.77,836.29,68.87,1
Urd,Laterite soils,59.08990961897472,0,6.2,192.0845844938899,2.9650442270922275,24.52,963.43,61.12,0
Maize,Laterite soils,59.61861413363324,1,5.75,135.50678958732516,2.9379073788004195,25.24,931.89,81.08,1
Til,Red and Yellow soils,80.31440413281457,0,5.98,77.60609722671164,0.5869799739884878,28.09,886.67,66.02,0
Moong,Alluvial soils,40.61480583667867,1,5.77,166.39544242161517,4.281051864970563,27.87,941.88,64.5,1
summer paddy,Alluvial soils,92.14077589708448,0,5.77,37.26311684885115,2.4051624361938035,20.0,963.78,80.79,0
Kulthi,Alluvial soils,95.13326238868204,1,6.47,125.509145492839,4.864218401260991,23.62,801.64,63.18,1
Jwar,Alluvial soils,3.1422931695712104,0,5.75,124.9568629244877,1.2982647039962512,26.88,956.06,73.9,0
Millets,Laterite soils,43.23591197416306,1,6.76,119.119475832171,0.6911915449376529,26.98,788.95,69.13,1
Kulthi,Black soils,67.84108048066902,1,6.98,44.23042527392003,2.349613359680567,24.13,869.12,78.3,0
summer paddy,Red and Yellow soils,23.656969306526207,1,6.67,160.81222387384514,2.887401159556615,28.3,893.07,60.76,1
summer paddy,Alluvial soils,80.44770135267859,0,6.92,29.64755058306169,4.7260075846814615,23.53,819.9,86.69,0
Rice,Laterite soils,83.79467762655149,0,6.9,33.31006222633755,2.783971589852677,22.62,811.62,83.53,0
Urd,Red and Yellow soils,45.498714553357374,0,6.73,78.41811791005178,2.4597531594443405,23.16,883.94,77.83,0
Gram,Alluvial soils,6.631856397258757,1,6.38,199.531133950268,4.800063599754694,21.75,789.46,87.8,0
Gram,Alluvial soils,16.672643607007103,0,6.39,103.22443146605498,0.846637066382314,20.32,862.44,60.0,0
Kulthi,Alluvial soils,92.5492169547469,1,6.83,172.39818815807868,1.6613788159021248,28.7,866.17,83.66,1
Arhar,Laterite soils,84.46788570106386,1,5.94,192.94268675753716,2.7573837199416857,28.27,908.88,69.69,1
Gram,Alluvial soils,11.03940647751555,0,7.0,53.34742166871745,2.74635152842651,27.93,811.63,71.16,0
Masoor,Black soils,35.88229477097293,0,6.84,78.05785247904603,3.7076108701053294,26.57,935.76,66.56,0
Jwar,Red and Yellow soils,81.05182096520964,1,5.67,198.10884266676885,4.3258916692421066,22.81,919.99,69.72,1
Groundnut,Red and Yellow soils,36.53238610880504,0,6.93,92.22094687585086,0.9655793146476612,22.48,917.92,73.2,0
Mustard,Black soils,8.188474407011933,1,7.0,47.59586392867045,2.8105878706836,21.5,841.52,63.79,0
Soybean,Alluvial soils,1.0845160463029235,0,5.72,132.15140054930788,1.295639412046346,25.39,833.33,85.96,0
Mustard,Black soils,8.188474407011933,1,7.0,47.59586392867045,2.8105878706836,20.79,846.62,62.98,0
Niger,Alluvial soils,30.9149550672235,0,7.0,25.390180382606133,4.890082443067278,20.62,813.57,83.31,0
Tiwra,Laterite soils,44.157514598221695,0,6.31,20.786220688080256,4.760647059177217,22.68,861.24,71.13,0
Tiwra,Laterite soils,99.79302285723834,1,6.04,28.356863022535748,2.7788430905388597,26.65,836.98,85.34,0
Soybean,Red and Yellow soils,79.46057483174057,0,6.46,150.462155599481,3.444350816677973,22.49,863.31,86.98,0
Kulthi,Laterite soils,97.05327118037404,1,7.0,33.70437264492988,4.118308574057645,26.05,782.8,78.42,0
Urd,Black soils,30.25969736488654,0,5.91,28.04568065397041,1.8011830369833524,28.35,848.12,90.0,0
Groundnut,Laterite soils,73.65874563961616,0,5.88,22.36466943541153,2.773808931043931,24.39,934.04,60.0,0
Maize,Alluvial soils,34.904783067347054,0,6.77,17.703829613210928,0.5905315307981513,28.2,804.11,90.0,0
Wheat,Red and Yellow soils,50.91070048310331,0,5.77,70.3847309463337,4.94260898334276,26.04,821.68,78.84,0
Kulthi,Laterite soils,67.55487925578505,0,6.92,79.33838476518439,4.877362795825739,26.94,773.25,86.22,0
Soybean,Alluvial soils,45.929950244441066,1,6.54,146.06295145488895,4.868631700892124,26.87,847.72,75.49,0
Arhar,Alluvial soils,16.947340444794044,0,6.64,115.46353355361116,3.294811394244745,25.04,874.27,74.82,0
Kulthi,Laterite soils,6.566266666595126,1,6.78,182.44291675508293,2.3480193489739687,22.57,856.32,66.6,1
Kulthi,Black soils,18.967225361011167,0,6.84,10.664611709977248,0.7513002185498734,22.01,862.0,61.85,0
Til,Laterite soils,60.02344822552675,0,6.45,196.68461063428768,1.6314438342398223,28.5,883.08,73.18,0
Kulthi,Black soils,64.62899831981025,0,6.89,83.52491651545493,1.5690018255421825,23.48,862.61,61.53,0
Moong,Laterite soils,15.751845797753464,1,6.24,116.91939141246866,1.6379793852651496,22.08,859.93,60.0,1
Tiwra,Red and Yellow soils,27.092825029366224,1,5.96,153.70269592651675,1.2125187749279782,28.18,958.57,60.68,1
summer paddy,Red and Yellow soils,1.3568197489404303,1,6.18,169.14624833347128,4.405057679473639,30.0,915.5,77.87,0
Tiwra,Laterite soils,99.79302285723834,1,6.29,28.356863022535748,2.7788430905388597,24.0,832.13,88.81,0
Gram,Black soils,33.36100018676664,1,6.53,77.38147579324998,4.486073743546642,26.66,806.0,63.95,1
Maize,Alluvial soils,84.40064941289427,0,6.99,117.3407974676231,2.5830017311527627,30.0,844.1,85.86,0
Jwar,Black soils,65.54709453271963,1,5.96,14.774203291276631,4.843878235764788,27.15,907.1,80.42,0
Gram,Alluvial soils,11.03940647751555,0,6.89,53.34742166871745,2.74635152842651,25.87,784.99,72.08,0
Wheat,Laterite soils,7.276797004040833,0,6.06,117.16853925930828,3.99316410162361,24.68,887.92,84.95,0
summer paddy,Red and Yellow soils,23.656969306526207,1,6.73,160.81222387384514,2.887401159556615,30.0,921.43,60.53,1
Millets,Laterite soils,11.564782214969178,1,6.35,120.43280013719917,3.7676132617091977,25.49,884.93,62.64,1
Mustard,Laterite soils,2.422650386748149,1,5.6,50.003662732995785,1.3339062519960363,28.07,943.89,61.91,1
Mustard,Red and Yellow soils,67.90567177519311,0,6.9,184.57009859164535,2.8827361969169605,23.55,798.71,84.54,0
Niger,Alluvial soils,40.72168891707997,1,6.12,64.74785133657514,2.41594149570782,23.1,931.66,77.01,1
Arhar,Red and Yellow soils,89.63418660147754,0,6.07,197.40269607320457,2.917209527133356,24.77,821.94,79.67,0
Millets,Laterite soils,48.74312011750155,0,5.84,120.33880048951929,2.4768589850115967,20.0,845.91,78.65,0
Tiwra,Laterite soils,83.03751864098753,0,6.04,103.43937315702806,4.951128879703812,30.0,895.5,72.7,0
Tiwra,Alluvial soils,7.949464529363647,1,7.0,26.11128283567805,0.5044061015460503,21.5,903.86,81.68,0
Arhar,Alluvial soils,40.59763875962707,1,5.5,154.16751398387302,1.6967064291359415,27.45,933.01,76.35,1
Groundnut,Laterite soils,47.3154015978025,0,6.06,163.00709664528063,2.6080442594736524,22.04,957.54,60.14,0
Moong,Black soils,66.35159251639024,0,5.72,154.92011886243904,4.532794847215374,25.23,928.53,69.25,0
Groundnut,Black soils,13.083322941050284,0,5.87,85.59418473765709,3.41430524157662,24.29,841.62,60.62,0
Tiwra,Black soils,63.70051960241635,1,6.71,78.64897896002441,4.51494091656409,23.01,846.6,86.15,0
Maize,Red and Yellow soils,92.61970763557478,1,6.94,58.18133438986627,3.1266305880832834,28.18,904.34,67.98,0
Gram,Laterite soils,94.10126247062009,0,5.64,72.58126430651672,2.1511369511760727,26.7,870.1,60.0,0
Moong,Laterite soils,75.26532755569725,1,5.65,43.65731320402202,3.3010974637817863,27.57,925.69,62.37,0
Gram,Alluvial soils,40.02287500376711,1,6.73,152.92792867079348,3.896782705565548,25.86,909.3,60.0,1
Jwar,Laterite soils,92.81866674409925,1,6.06,159.32913111736443,4.144766898974626,21.8,885.58,79.83,0
Maize,Black soils,38.61061367320439,0,6.22,170.31722106664762,0.5080767595702489,23.26,807.18,66.61,0
Til,Laterite soils,82.11526872345533,0,6.11,179.22366038694898,3.004640999287888,23.88,950.67,61.74,0
Mustard,Laterite soils,95.8059931058451,0,5.81,103.02761838487882,4.034661034793127,21.45,988.77,60.85,0
Groundnut,Laterite soils,81.6554741475988,1,6.81,86.15027954705378,1.14379756440237,25.6,844.71,76.78,1
Kulthi,Laterite soils,67.55487925578505,0,7.0,79.33838476518439,4.877362795825739,28.84,882.32,90.0,0
Mustard,Laterite soils,71.43977713087003,0,5.85,192.4061665391249,2.318230840930169,21.84,821.56,80.51,0
Gram,Black soils,48.6773164556799,1,5.62,69.28313557959125,2.0201114088284804,21.56,910.99,81.1,1
Arhar,Alluvial soils,40.59763875962707,1,5.51,154.16751398387302,1.6967064291359415,26.61,832.69,73.45,1
Kulthi,Black soils,19.94313150748539,1,7.0,97.58946583215312,2.988773303025213,24.06,880.55,81.36,1
Gram,Black soils,33.36100018676664,1,6.13,77.38147579324998,4.486073743546642,27.95,897.42,63.61,1
Mustard,Black soils,83.04704930059059,1,6.89,164.2968639673771,3.2910142681176096,22.99,836.29,90.0,1
Jwar,Black soils,43.34241591110462,0,6.17,55.8071284120974,4.114829632169133,21.84,802.13,85.18,0
Pea,Black soils,60.61327630651897,1,6.02,71.88729840163472,3.3834428136844004,27.7,883.67,63.77,1
Soybean,Laterite soils,50.60103662954688,0,5.8,171.12574873717588,2.589034966808882,21.32,918.79,77.42,0
Soybean,Red and Yellow soils,64.9013741262986,0,6.0,175.0559582444221,3.45476106865228,24.21,866.01,74.64,0
Kulthi,Laterite soils,20.90726535219855,0,6.74,98.52331092318568,2.606152200854422,25.8,805.6,73.34,0
Moong,Black soils,75.01023382812153,1,7.0,27.654315800797047,2.046099335099027,27.71,791.6,67.91,0
Soybean,Black soils,80.18699184832587,1,6.32,66.79895680678409,2.870925046781913,27.79,826.32,81.8,1
summer paddy,Red and Yellow soils,39.66105407075501,0,6.45,35.35427059036928,1.3256422203939051,23.01,846.48,64.05,0
Tiwra,Red and Yellow soils,27.092825029366224,1,5.99,153.70269592651675,1.2125187749279782,26.07,884.69,65.06,1
summer paddy,Red and Yellow soils,73.54687524942415,0,5.53,142.93725689571534,4.918276974920083,23.6,866.8,73.02,0
Jwar,Alluvial soils,75.59152131396844,1,6.65,79.91476651727123,4.875495742078561,20.0,927.94,76.38,1
Moong,Red and Yellow soils,9.326065442028998,0,7.0,172.44853243892462,3.156078875040973,21.77,786.5,73.8,0
Groundnut,Alluvial soils,7.595586649378683,1,6.73,32.52112578042177,2.090866635406147,22.49,818.01,60.0,0
Mustard,Laterite soils,61.737953589033744,0,6.08,65.69585886371809,1.5602596870875736,24.8,917.44,83.92,0
Til,Alluvial soils,20.130363157001845,1,5.98,96.39301275682372,3.99987462399122,26.21,875.34,66.45,1
Millets,Black soils,85.5878730724342,1,6.33,61.37039983559247,3.7262686183632985,25.71,825.95,72.36,0
Tiwra,Laterite soils,88.94512805109724,0,5.7,56.3932872429863,2.278022077517278,20.2,816.53,86.61,0
Til,Laterite soils,72.63236990744744,0,6.36,91.21425103639508,0.6719788045907025,28.54,825.65,68.93,0
Groundnut,Alluvial soils,7.595586649378683,1,6.79,32.52112578042177,2.090866635406147,21.01,822.31,60.0,0
Til,Laterite soils,60.02344822552675,0,6.85,196.68461063428768,1.6314438342398223,29.24,929.31,68.28,0
Maize,Red and Yellow soils,69.73343459088427,0,5.53,159.39192951392974,3.210066085264966,26.46,877.19,76.47,0
Gram,Black soils,7.859205242978358,0,6.42,59.29153611037987,1.2925953541039088,23.47,874.52,67.46,0
Urd,Laterite soils,2.7426498464331512,0,5.97,88.14528120125196,4.954035987983664,23.91,918.48,70.11,0
Arhar,Red and Yellow soils,89.63418660147754,0,5.94,197.40269607320457,2.917209527133356,23.89,904.46,78.77,0
Soybean,Laterite soils,71.15073745457829,1,5.51,34.43015994612051,2.8276033668845826,27.16,848.67,71.17,0
Maize,Black soils,65.32355202698167,0,5.64,153.432927891906,1.8221311119500412,21.83,888.13,74.24,0
Pea,Red and Yellow soils,57.89621108388996,1,5.86,140.3534641806105,3.0806227397827857,28.34,905.65,87.5,1
Mustard,Alluvial soils,12.351657408054075,1,6.18,74.45869273649792,2.028361205368407,20.0,900.3,78.27,1
Groundnut,Alluvial soils,36.793994091155895,0,6.35,191.11670343048607,4.024925591961438,25.27,899.61,90.0,0
Millets,Red and Yellow soils,60.97944387000568,0,6.19,183.50464510721,2.1363469721664288,28.09,952.26,65.26,0
Soybean,Red and Yellow soils,79.46057483174057,0,6.37,150.462155599481,3.444350816677973,22.65,867.78,84.3,0
summer paddy,Laterite soils,97.19340985732984,0,6.82,109.52068301196128,2.3271442877923745,28.82,856.44,68.06,0
Til,Black soils,58.53364358235279,1,7.0,199.36210175604907,0.7934570356250641,30.0,834.65,77.79,1
Jwar,Alluvial soils,50.27501027132872,0,6.4,103.71091740391591,4.248261783890516,23.96,877.57,63.31,0
Til,Laterite soils,79.80767833149267,1,5.7,195.1869784074493,4.9333156627866845,23.38,932.72,81.18,0
Masoor,Red and Yellow soils,90.46926764515013,1,6.09,39.5265414675269,4.552431153446992,24.83,878.9,79.38,0
Rice,Black soils,5.27909199036012,1,6.67,172.95426825777906,0.8633173028000611,20.0,926.18,61.26,1
summer paddy,Red and Yellow soils,73.54687524942415,0,5.76,142.93725689571534,4.918276974920083,23.65,829.82,67.14,0
Kulthi,Laterite soils,20.90726535219855,0,6.73,98.52331092318568,2.606152200854422,24.8,846.52,75.68,0
Gram,Laterite soils,94.10126247062009,0,5.58,72.58126430651672,2.1511369511760727,24.17,933.03,60.0,0
Wheat,Alluvial soils,86.71163811325147,1,6.22,54.94653337104506,3.359167289944513,27.47,885.33,80.76,1
Moong,Red and Yellow soils,9.326065442028998,0,6.87,172.44853243892462,3.156078875040973,24.38,830.44,74.2,0
Gram,Red and Yellow soils,19.447014158096326,0,6.85,144.3782799628782,2.1302329607260293,29.89,786.92,85.06,0
Mustard,Alluvial soils,91.82905732992558,1,6.37,53.74481212887618,1.5966321610404377,25.05,896.78,72.82,1
Arhar,Laterite soils,74.64442798330771,1,6.2,155.32653226232352,1.9369977433354968,28.91,866.86,90.0,1
Wheat,Laterite soils,92.6074773325522,1,5.85,171.06465646258272,1.1677687279613973,25.29,825.94,80.59,1
Niger,Black soils,37.31419938079141,1,6.93,132.93729695324475,2.649581196463151,24.48,853.33,87.18,1
Groundnut,Black soils,87.53054551977526,0,5.82,172.43490927868564,4.158548482629399,29.88,859.12,70.73,0
Soybean,Black soils,76.5747447185727,0,6.09,55.80956789226062,1.6624085030446671,22.05,931.07,84.62,0
Rice,Red and Yellow soils,62.88030372406628,0,6.24,69.50062910462015,4.898555948589926,23.73,866.15,75.28,0
Millets,Black soils,3.6021924614231,0,6.26,20.467091914049288,0.5161914575404415,27.07,922.04,83.45,0
Jwar,Laterite soils,85.67941919967865,1,5.74,155.92944761114924,4.804050202111057,29.4,857.17,61.69,1
Urd,Red and Yellow soils,22.62538625387936,1,5.97,187.4545404933927,3.635494046187656,21.04,820.22,80.56,0
Moong,Black soils,70.46581678149187,0,5.88,21.66905565059997,4.032486033053475,20.0,830.24,86.17,0
Millets,Laterite soils,57.962788657384245,1,6.45,176.98515468543576,1.3308049793192296,30.0,831.57,81.86,1
Kulthi,Black soils,39.49071677717886,0,6.15,60.39751234176016,3.8970756841866954,28.14,812.8,65.09,0
Jwar,Alluvial soils,33.52139305008494,1,6.35,170.24519022942422,1.7358279923002595,25.22,949.28,68.18,1
Mustard,Red and Yellow soils,63.63832068665308,0,6.73,88.53373490142508,1.9370490801246305,29.24,797.2,71.04,0
Til,Laterite soils,79.9474430875547,1,5.92,173.28889307383915,3.202864513601942,22.66,855.86,63.78,1
Mustard,Alluvial soils,91.82905732992558,1,6.34,53.74481212887618,1.5966321610404377,24.74,867.07,73.11,1
Tiwra,Alluvial soils,28.87196897058254,0,6.68,17.161441426265586,4.476599320211214,30.0,929.28,67.64,0
summer paddy,Black soils,99.14865361366142,0,6.25,134.30705078512983,1.949386589804747,24.82,895.35,60.0,0
Urd,Alluvial soils,61.5620526784047,1,6.16,104.44263990041502,2.5721342995786207,22.55,852.23,87.43,1
Groundnut,Red and Yellow soils,44.10436539094836,0,5.5,191.6079760172045,1.0565774612663703,23.48,862.71,69.53,0
Arhar,Alluvial soils,16.947340444794044,0,6.74,115.46353355361116,3.294811394244745,23.83,813.74,71.37,0
Urd,Laterite soils,4.197889378619497,0,6.7,90.0138398925223,4.669929373092929,28.23,848.17,76.53,0
Kulthi,Alluvial soils,67.60628023713699,0,5.64,34.05724834084618,3.7087473186135087,29.54,969.85,64.22,0
Maize,Red and Yellow soils,83.97676737225935,0,5.69,174.8228236194111,1.95984723189331,22.3,925.84,80.9,0
Tiwra,Alluvial soils,49.96403886906193,0,6.6,129.23233750459332,1.024483141899196,27.06,939.98,64.48,0
summer paddy,Laterite soils,80.66896941192711,0,6.69,54.11712191845815,3.2515109543711493,29.45,903.41,65.25,0
Rice,Alluvial soils,36.01014845087093,0,6.05,95.5705372998716,0.9837850209673618,22.95,957.91,76.15,0
Arhar,Black soils,58.272667448535096,0,5.92,146.75311324207283,0.571651324312384,20.24,840.12,68.28,0
Millets,Alluvial soils,23.54097596703025,1,6.54,57.43568008837477,1.5978107189656572,27.45,825.97,86.34,1
Tiwra,Laterite soils,87.1125768798161,0,5.68,155.6761395244254,3.972236580663137,28.55,963.78,69.97,0
Rice,Laterite soils,36.067847125393314,1,6.1,45.080516013725855,3.846756333323527,21.17,924.53,61.27,0
Maize,Red and Yellow soils,83.97676737225935,0,5.62,174.8228236194111,1.95984723189331,25.19,928.27,80.79,0
Millets,Alluvial soils,66.1773521263443,1,6.13,121.45483757861142,4.880676349583943,25.0,815.65,68.52,1
Rice,Red and Yellow soils,65.11829897838918,0,6.91,175.61385743537613,1.910934434431556,27.3,924.61,68.51,0
Gram,Red and Yellow soils,53.08813320922549,1,6.33,28.808142321819524,3.1415169004795302,26.74,827.16,63.64,0
Soybean,Laterite soils,50.60103662954688,0,5.76,171.12574873717588,2.589034966808882,20.8,926.5,76.2,0
Rice,Alluvial soils,49.78214071680444,0,6.9,54.89730595991944,1.04622923932641,21.21,890.31,75.27,0
Urd,Laterite soils,2.7426498464331512,0,5.78,88.14528120125196,4.954035987983664,23.47,923.45,65.46,0
Mustard,Black soils,8.188474407011933,1,7.0,47.59586392867045,2.8105878706836,20.0,937.4,62.86,0
Jwar,Alluvial soils,77.34890187462672,0,6.28,187.39893140589743,4.13407204546712,23.76,894.35,64.94,0
Moong,Red and Yellow soils,6.70159104623501,0,6.56,154.37849353994258,1.4738508434764648,22.09,804.69,61.99,0
summer paddy,Red and Yellow soils,39.66105407075501,0,6.54,35.35427059036928,1.3256422203939051,22.16,938.12,63.93,0
Masoor,Alluvial soils,45.92043415033586,0,6.8,175.13241790304798,3.316894792035183,26.92,844.16,86.22,0
Kulthi,Black soils,19.94313150748539,1,7.0,97.58946583215312,2.988773303025213,23.55,784.65,81.4,1
summer paddy,Alluvial soils,7.078898910240252,1,5.69,133.05676737201873,2.8391106476553305,23.14,940.66,85.6,0
Urd,Alluvial soils,37.78258122050927,1,5.53,46.08242628582618,2.6125853106729853,28.58,943.1,71.23,0
Jwar,Laterite soils,83.27429064883648,1,5.91,66.97405545052723,4.904528295647274,26.02,827.48,61.72,1
Maize,Black soils,87.75885918969198,0,5.76,139.78469040599293,1.3665129133839682,25.05,896.74,84.42,0
Masoor,Alluvial soils,71.71208281936302,0,6.72,31.377403355249527,1.0655330314056928,26.02,931.03,69.01,0
Masoor,Black soils,57.674849565932185,0,6.14,50.45115979273248,1.5982455206728323,24.45,895.93,65.12,0
Mustard,Black soils,19.12922251866725,1,5.81,103.50209792378745,2.617585675899809,28.11,841.29,71.62,0
Arhar,Red and Yellow soils,89.63418660147754,0,5.77,197.40269607320457,2.917209527133356,24.19,921.14,79.43,0
Til,Red and Yellow soils,83.59129485493202,0,6.62,36.09993908037054,0.925693566787786,22.8,802.25,66.51,0
Kulthi,Laterite soils,20.90726535219855,0,6.6,98.52331092318568,2.606152200854422,24.76,836.46,74.36,0
Gram,Alluvial soils,44.36061613463463,1,5.57,51.92836348552057,1.185780320544819,22.72,876.85,72.94,1
Masoor,Red and Yellow soils,90.46926764515013,1,6.24,39.5265414675269,4.552431153446992,26.86,841.63,76.29,0
Maize,Alluvial soils,34.904783067347054,0,6.85,17.703829613210928,0.5905315307981513,28.4,867.23,89.26,0
Soybean,Laterite soils,13.10812731307866,1,5.5,178.12965587280345,2.260207718353315,28.56,987.5,72.99,1
Groundnut,Black soils,13.083322941050284,0,5.75,85.59418473765709,3.41430524157662,24.42,963.46,65.81,0
Tiwra,Black soils,94.76385180041332,0,6.78,110.7678118617717,0.8166051320582242,28.16,842.99,82.92,0
Mustard,Red and Yellow soils,67.90567177519311,0,6.98,184.57009859164535,2.8827361969169605,22.37,828.86,87.91,0
Soybean,Black soils,99.34559799516776,0,7.0,135.6931179241448,1.381824872493303,21.96,833.61,73.83,0
Moong,Laterite soils,4.258463097456195,0,5.5,181.9289995636216,3.8846723421151497,26.55,905.79,79.17,0
Mustard,Laterite soils,71.43977713087003,0,5.64,192.4061665391249,2.318230840930169,20.32,975.37,73.58,0
summer paddy,Alluvial soils,92.14077589708448,0,5.5,37.26311684885115,2.4051624361938035,21.8,944.22,78.79,0
Urd,Black soils,24.427711240308238,0,6.16,40.40200266895553,4.121770237149953,25.37,848.27,87.05,0
Pea,Laterite soils,23.804071407579336,1,6.2,131.24557260272172,3.669244395754899,28.06,823.84,80.15,1
Urd,Red and Yellow soils,21.596618772360653,1,6.78,136.9355851898517,2.343072110888093,21.04,803.33,87.3,1
Til,Laterite soils,79.80767833149267,1,5.77,195.1869784074493,4.9333156627866845,23.09,819.15,83.32,0
Gram,Alluvial soils,6.631856397258757,1,6.36,199.531133950268,4.800063599754694,23.71,831.25,81.68,0
Soybean,Alluvial soils,1.0845160463029235,0,6.02,132.15140054930788,1.295639412046346,22.97,798.23,86.21,0
Millets,Alluvial soils,83.4164579675254,0,6.53,146.3607032263529,4.542588877178431,25.17,902.95,82.87,0
Masoor,Red and Yellow soils,42.05432526241285,0,7.0,90.60728467834542,3.089700259916918,26.37,921.57,67.42,0
Wheat,Alluvial soils,91.05415430835896,0,7.0,160.42512776637145,0.6999369117890404,21.04,781.7,89.92,0
Til,Laterite soils,72.63236990744744,0,6.26,91.21425103639508,0.6719788045907025,27.65,857.34,71.77,0
Moong,Black soils,70.46581678149187,0,5.51,21.66905565059997,4.032486033053475,21.06,965.44,85.83,0
Soybean,Laterite soils,82.5219028825696,1,6.31,120.98570933252736,1.84204637395397,22.95,880.9,87.68,1
Gram,Black soils,48.6773164556799,1,5.86,69.28313557959125,2.0201114088284804,20.79,969.94,77.68,1
Tiwra,Black soils,94.76385180041332,0,6.54,110.7678118617717,0.8166051320582242,27.62,824.63,89.35,0
Pea,Alluvial soils,30.453837006264006,0,5.5,185.93651068955492,1.0198778892903464,29.74,985.32,75.58,0
Rice,Alluvial soils,54.82894674818631,0,6.58,199.60504257664195,1.60459882847338,22.25,836.49,69.36,0
Jwar,Alluvial soils,25.85682337890519,1,5.5,102.61050271033608,4.377680196883321,25.27,942.03,84.02,0
Soybean,Laterite soils,50.60103662954688,0,5.96,171.12574873717588,2.589034966808882,20.0,951.96,72.81,0
Til,Black soils,72.8747310808644,1,6.84,23.94593504567197,0.5056538319244093,20.61,812.28,84.99,0
Niger,Red and Yellow soils,4.301026088036883,0,6.47,145.61804214220632,2.0812368730220943,22.54,890.08,72.7,0
Mustard,Laterite soils,2.422650386748149,1,5.69,50.003662732995785,1.3339062519960363,27.33,968.7,64.54,1
summer paddy,Red and Yellow soils,1.3568197489404303,1,6.0,169.14624833347128,4.405057679473639,30.0,930.7,80.77,0
Arhar,Red and Yellow soils,86.86720496550913,0,6.04,40.99567176940299,0.9693659789832094,22.22,888.01,85.86,0
Gram,Alluvial soils,40.02287500376711,1,6.65,152.92792867079348,3.896782705565548,25.8,901.68,62.07,1
Til,Black soils,85.01927690614711,0,6.47,142.2143460301832,3.3364185717505808,20.0,846.79,80.61,0
Soybean,Red and Yellow soils,8.583758015057295,1,6.79,20.154563205107696,4.90903272481961,20.9,771.33,82.49,0
Millets,Red and Yellow soils,68.53613344912503,1,6.75,145.54578088551114,2.7638146457013453,20.72,858.81,60.0,1
Jwar,Alluvial soils,75.59152131396844,1,6.43,79.91476651727123,4.875495742078561,22.2,891.03,76.66,1
Til,Laterite soils,89.66061130236088,0,5.81,138.96491601693197,2.999699639608014,25.91,815.11,90.0,0
Wheat,Red and Yellow soils,50.91070048310331,0,5.88,70.3847309463337,4.94260898334276,25.37,811.01,84.29,0
Pea,Red and Yellow soils,14.258821823399837,1,6.51,181.6323051076012,4.302368943900499,25.59,796.71,67.35,1
Til,Laterite soils,89.66061130236088,0,5.5,138.96491601693197,2.999699639608014,27.94,876.69,89.98,0
Tiwra,Laterite soils,88.94512805109724,0,5.5,56.3932872429863,2.278022077517278,20.35,946.88,83.03,0
Moong,Laterite soils,44.60788148262814,1,5.91,83.79284451275134,2.217174315777015,24.84,844.42,63.43,1
Tiwra,Black soils,51.6709483055929,0,7.0,135.42477390060515,3.1134728386348294,22.67,758.4,87.11,0
Gram,Black soils,18.54638357946299,1,5.71,34.31846563723244,1.5054079551932045,25.84,894.35,67.72,0
Urd,Laterite soils,2.7426498464331512,0,5.63,88.14528120125196,4.954035987983664,21.53,871.27,67.4,0
Pea,Red and Yellow soils,57.89621108388996,1,6.18,140.3534641806105,3.0806227397827857,28.72,823.74,87.27,1
Pea,Red and Yellow soils,32.745807896062146,1,6.14,26.481396356110054,4.152733501535543,24.16,932.57,89.45,0
Millets,Black soils,6.907493912567169,0,6.91,84.40519823967013,2.862263975769026,28.15,888.65,79.52,0
Groundnut,Red and Yellow soils,38.75737864428302,0,6.7,87.85159170492055,4.987331613193882,29.82,953.06,60.0,0
Jwar,Black soils,13.99127022595174,1,6.46,96.4732462540386,1.8688803337971989,24.91,841.98,76.01,1
Tiwra,Red and Yellow soils,27.092825029366224,1,6.13,153.70269592651675,1.2125187749279782,26.62,875.38,61.53,1
Pea,Alluvial soils,63.2123421474168,1,5.85,30.08992185887418,2.1099619017340947,27.89,923.88,67.33,0
Urd,Red and Yellow soils,21.596618772360653,1,6.83,136.9355851898517,2.343072110888093,20.97,897.02,84.51,1
Millets,Black soils,46.115623150526005,1,6.51,177.58949627751142,1.0156582803711816,27.21,828.3,68.13,1
Pea,Red and Yellow soils,43.446323388532846,0,7.0,141.32630646402174,3.2583353976805944,29.18,839.92,64.02,0
Wheat,Red and Yellow soils,19.63023274762661,0,6.14,132.24686057442185,4.182026033346189,28.65,929.63,68.36,0
Soybean,Black soils,98.59433372410363,0,5.82,78.26901572028348,4.212803098596902,24.74,904.79,74.7,0
Millets,Alluvial soils,45.51927766356464,0,6.07,17.637805914713663,4.038528886844827,22.67,899.27,68.03,0
Wheat,Alluvial soils,91.05415430835896,0,7.0,160.42512776637145,0.6999369117890404,21.3,842.32,89.71,0
summer paddy,Alluvial soils,80.44770135267859,0,6.9,29.64755058306169,4.7260075846814615,21.49,904.99,86.96,0
Mustard,Laterite soils,50.57716960311954,0,5.95,79.28921525200687,1.641631398260391,27.17,887.23,85.5,0
Arhar,Alluvial soils,93.266516769375,0,6.31,151.91084094712255,4.153019042714469,27.26,915.65,74.13,0
Mustard,Red and Yellow soils,63.63832068665308,0,6.63,88.53373490142508,1.9370490801246305,28.75,786.86,72.65,0
Maize,Alluvial soils,34.904783067347054,0,6.74,17.703829613210928,0.5905315307981513,26.46,822.8,85.67,0
Gram,Alluvial soils,6.631856397258757,1,6.38,199.531133950268,4.800063599754694,22.1,902.07,83.48,0
Pea,Laterite soils,23.804071407579336,1,6.45,131.24557260272172,3.669244395754899,26.43,867.02,80.93,1
Tiwra,Laterite soils,77.41000299816143,0,5.7,102.68567704073148,4.5790889615245725,21.07,927.64,66.08,0
Masoor,Red and Yellow soils,15.573043648692993,0,5.77,40.394151236744186,2.3537196802479925,27.38,922.94,71.0,0
Gram,Black soils,33.36100018676664,1,6.34,77.38147579324998,4.486073743546642,26.15,811.87,66.93,1
Wheat,Alluvial soils,67.4018482677936,0,5.86,27.39069849597884,4.906744463762068,20.0,981.78,65.42,0
Maize,Laterite soils,32.09495506812422,0,6.72,71.06637841499042,4.98667080551723,23.21,859.55,73.11,0
Rice,Black soils,5.27909199036012,1,6.55,172.95426825777906,0.8633173028000611,21.03,836.28,63.13,1
Maize,Black soils,73.32267007953085,0,5.88,47.49317757286676,0.6835265598024884,23.58,966.1,64.99,0
summer paddy,Black soils,8.760454270055591,0,5.79,159.97290035688565,2.4566092291501533,28.48,904.75,68.79,0
Tiwra,Laterite soils,87.1125768798161,0,5.5,155.6761395244254,3.972236580663137,30.0,972.61,67.65,0
Jwar,Alluvial soils,3.1422931695712104,0,5.57,124.9568629244877,1.2982647039962512,26.39,943.8,76.02,0
Niger,Laterite soils,14.75564765833209,1,5.76,43.53470873409088,3.958799053421168,28.95,958.35,80.74,0
Arhar,Alluvial soils,40.59763875962707,1,5.5,154.16751398387302,1.6967064291359415,25.36,877.72,77.1,1
Millets,Black soils,3.6021924614231,0,6.26,20.467091914049288,0.5161914575404415,25.64,791.85,82.74,0
Pea,Laterite soils,23.804071407579336,1,6.21,131.24557260272172,3.669244395754899,28.65,876.93,84.58,1
Tiwra,Red and Yellow soils,97.38715723126916,1,6.47,137.4889698215875,2.0734056158904988,26.64,820.79,88.96,1
Moong,Laterite soils,47.72185492708941,0,7.0,108.96450143039937,2.7671496106270737,28.55,835.91,80.76,0
Gram,Black soils,48.6773164556799,1,5.63,69.28313557959125,2.0201114088284804,22.27,938.36,82.36,1
Millets,Red and Yellow soils,70.98318926589636,1,6.99,74.80825570491946,3.7312992983988873,26.7,837.87,63.62,1
Gram,Laterite soils,53.836448220478616,0,5.94,15.2236049976858,0.9405202056930708,22.66,841.14,65.13,0
Gram,Red and Yellow soils,19.447014158096326,0,7.0,144.3782799628782,2.1302329607260293,28.27,888.12,80.84,0
Maize,Black soils,87.75885918969198,0,5.59,139.78469040599293,1.3665129133839682,27.96,906.22,84.9,0
Pea,Red and Yellow soils,21.55979018755156,0,6.55,77.78609298703317,3.689048046868987,22.09,821.83,63.24,0
Urd,Alluvial soils,37.78258122050927,1,5.85,46.08242628582618,2.6125853106729853,28.43,917.42,70.17,0
Til,Laterite soils,72.63236990744744,0,6.13,91.21425103639508,0.6719788045907025,27.07,846.62,72.66,0
Jwar,Laterite soils,20.52338382586908,0,6.71,39.04821267421946,2.0258284690301904,23.63,919.96,72.25,0
Millets,Black soils,46.115623150526005,1,6.76,177.58949627751142,1.0156582803711816,28.94,852.85,66.57,1
Tiwra,Red and Yellow soils,16.381665237746383,1,5.92,84.8078611948209,1.039182547558261,24.78,921.36,74.56,0
Moong,Laterite soils,1.3350146708237651,0,5.77,27.21836674974315,4.5485522285277975,26.57,908.48,67.31,0
Tiwra,Black soils,97.158326515426,0,5.76,132.63690929018293,0.9977835566720724,20.61,839.67,71.17,0
Jwar,Red and Yellow soils,81.05182096520964,1,5.5,198.10884266676885,4.3258916692421066,25.07,928.33,68.84,1
Rice,Red and Yellow soils,62.88030372406628,0,5.95,69.50062910462015,4.898555948589926,23.89,875.83,74.71,0
Mustard,Laterite soils,3.375598634207229,0,6.95,155.35234889949072,4.286214413194463,24.29,793.31,65.05,0
Jwar,Black soils,65.54709453271963,1,6.25,14.774203291276631,4.843878235764788,25.99,874.35,78.78,0
Kulthi,Black soils,67.84108048066902,1,6.83,44.23042527392003,2.349613359680567,22.39,917.33,82.45,0
Rice,Alluvial soils,36.01014845087093,0,6.11,95.5705372998716,0.9837850209673618,23.03,797.65,80.07,0
Pea,Black soils,35.50207418332751,0,5.82,155.1924950643728,4.558757044762429,28.19,973.36,72.4,0
Kulthi,Laterite soils,67.55487925578505,0,6.96,79.33838476518439,4.877362795825739,29.23,887.88,88.96,0
Tiwra,Black soils,97.158326515426,0,5.5,132.63690929018293,0.9977835566720724,20.68,959.35,76.42,0
Gram,Alluvial soils,92.8493387422751,1,6.83,64.25799140275164,4.914860850641632,28.53,915.37,75.35,1
Rice,Alluvial soils,54.82894674818631,0,6.16,199.60504257664195,1.60459882847338,22.97,914.32,70.88,0
Rice,Red and Yellow soils,7.996150840499768,0,6.66,73.07030318124619,1.7926143362906817,25.59,820.84,81.11,0
Maize,Black soils,25.60173042272508,1,6.92,165.05125349950538,2.360850866018045,28.75,935.77,67.62,1
Urd,Black soils,11.274410889490516,0,6.74,112.43829037819636,4.276394728505107,28.13,893.6,80.32,0
Wheat,Alluvial soils,54.78604267673645,0,6.67,83.84981090417665,4.083958299034335,21.55,776.99,86.67,0
Tiwra,Alluvial soils,57.12809708824221,1,6.74,197.0604365484146,3.9823961897083984,22.46,885.5,65.75,1
Jwar,Black soils,85.02489644764282,0,5.86,141.69070379804322,2.338065364164532,26.93,865.96,65.42,0
Jwar,Black soils,58.43929542154972,1,5.99,16.566631578535365,3.473426184998023,20.64,860.18,70.67,0
Mustard,Laterite soils,2.422650386748149,1,5.64,50.003662732995785,1.3339062519960363,27.66,899.66,62.55,1
Maize,Black soils,38.61061367320439,0,6.41,170.31722106664762,0.5080767595702489,23.36,871.91,65.86,0
Mustard,Laterite soils,61.737953589033744,0,5.63,65.69585886371809,1.5602596870875736,25.41,917.14,81.37,0
summer paddy,Laterite soils,80.66896941192711,0,6.54,54.11712191845815,3.2515109543711493,27.95,843.66,60.03,0
Rice,Black soils,5.27909199036012,1,6.72,172.95426825777906,0.8633173028000611,20.0,945.11,62.97,1
Gram,Laterite soils,94.10126247062009,0,5.72,72.58126430651672,2.1511369511760727,25.18,944.37,63.47,0
Kulthi,Alluvial soils,61.837349287810135,1,6.91,27.801636027771064,2.6701487722421016,26.83,910.53,83.33,0
Urd,Red and Yellow soils,22.62538625387936,1,6.24,187.4545404933927,3.635494046187656,22.24,891.17,79.17,0
summer paddy,Black soils,99.14865361366142,0,6.48,134.30705078512983,1.949386589804747,22.88,820.67,60.0,0
Niger,Laterite soils,58.342897767539576,0,6.37,30.396351069572987,0.6188329381507388,25.37,788.07,88.67,0
summer paddy,Laterite soils,57.82058689786627,0,5.86,53.81319082011551,2.8357837897845606,20.0,904.68,76.84,0
Kulthi,Black soils,64.62899831981025,0,6.58,83.52491651545493,1.5690018255421825,21.52,899.78,60.8,0
Moong,Black soils,68.47419592831014,1,6.28,62.139746561585554,1.7248326329770518,27.88,905.67,73.33,0
Mustard,Red and Yellow soils,47.35020570684794,1,6.83,14.979387934802954,2.7212244906205534,23.89,928.12,77.93,0
Kulthi,Black soils,19.94313150748539,1,7.0,97.58946583215312,2.988773303025213,22.22,847.59,87.7,1
Kulthi,Alluvial soils,95.13326238868204,1,6.57,125.509145492839,4.864218401260991,24.98,838.77,60.06,1
Groundnut,Alluvial soils,36.793994091155895,0,6.32,191.11670343048607,4.024925591961438,24.28,854.08,84.68,0
Jwar,Alluvial soils,50.27501027132872,0,6.69,103.71091740391591,4.248261783890516,22.48,839.32,60.0,0
Urd,Laterite soils,3.1424283074838835,1,5.83,78.7181102480801,3.652081641177272,26.15,832.26,89.71,1
Kulthi,Alluvial soils,92.5492169547469,1,6.64,172.39818815807868,1.6613788159021248,28.35,883.44,87.07,1
Maize,Red and Yellow soils,92.61970763557478,1,6.89,58.18133438986627,3.1266305880832834,27.32,934.12,62.41,0
Groundnut,Alluvial soils,77.64734025846953,1,6.76,30.1290536211666,2.4437057909109408,22.27,827.72,66.67,0
Kulthi,Alluvial soils,67.60628023713699,0,5.69,34.05724834084618,3.7087473186135087,28.84,883.55,60.52,0
Kulthi,Black soils,18.967225361011167,0,6.83,10.664611709977248,0.7513002185498734,20.0,905.75,60.0,0
Wheat,Laterite soils,7.276797004040833,0,5.88,117.16853925930828,3.99316410162361,23.84,823.34,84.64,0
Kulthi,Alluvial soils,54.81048353532652,1,5.79,24.193410570245213,4.594332152474536,26.97,852.64,60.0,0
Til,Alluvial soils,95.1984444835079,0,6.18,142.64313814170387,3.0749607676792494,26.19,900.01,85.04,0
Jwar,Black soils,85.02489644764282,0,5.83,141.69070379804322,2.338065364164532,25.94,852.66,63.95,0
summer paddy,Alluvial soils,92.14077589708448,0,5.5,37.26311684885115,2.4051624361938035,20.0,915.04,82.43,0
Tiwra,Laterite soils,41.61828535466275,1,6.62,25.379723997991185,4.950763297623329,24.91,825.16,66.17,0
Millets,Black soils,49.27248131847189,0,6.1,53.90095521876777,1.2019846474142255,21.55,846.39,78.81,0
Kulthi,Black soils,39.49071677717886,0,6.18,60.39751234176016,3.8970756841866954,26.58,917.45,70.82,0
Jwar,Alluvial soils,8.770750022223734,1,5.92,115.99582439793596,2.540243063469655,23.72,874.39,89.26,1
Niger,Black soils,30.080933360930537,0,5.92,52.22680121536878,1.086363801815192,26.77,840.21,69.79,0
Jwar,Black soils,13.99127022595174,1,6.4,96.4732462540386,1.8688803337971989,23.0,847.11,70.27,1
Wheat,Alluvial soils,86.71163811325147,1,5.96,54.94653337104506,3.359167289944513,29.04,836.57,76.66,1
Urd,Black soils,54.97589680292262,1,5.88,182.3901767961132,0.6312941161897548,25.51,956.43,81.88,0
Gram,Black soils,78.84309895532813,1,5.99,101.37659921705163,0.5595492491183836,20.16,809.55,81.43,0
Pea,Alluvial soils,16.94988061339748,1,6.92,184.5564527018232,4.554417666294789,25.27,882.23,67.31,1
Wheat,Red and Yellow soils,58.75812809075228,0,5.95,61.15233492569079,2.7512492589727047,22.11,961.78,67.0,0
summer paddy,Red and Yellow soils,73.54687524942415,0,5.69,142.93725689571534,4.918276974920083,23.75,932.9,69.43,0
Millets,Red and Yellow soils,17.122970872144943,1,6.19,60.7652239322664,2.3761285663683043,27.99,951.53,73.37,1
Millets,Black soils,51.93747983054598,1,6.11,147.6076818611602,3.4815759318038104,23.34,867.57,89.22,1
Gram,Black soils,7.859205242978358,0,6.49,59.29153611037987,1.2925953541039088,24.7,837.16,65.89,0
Rice,Black soils,52.65669190477372,1,5.93,134.8384120738132,3.631008437924299,28.5,824.87,62.18,1
Tiwra,Black soils,14.00913180874091,1,5.61,192.864017307691,3.587869631963185,26.26,916.97,72.23,1
Til,Laterite soils,79.9474430875547,1,5.66,173.28889307383915,3.202864513601942,20.73,900.41,62.03,1
Masoor,Red and Yellow soils,42.05432526241285,0,6.85,90.60728467834542,3.089700259916918,25.06,795.95,62.21,0
Groundnut,Laterite soils,47.3154015978025,0,6.01,163.00709664528063,2.6080442594736524,21.27,884.13,62.17,0
Gram,Alluvial soils,92.8493387422751,1,6.6,64.25799140275164,4.914860850641632,27.94,890.76,76.53,1
Maize,Red and Yellow soils,92.61970763557478,1,6.92,58.18133438986627,3.1266305880832834,28.96,928.11,65.2,0
Arhar,Alluvial soils,39.45787077617061,1,6.3,191.36893057921523,4.646728325885565,20.0,914.29,67.62,0
Jwar,Alluvial soils,75.59152131396844,1,6.72,79.91476651727123,4.875495742078561,20.0,823.91,71.86,1
Masoor,Alluvial soils,17.051062582241848,1,6.55,158.50864420956958,2.1741170604411213,23.87,851.33,77.77,1
Urd,Alluvial soils,91.70252765931488,0,6.9,15.605923247840275,3.5094411666075778,23.91,784.04,76.56,0
Jwar,Alluvial soils,50.27501027132872,0,6.6,103.71091740391591,4.248261783890516,23.42,898.27,62.6,0
Arhar,Alluvial soils,93.266516769375,0,6.14,151.91084094712255,4.153019042714469,25.76,899.13,74.16,0
Til,Alluvial soils,48.12232243119416,1,5.69,159.19400511003866,4.48088955820164,20.65,889.03,77.35,1
summer paddy,Alluvial soils,7.078898910240252,1,5.63,133.05676737201873,2.8391106476553305,23.76,955.05,86.42,0
Tiwra,Alluvial soils,57.12809708824221,1,6.58,197.0604365484146,3.9823961897083984,22.42,917.66,69.17,1
Millets,Alluvial soils,95.28279889194648,1,6.46,29.144702967043564,4.024157339354911,24.02,894.44,66.99,0
Masoor,Red and Yellow soils,63.29267823677274,1,5.86,149.29521124251127,1.6236523171898996,20.64,936.9,60.0,1
Til,Alluvial soils,48.12232243119416,1,5.78,159.19400511003866,4.48088955820164,21.3,900.09,71.03,1
Soybean,Laterite soils,50.60103662954688,0,6.05,171.12574873717588,2.589034966808882,20.0,908.03,74.27,0
Kulthi,Red and Yellow soils,71.95464735059075,0,6.76,143.26123077544585,2.2065192855643185,25.65,926.06,82.74,0
Pea,Alluvial soils,17.17303816819014,0,5.5,163.3134475429299,2.644391106796571,25.66,897.43,69.9,0
Rice,Alluvial soils,36.01014845087093,0,5.73,95.5705372998716,0.9837850209673618,22.97,887.74,79.2,0
Millets,Alluvial soils,11.562316984377864,1,6.0,36.32941582572472,4.6043699786807775,23.97,924.88,65.05,0
Soybean,Alluvial soils,45.929950244441066,1,6.53,146.06295145488895,4.868631700892124,26.54,796.31,75.54,0
Tiwra,Alluvial soils,28.87196897058254,0,6.88,17.161441426265586,4.476599320211214,29.95,879.96,71.88,0
Kulthi,Black soils,18.967225361011167,0,6.71,10.664611709977248,0.7513002185498734,21.7,791.6,62.53,0
Jwar,Black soils,57.1131845366664,0,6.42,85.61927717435609,3.85322871870764,25.11,829.43,64.15,0
Soybean,Black soils,43.93909969768636,1,7.0,187.44094250103575,3.156684445310398,27.6,897.48,87.3,1
Jwar,Red and Yellow soils,81.05182096520964,1,5.5,198.10884266676885,4.3258916692421066,24.66,958.04,73.6,1
Urd,Red and Yellow soils,45.498714553357374,0,6.76,78.41811791005178,2.4597531594443405,23.32,819.64,77.95,0
Jwar,Black soils,28.67326065577008,0,6.11,62.69765596562617,3.9383874571860433,22.85,948.77,80.81,0
Millets,Laterite soils,48.74312011750155,0,6.22,120.33880048951929,2.4768589850115967,20.0,905.77,77.27,0
Jwar,Black soils,57.1131845366664,0,6.31,85.61927717435609,3.85322871870764,23.41,890.74,60.0,0
Kulthi,Black soils,39.49071677717886,0,6.23,60.39751234176016,3.8970756841866954,27.45,827.48,71.89,0
Jwar,Black soils,13.99127022595174,1,6.56,96.4732462540386,1.8688803337971989,22.42,834.28,71.33,1
Kulthi,Black soils,67.84108048066902,1,6.73,44.23042527392003,2.349613359680567,21.98,893.18,77.9,0
Urd,Black soils,54.97589680292262,1,6.04,182.3901767961132,0.6312941161897548,24.18,944.81,89.07,0
Millets,Red and Yellow soils,68.53613344912503,1,6.73,145.54578088551114,2.7638146457013453,21.35,834.7,65.04,1
Gram,Black soils,7.859205242978358,0,6.23,59.29153611037987,1.2925953541039088,23.48,877.95,72.89,0
Jwar,Black soils,43.34241591110462,0,6.15,55.8071284120974,4.114829632169133,21.86,803.53,84.52,0
Gram,Red and Yellow soils,34.74768672244927,1,6.71,33.58119022402276,1.9181663035284728,28.61,812.9,67.12,0
Gram,Alluvial soils,92.8493387422751,1,6.66,64.25799140275164,4.914860850641632,27.07,855.74,77.1,1
Gram,Red and Yellow soils,34.74768672244927,1,6.77,33.58119022402276,1.9181663035284728,29.89,832.72,65.67,0
Mustard,Alluvial soils,2.3002039972834387,0,6.51,145.61959193869544,2.519545815592032,24.25,914.35,77.28,0
Til,Red and Yellow soils,85.94972915026943,1,5.68,124.22027903539907,4.9855581453472375,21.52,916.54,78.28,1
Rice,Red and Yellow soils,65.11829897838918,0,6.89,175.61385743537613,1.910934434431556,26.38,806.07,70.08,0
Millets,Alluvial soils,66.1773521263443,1,6.21,121.45483757861142,4.880676349583943,23.19,959.55,64.77,1
Arhar,Alluvial soils,84.94829653763078,0,6.59,148.30405234987228,2.085751113035552,24.1,876.76,80.64,0
Til,Alluvial soils,74.9101007065359,0,6.19,139.00895124661432,4.160729142666699,25.67,908.55,85.02,0
Jwar,Red and Yellow soils,14.921019331346107,0,5.84,199.58265014089395,3.3401633423800927,23.79,851.34,81.88,0
Jwar,Laterite soils,83.27429064883648,1,5.63,66.97405545052723,4.904528295647274,24.84,992.24,63.07,1
Mustard,Alluvial soils,29.138359213116704,0,6.13,163.4305505984715,3.5913293882148416,28.22,900.05,63.3,0
Gram,Alluvial soils,79.26862073639087,1,5.93,169.83024901214273,4.126874099803565,21.5,821.99,80.23,1
Pea,Laterite soils,23.44233244018282,0,6.02,87.75414749046334,4.298467138068505,23.29,900.76,88.38,0
Arhar,Laterite soils,74.64442798330771,1,5.99,155.32653226232352,1.9369977433354968,26.74,945.84,87.39,1
summer paddy,Laterite soils,90.855464380136,0,5.5,88.93461010502237,2.2896711723008787,25.33,908.64,80.01,0
Rice,Laterite soils,83.79467762655149,0,6.5,33.31006222633755,2.783971589852677,20.53,799.61,89.01,0
Niger,Black soils,56.17716140693022,1,6.65,42.88801275230651,2.992074792161899,25.93,940.5,69.49,0
Jwar,Laterite soils,92.81866674409925,1,6.26,159.32913111736443,4.144766898974626,20.89,846.05,77.04,0
Wheat,Red and Yellow soils,19.63023274762661,0,6.14,132.24686057442185,4.182026033346189,29.18,871.41,64.2,0
summer paddy,Red and Yellow soils,73.54687524942415,0,5.5,142.93725689571534,4.918276974920083,25.04,870.84,74.12,0
Groundnut,Laterite soils,81.6554741475988,1,6.73,86.15027954705378,1.14379756440237,24.24,919.61,74.76,1
Arhar,Alluvial soils,40.59763875962707,1,5.66,154.16751398387302,1.6967064291359415,25.68,934.75,71.36,1
Moong,Laterite soils,15.751845797753464,1,6.59,116.91939141246866,1.6379793852651496,20.65,849.79,60.0,1
Gram,Alluvial soils,44.36061613463463,1,5.53,51.92836348552057,1.185780320544819,20.82,877.71,74.36,1
Rice,Red and Yellow soils,7.996150840499768,0,6.57,73.07030318124619,1.7926143362906817,25.16,889.84,78.22,0
Tiwra,Laterite soils,77.41000299816143,0,5.61,102.68567704073148,4.5790889615245725,20.0,891.72,61.52,0
Maize,Black soils,65.32355202698167,0,5.57,153.432927891906,1.8221311119500412,20.13,847.77,76.21,0
Mustard,Laterite soils,95.8059931058451,0,5.73,103.02761838487882,4.034661034793127,21.62,926.05,63.31,0
Maize,Red and Yellow soils,69.73343459088427,0,5.96,159.39192951392974,3.210066085264966,26.27,913.23,78.76,0
Pea,Laterite soils,37.95291147089761,1,6.58,155.92154634208538,1.0961422182962492,23.36,891.69,82.04,1
Wheat,Red and Yellow soils,50.91070048310331,0,5.82,70.3847309463337,4.94260898334276,26.61,957.73,83.73,0
Soybean,Alluvial soils,1.0845160463029235,0,6.18,132.15140054930788,1.295639412046346,24.0,845.93,88.47,0
summer paddy,Laterite soils,99.68532353972208,1,6.61,36.79724244169026,0.5887722514342346,27.54,925.88,65.32,0
Soybean,Black soils,47.0521959690072,0,6.82,89.55122834530016,0.8923742776619482,21.72,921.38,77.88,0
Til,Alluvial soils,95.1984444835079,0,6.34,142.64313814170387,3.0749607676792494,26.86,852.64,90.0,0
Maize,Alluvial soils,84.40064941289427,0,7.0,117.3407974676231,2.5830017311527627,30.0,903.17,88.61,0
Tiwra,Laterite soils,87.1125768798161,0,5.5,155.6761395244254,3.972236580663137,29.62,959.33,65.96,0
summer paddy,Black soils,99.14865361366142,0,6.08,134.30705078512983,1.949386589804747,22.43,931.12,60.0,0
summer paddy,Laterite soils,57.82058689786627,0,5.75,53.81319082011551,2.8357837897845606,21.82,917.84,78.6,0
Niger,Black soils,2.645006445988896,0,5.81,149.7523142684901,3.7486793601665775,27.44,922.75,72.73,0
Jwar,Laterite soils,85.67941919967865,1,5.72,155.92944761114924,4.804050202111057,29.13,957.39,61.89,1
Moong,Red and Yellow soils,9.326065442028998,0,6.87,172.44853243892462,3.156078875040973,22.17,843.68,74.23,0
Millets,Alluvial soils,3.618996042561992,0,6.03,195.20677589698155,0.9929670665083924,26.48,836.73,85.57,0
summer paddy,Red and Yellow soils,23.656969306526207,1,6.65,160.81222387384514,2.887401159556615,30.0,806.52,62.61,1
Kulthi,Alluvial soils,61.837349287810135,1,6.73,27.801636027771064,2.6701487722421016,27.3,888.62,77.31,0
Niger,Red and Yellow soils,30.05926746262701,0,5.77,171.41131547239257,3.621531844526511,30.0,872.9,69.5,0
Mustard,Laterite soils,61.737953589033744,0,5.82,65.69585886371809,1.5602596870875736,25.6,879.76,86.69,0
Soybean,Laterite soils,82.5219028825696,1,6.39,120.98570933252736,1.84204637395397,23.58,802.73,90.0,1
Til,Alluvial soils,95.1984444835079,0,6.18,142.64313814170387,3.0749607676792494,26.12,877.5,86.5,0
Soybean,Black soils,99.34559799516776,0,7.0,135.6931179241448,1.381824872493303,22.96,827.75,74.15,0
Soybean,Red and Yellow soils,79.46057483174057,0,6.49,150.462155599481,3.444350816677973,21.06,930.86,83.73,0
Masoor,Alluvial soils,88.17766186897569,0,5.61,13.862974164951854,3.4365674693025685,27.39,874.48,81.98,0
Til,Laterite soils,82.11526872345533,0,6.0,179.22366038694898,3.004640999287888,25.19,979.08,61.58,0
Urd,Laterite soils,66.47259153046967,1,6.63,141.76502902740526,2.4215107907859093,30.0,873.84,68.88,1
Urd,Laterite soils,56.01656404336428,1,5.75,169.6786697669429,1.2509461554512062,29.61,876.68,75.87,1
Niger,Black soils,30.080933360930537,0,5.84,52.22680121536878,1.086363801815192,26.91,824.22,73.67,0
Jwar,Alluvial soils,3.1422931695712104,0,5.58,124.9568629244877,1.2982647039962512,28.22,931.16,80.0,0
Jwar,Alluvial soils,50.27501027132872,0,6.58,103.71091740391591,4.248261783890516,22.25,849.33,60.0,0
Millets,Black soils,8.545620951059774,1,6.56,161.95956637121765,4.866411463972916,29.62,869.78,85.5,1
Jwar,Black soils,57.1131845366664,0,6.12,85.61927717435609,3.85322871870764,25.21,927.64,60.0,0
Millets,Black soils,8.545620951059774,1,6.41,161.95956637121765,4.866411463972916,28.69,802.28,90.0,1
Wheat,Alluvial soils,54.78604267673645,0,6.84,83.84981090417665,4.083958299034335,21.06,903.34,89.36,0
Arhar,Laterite soils,96.60763642238672,0,6.36,133.99567920563555,1.2167870909791818,20.17,817.06,79.86,0
Urd,Black soils,6.69515158775076,0,6.55,187.8070287106091,1.1930450406000916,24.57,815.41,69.58,0
Rice,Laterite soils,36.067847125393314,1,6.03,45.080516013725855,3.846756333323527,20.0,966.98,60.51,0
Gram,Alluvial soils,16.672643607007103,0,6.03,103.22443146605498,0.846637066382314,21.11,819.27,64.94,0
summer paddy,Laterite soils,68.33971322490649,1,6.75,21.80492518759846,3.622176401026044,22.55,805.13,76.13,0
Groundnut,Red and Yellow soils,36.53238610880504,0,6.75,92.22094687585086,0.9655793146476612,22.54,783.12,75.93,0
Gram,Red and Yellow soils,82.07588905682253,0,6.56,18.009491866681152,3.233362891898263,20.0,900.8,76.35,0
Til,Alluvial soils,74.9101007065359,0,6.34,139.00895124661432,4.160729142666699,24.1,913.42,89.55,0
Groundnut,Black soils,77.0287821542821,1,5.85,28.30353013570137,1.0980962288868708,28.99,914.48,78.88,0
Rice,Black soils,52.65669190477372,1,6.12,134.8384120738132,3.631008437924299,29.29,900.04,63.82,1
Maize,Laterite soils,59.61861413363324,1,5.5,135.50678958732516,2.9379073788004195,23.72,972.76,80.64,1
Kulthi,Laterite soils,67.55487925578505,0,6.74,79.33838476518439,4.877362795825739,29.4,901.97,84.13,0
Soybean,Alluvial soils,1.0845160463029235,0,5.81,132.15140054930788,1.295639412046346,25.38,961.25,87.7,0
Maize,Red and Yellow soils,75.04133314858224,0,5.53,126.6451520573656,2.7235491072147164,25.1,986.52,66.82,0
Moong,Alluvial soils,40.61480583667867,1,6.06,166.39544242161517,4.281051864970563,28.55,968.13,62.23,1
Jwar,Alluvial soils,3.1422931695712104,0,5.5,124.9568629244877,1.2982647039962512,28.11,973.74,79.71,0
Arhar,Red and Yellow soils,89.63418660147754,0,5.69,197.40269607320457,2.917209527133356,24.5,929.5,78.9,0
Moong,Black soils,66.35159251639024,0,5.75,154.92011886243904,4.532794847215374,25.12,942.1,70.16,0
Soybean,Black soils,43.93909969768636,1,6.75,187.44094250103575,3.156684445310398,27.08,869.06,84.2,1
Kulthi,Black soils,64.62899831981025,0,6.89,83.52491651545493,1.5690018255421825,22.36,930.28,64.45,0
Til,Alluvial soils,20.130363157001845,1,6.15,96.39301275682372,3.99987462399122,25.07,901.14,62.42,1
Kulthi,Laterite soils,93.89813650383569,0,6.66,193.230305006838,2.25817436042408,29.49,865.49,64.52,0
Masoor,Black soils,35.88229477097293,0,6.94,78.05785247904603,3.7076108701053294,26.69,854.93,60.51,0
Soybean,Laterite soils,82.5219028825696,1,6.38,120.98570933252736,1.84204637395397,21.66,863.09,87.34,1
Til,Laterite soils,79.80767833149267,1,6.17,195.1869784074493,4.9333156627866845,23.82,847.87,77.92,0
Kulthi,Black soils,67.84108048066902,1,7.0,44.23042527392003,2.349613359680567,21.67,827.55,81.82,0
Gram,Black soils,18.54638357946299,1,5.68,34.31846563723244,1.5054079551932045,25.37,928.01,71.42,0
Urd,Alluvial soils,91.70252765931488,0,6.69,15.605923247840275,3.5094411666075778,24.4,776.52,78.17,0
Pea,Red and Yellow soils,77.1904149781785,1,6.21,159.6942075375746,3.61915464017993,26.7,815.29,60.0,1
Groundnut,Laterite soils,65.31840295659302,0,7.0,141.36645020981774,4.393638773635823,26.93,782.14,84.78,0
Til,Black soils,85.01927690614711,0,6.87,142.2143460301832,3.3364185717505808,20.06,871.96,79.28,0
Millets,Red and Yellow soils,68.53613344912503,1,6.97,145.54578088551114,2.7638146457013453,20.99,914.29,64.03,1
Pea,Red and Yellow soils,57.89621108388996,1,6.22,140.3534641806105,3.0806227397827857,26.88,871.52,85.36,1
Millets,Black soils,8.545620951059774,1,6.52,161.95956637121765,4.866411463972916,30.0,875.79,86.2,1
Jwar,Alluvial soils,50.27501027132872,0,6.34,103.71091740391591,4.248261783890516,22.16,939.5,63.0,0
Moong,Black soils,68.47419592831014,1,6.29,62.139746561585554,1.7248326329770518,27.75,928.38,73.22,0
Urd,Red and Yellow soils,45.498714553357374,0,7.0,78.41811791005178,2.4597531594443405,22.79,782.78,77.37,0
Millets,Alluvial soils,23.54097596703025,1,6.51,57.43568008837477,1.5978107189656572,25.85,919.06,84.01,1
Gram,Alluvial soils,16.672643607007103,0,6.07,103.22443146605498,0.846637066382314,20.0,825.45,62.4,0
Maize,Red and Yellow soils,75.04133314858224,0,5.62,126.6451520573656,2.7235491072147164,26.99,899.88,62.23,0
Pea,Alluvial soils,16.94988061339748,1,6.85,184.5564527018232,4.554417666294789,25.66,790.63,63.25,1
Jwar,Red and Yellow soils,54.09861316205604,1,5.5,43.55196900142567,2.5235327567755976,26.21,980.43,74.91,0
Moong,Laterite soils,47.72185492708941,0,6.99,108.96450143039937,2.7671496106270737,29.27,838.9,87.79,0
Til,Alluvial soils,48.12232243119416,1,5.6,159.19400511003866,4.48088955820164,20.0,943.12,77.03,1
Urd,Laterite soils,59.08990961897472,0,6.01,192.0845844938899,2.9650442270922275,24.79,822.22,61.28,0
Rice,Laterite soils,36.067847125393314,1,5.93,45.080516013725855,3.846756333323527,20.42,914.74,61.09,0
Tiwra,Alluvial soils,28.87196897058254,0,6.86,17.161441426265586,4.476599320211214,29.49,865.7,68.94,0
Groundnut,Laterite soils,81.6554741475988,1,7.0,86.15027954705378,1.14379756440237,24.63,821.7,73.99,1
Urd,Black soils,54.97589680292262,1,6.05,182.3901767961132,0.6312941161897548,25.46,819.61,84.15,0
Gram,Black soils,60.6590114165344,0,5.5,89.25746879492321,4.041605590451173,23.85,885.85,86.18,0
summer paddy,Laterite soils,34.066071163832795,1,6.49,149.23083239700463,4.611200027303879,26.91,813.63,73.08,1
Pea,Laterite soils,23.804071407579336,1,6.42,131.24557260272172,3.669244395754899,28.86,911.11,85.51,1
Jwar,Red and Yellow soils,54.09861316205604,1,5.66,43.55196900142567,2.5235327567755976,28.54,847.89,74.21,0
Rice,Laterite soils,25.09494464680028,1,5.97,157.04690334075116,1.926924601319298,23.16,884.54,90.0,1
Millets,Laterite soils,57.962788657384245,1,6.17,176.98515468543576,1.3308049793192296,28.97,912.72,78.15,1
Wheat,Alluvial soils,86.54297981140141,0,6.78,108.46872549256152,3.65827855817515,20.94,857.56,64.97,0
Tiwra,Laterite soils,83.03751864098753,0,5.89,103.43937315702806,4.951128879703812,29.22,946.07,72.47,0
Tiwra,Alluvial soils,49.96403886906193,0,6.6,129.23233750459332,1.024483141899196,26.33,894.12,66.82,0
Masoor,Black soils,35.88229477097293,0,6.73,78.05785247904603,3.7076108701053294,24.63,813.73,64.69,0
Arhar,Laterite soils,96.60763642238672,0,6.61,133.99567920563555,1.2167870909791818,22.7,909.84,85.78,0
Rice,Red and Yellow soils,94.9606118039142,0,5.66,54.1128672085785,1.619877527026648,22.26,877.7,66.13,0
Groundnut,Black soils,13.083322941050284,0,6.01,85.59418473765709,3.41430524157662,23.77,935.76,64.89,0
Masoor,Black soils,56.607644110296,0,6.6,14.313069493331705,2.07281804952572,27.6,884.51,65.11,0
Gram,Black soils,18.54638357946299,1,5.84,34.31846563723244,1.5054079551932045,24.12,913.49,71.35,0
Mustard,Red and Yellow soils,67.90567177519311,0,6.71,184.57009859164535,2.8827361969169605,24.96,908.98,87.79,0
Til,Alluvial soils,85.22978983877745,1,5.5,14.770261505983694,1.7336147501948824,26.62,921.37,61.38,0
Groundnut,Red and Yellow soils,96.74499664722,1,5.84,178.92269764733769,2.42511046193267,27.78,948.02,85.06,1
Tiwra,Alluvial soils,28.87196897058254,0,6.87,17.161441426265586,4.476599320211214,29.1,856.88,64.48,0
Arhar,Laterite soils,84.46788570106386,1,6.1,192.94268675753716,2.7573837199416857,27.01,945.98,77.06,1
Millets,Laterite soils,48.74312011750155,0,6.0,120.33880048951929,2.4768589850115967,20.0,946.41,74.91,0
Jwar,Alluvial soils,3.1422931695712104,0,5.72,124.9568629244877,1.2982647039962512,27.25,871.18,79.7,0
Rice,Alluvial soils,54.82894674818631,0,6.57,199.60504257664195,1.60459882847338,21.89,912.93,69.72,0
Moong,Black soils,66.35159251639024,0,5.8,154.92011886243904,4.532794847215374,26.3,919.51,65.01,0
Wheat,Red and Yellow soils,50.91070048310331,0,6.11,70.3847309463337,4.94260898334276,24.9,942.23,81.4,0
Moong,Black soils,75.01023382812153,1,6.82,27.654315800797047,2.046099335099027,28.59,927.03,66.04,0
Gram,Laterite soils,94.10126247062009,0,5.89,72.58126430651672,2.1511369511760727,26.66,892.79,61.71,0
Urd,Laterite soils,66.47259153046967,1,6.53,141.76502902740526,2.4215107907859093,29.76,801.54,65.54,1
Niger,Red and Yellow soils,4.301026088036883,0,6.64,145.61804214220632,2.0812368730220943,21.22,889.62,68.9,0
Tiwra,Black soils,14.00913180874091,1,5.62,192.864017307691,3.587869631963185,23.55,880.58,75.69,1
Kulthi,Alluvial soils,92.5492169547469,1,6.88,172.39818815807868,1.6613788159021248,28.6,770.24,82.46,1
Kulthi,Black soils,19.94313150748539,1,7.0,97.58946583215312,2.988773303025213,21.08,904.4,85.72,1
Rice,Red and Yellow soils,65.11829897838918,0,6.68,175.61385743537613,1.910934434431556,26.49,822.54,69.33,0
Tiwra,Red and Yellow soils,27.092825029366224,1,6.04,153.70269592651675,1.2125187749279782,27.93,922.48,60.0,1
Arhar,Black soils,58.272667448535096,0,5.69,146.75311324207283,0.571651324312384,20.0,984.05,66.73,0
Mustard,Laterite soils,95.8059931058451,0,5.67,103.02761838487882,4.034661034793127,22.26,920.48,60.0,0
Masoor,Red and Yellow soils,42.05432526241285,0,6.89,90.60728467834542,3.089700259916918,24.49,797.52,68.71,0
summer paddy,Alluvial soils,62.00398399717235,0,6.65,38.761830651487706,4.14766925501463,24.72,932.32,76.32,0
Kulthi,Laterite soils,67.55487925578505,0,7.0,79.33838476518439,4.877362795825739,28.14,782.84,89.9,0
Maize,Black soils,73.32267007953085,0,6.1,47.49317757286676,0.6835265598024884,23.8,845.18,69.7,0
Soybean,Red and Yellow soils,8.583758015057295,1,6.79,20.154563205107696,4.90903272481961,21.32,820.09,87.71,0
Millets,Red and Yellow soils,68.53613344912503,1,6.58,145.54578088551114,2.7638146457013453,20.33,857.04,61.92,1
Soybean,Laterite soils,13.10812731307866,1,5.76,178.12965587280345,2.260207718353315,27.86,939.3,75.41,1
Millets,Black soils,8.545620951059774,1,6.44,161.95956637121765,4.866411463972916,29.62,912.94,84.59,1
Til,Black soils,46.52242066000872,0,5.6,142.37837594275828,2.13191427436652,25.19,968.16,61.55,0
Soybean,Laterite soils,13.10812731307866,1,5.52,178.12965587280345,2.260207718353315,28.11,953.07,73.67,1
Til,Laterite soils,79.80767833149267,1,5.97,195.1869784074493,4.9333156627866845,24.18,851.68,81.34,0
Masoor,Red and Yellow soils,15.573043648692993,0,5.67,40.394151236744186,2.3537196802479925,26.13,950.85,72.82,0
Urd,Red and Yellow soils,80.12909695909734,0,6.89,70.99504826835619,4.201089365152599,28.73,850.28,84.78,0
Kulthi,Laterite soils,6.566266666595126,1,6.8,182.44291675508293,2.3480193489739687,23.5,814.69,73.75,1
Urd,Red and Yellow soils,21.596618772360653,1,7.0,136.9355851898517,2.343072110888093,21.46,793.79,86.98,1
Wheat,Alluvial soils,19.530682289860536,0,5.8,40.60874305282016,2.7283560112256846,25.54,907.61,79.16,0
Moong,Alluvial soils,72.89801626222972,0,6.18,147.08444454896002,1.630372576341142,28.32,901.06,63.5,0
Moong,Black soils,66.35159251639024,0,5.68,154.92011886243904,4.532794847215374,26.05,880.5,62.93,0
Til,Alluvial soils,95.1984444835079,0,6.0,142.64313814170387,3.0749607676792494,26.57,940.47,84.39,0
Soybean,Laterite soils,82.5219028825696,1,6.18,120.98570933252736,1.84204637395397,22.47,808.87,86.32,1
Mustard,Red and Yellow soils,63.63832068665308,0,6.46,88.53373490142508,1.9370490801246305,28.34,947.18,69.19,0
Mustard,Red and Yellow soils,47.35020570684794,1,6.83,14.979387934802954,2.7212244906205534,23.98,792.83,78.23,0
Pea,Black soils,60.61327630651897,1,6.38,71.88729840163472,3.3834428136844004,27.14,957.22,65.92,1
Wheat,Red and Yellow soils,45.9958564972776,0,6.13,199.4706146791189,3.097939236387041,28.71,949.67,60.0,0
summer paddy,Laterite soils,90.855464380136,0,5.65,88.93461010502237,2.2896711723008787,22.69,948.04,82.14,0
Maize,Alluvial soils,25.96962093356883,0,5.66,159.78724651759555,2.4066244155234733,20.17,861.1,71.42,0
Groundnut,Red and Yellow soils,44.10436539094836,0,5.76,191.6079760172045,1.0565774612663703,22.52,920.19,72.26,0
Pea,Red and Yellow soils,77.1904149781785,1,6.13,159.6942075375746,3.61915464017993,26.79,931.34,60.0,1
Kulthi,Laterite soils,20.90726535219855,0,6.57,98.52331092318568,2.606152200854422,23.36,842.13,79.58,0
Rice,Laterite soils,83.79467762655149,0,6.57,33.31006222633755,2.783971589852677,22.33,818.0,89.43,0
Kulthi,Laterite soils,97.05327118037404,1,7.0,33.70437264492988,4.118308574057645,25.6,876.41,72.54,0
Millets,Laterite soils,69.8935704948745,0,6.52,32.32819760191878,3.248766454068652,25.5,876.81,82.88,0
Groundnut,Laterite soils,65.31840295659302,0,7.0,141.36645020981774,4.393638773635823,25.0,894.95,84.31,0
Jwar,Laterite soils,52.03647167552329,1,6.42,64.66675150721977,1.1856502725788038,29.16,884.76,68.53,1
Urd,Laterite soils,66.47259153046967,1,6.31,141.76502902740526,2.4215107907859093,29.41,936.39,69.18,1
Pea,Black soils,94.11254095151456,0,7.0,74.32011188400841,3.278071802192412,23.72,757.49,89.99,0
summer paddy,Alluvial soils,7.078898910240252,1,5.83,133.05676737201873,2.8391106476553305,23.42,865.35,85.44,0
Jwar,Alluvial soils,33.52139305008494,1,6.29,170.24519022942422,1.7358279923002595,26.08,861.29,61.85,1
Tiwra,Laterite soils,44.157514598221695,0,6.14,20.786220688080256,4.760647059177217,22.38,898.56,69.62,0
Urd,Black soils,11.274410889490516,0,6.55,112.43829037819636,4.276394728505107,28.85,782.87,84.22,0
Rice,Alluvial soils,36.01014845087093,0,5.72,95.5705372998716,0.9837850209673618,23.18,921.92,77.51,0
Jwar,Black soils,65.54709453271963,1,6.22,14.774203291276631,4.843878235764788,26.61,826.32,80.82,0
Niger,Laterite soils,14.75564765833209,1,5.66,43.53470873409088,3.958799053421168,30.0,865.98,81.04,0
Urd,Alluvial soils,3.862270503389171,0,6.86,55.87963143873647,4.218136005495886,20.0,769.64,86.49,0
Gram,Red and Yellow soils,53.08813320922549,1,6.75,28.808142321819524,3.1415169004795302,25.43,829.54,63.39,0
Til,Alluvial soils,95.1984444835079,0,6.1,142.64313814170387,3.0749607676792494,27.14,910.11,89.13,0
Millets,Red and Yellow soils,60.97944387000568,0,6.4,183.50464510721,2.1363469721664288,30.0,845.61,67.1,0
Arhar,Alluvial soils,16.947340444794044,0,6.68,115.46353355361116,3.294811394244745,22.33,914.0,70.98,0
Niger,Black soils,2.645006445988896,0,6.1,149.7523142684901,3.7486793601665775,26.44,872.84,71.09,0
Pea,Red and Yellow soils,21.55979018755156,0,6.75,77.78609298703317,3.689048046868987,21.67,919.51,63.2,0
Jwar,Alluvial soils,33.52139305008494,1,6.27,170.24519022942422,1.7358279923002595,26.91,876.59,61.27,1
Jwar,Black soils,58.43929542154972,1,5.75,16.566631578535365,3.473426184998023,21.29,850.66,70.41,0
Maize,Laterite soils,80.06913248485557,0,6.41,60.5239790933438,1.7659599285259715,26.89,955.92,67.98,0
Tiwra,Laterite soils,99.79302285723834,1,6.35,28.356863022535748,2.7788430905388597,25.1,916.72,89.94,0
Jwar,Alluvial soils,33.52139305008494,1,6.02,170.24519022942422,1.7358279923002595,26.18,951.03,64.38,1
Masoor,Alluvial soils,88.17766186897569,0,5.75,13.862974164951854,3.4365674693025685,27.35,856.14,79.48,0
Niger,Laterite soils,58.342897767539576,0,5.88,30.396351069572987,0.6188329381507388,25.63,824.01,89.72,0
Pea,Alluvial soils,34.82813570853206,1,6.7,39.67680173556278,0.8048689074476658,27.52,877.53,71.23,0
Mustard,Laterite soils,71.43977713087003,0,6.04,192.4061665391249,2.318230840930169,20.0,927.09,76.83,0
Soybean,Black soils,43.93909969768636,1,7.0,187.44094250103575,3.156684445310398,26.99,848.5,86.41,1
Mustard,Black soils,48.223606509415184,0,5.7,42.21612474828965,3.626063543977249,26.7,944.75,78.89,0
Jwar,Black soils,85.02489644764282,0,6.08,141.69070379804322,2.338065364164532,26.45,904.83,64.6,0
Mustard,Laterite soils,3.375598634207229,0,6.99,155.35234889949072,4.286214413194463,24.49,798.01,69.18,0
Soybean,Black soils,80.18699184832587,1,6.32,66.79895680678409,2.870925046781913,28.67,931.55,81.11,1
Rice,Red and Yellow soils,62.88030372406628,0,5.98,69.50062910462015,4.898555948589926,23.94,912.64,69.76,0
Maize,Alluvial soils,34.904783067347054,0,6.76,17.703829613210928,0.5905315307981513,28.58,882.69,87.53,0
Pea,Laterite soils,33.75432868239185,1,5.84,80.1683655296807,2.515180774620488,22.43,971.43,70.0,1
Pea,Red and Yellow soils,14.258821823399837,1,6.43,181.6323051076012,4.302368943900499,26.29,878.87,64.67,1
Wheat,Red and Yellow soils,50.91070048310331,0,5.8,70.3847309463337,4.94260898334276,27.52,852.26,83.18,0
Maize,Laterite soils,59.61861413363324,1,5.67,135.50678958732516,2.9379073788004195,25.85,899.71,76.84,1
Pea,Alluvial soils,34.82813570853206,1,6.74,39.67680173556278,0.8048689074476658,26.94,928.46,73.56,0
Kulthi,Alluvial soils,17.77720417995551,1,6.96,186.6233951811228,2.9967585527538096,21.12,783.76,65.72,1
Wheat,Alluvial soils,86.54297981140141,0,6.9,108.46872549256152,3.65827855817515,21.73,815.64,66.53,0
Niger,Red and Yellow soils,4.301026088036883,0,6.54,145.61804214220632,2.0812368730220943,22.67,818.57,70.42,0
Maize,Alluvial soils,84.40064941289427,0,6.78,117.3407974676231,2.5830017311527627,30.0,907.91,87.9,0
summer paddy,Alluvial soils,62.00398399717235,0,7.0,38.761830651487706,4.14766925501463,24.59,880.12,80.7,0
Masoor,Red and Yellow soils,42.05432526241285,0,6.98,90.60728467834542,3.089700259916918,24.47,914.87,64.23,0
Pea,Alluvial soils,17.17303816819014,0,5.5,163.3134475429299,2.644391106796571,25.62,939.77,71.54,0
Jwar,Black soils,13.99127022595174,1,6.52,96.4732462540386,1.8688803337971989,24.4,824.61,75.38,1
Mustard,Laterite soils,95.8059931058451,0,5.82,103.02761838487882,4.034661034793127,20.48,965.73,61.53,0
Niger,Black soils,2.645006445988896,0,6.0,149.7523142684901,3.7486793601665775,27.1,872.83,70.36,0
Maize,Laterite soils,59.61861413363324,1,5.5,135.50678958732516,2.9379073788004195,24.42,943.27,81.48,1
Maize,Red and Yellow soils,75.04133314858224,0,5.5,126.6451520573656,2.7235491072147164,24.9,874.23,61.08,0
Jwar,Laterite soils,83.11521733640478,1,6.15,135.05875811788147,2.826652317689744,25.16,958.35,64.42,1
Soybean,Laterite soils,82.5219028825696,1,6.11,120.98570933252736,1.84204637395397,22.63,893.86,86.49,1
Groundnut,Laterite soils,65.31840295659302,0,7.0,141.36645020981774,4.393638773635823,24.32,788.81,84.34,0
Niger,Black soils,41.408301825253936,1,6.52,31.68152038748095,2.551580468611744,23.24,907.82,69.61,0
Masoor,Alluvial soils,45.92043415033586,0,6.81,175.13241790304798,3.316894792035183,26.66,877.73,86.32,0
Wheat,Alluvial soils,54.78604267673645,0,6.58,83.84981090417665,4.083958299034335,22.91,907.65,89.72,0
Pea,Red and Yellow soils,57.89621108388996,1,5.99,140.3534641806105,3.0806227397827857,26.13,922.64,85.09,1
Pea,Laterite soils,13.913505998801302,1,5.67,198.6012534110168,2.571015400924413,24.55,904.57,61.02,1
summer paddy,Alluvial soils,49.74984625046088,1,6.54,177.06316827987376,3.0524203994909347,21.73,863.73,78.56,1
Masoor,Red and Yellow soils,34.865602801136006,1,5.82,74.53290343716962,0.976484678989204,20.82,913.37,63.01,1
Masoor,Black soils,56.607644110296,0,6.58,14.313069493331705,2.07281804952572,28.88,809.96,67.7,0
Pea,Black soils,35.50207418332751,0,5.91,155.1924950643728,4.558757044762429,28.12,934.92,72.15,0
Moong,Alluvial soils,74.91849185092191,1,6.31,35.66011307470839,3.274662483685392,21.77,921.29,85.51,0
Tiwra,Red and Yellow soils,49.47275930960727,1,6.96,64.97986652212177,4.40748983958334,25.41,755.73,88.62,0
Niger,Red and Yellow soils,16.887171155387144,1,5.8,22.167450486029797,2.846606265660132,25.81,964.26,77.16,0
Urd,Laterite soils,4.197889378619497,0,6.75,90.0138398925223,4.669929373092929,30.0,842.97,78.02,0
Groundnut,Laterite soils,47.3154015978025,0,6.18,163.00709664528063,2.6080442594736524,23.27,860.76,60.0,0
Maize,Alluvial soils,14.964041185953416,1,6.64,139.1026557896301,1.843602189402552,29.07,802.61,68.28,1
Millets,Laterite soils,57.962788657384245,1,6.47,176.98515468543576,1.3308049793192296,28.54,935.27,74.98,1
Til,Laterite soils,82.11526872345533,0,6.01,179.22366038694898,3.004640999287888,23.8,856.73,69.04,0
Jwar,Alluvial soils,21.797420722217726,0,6.45,83.75345151111428,2.0437014769879367,27.84,773.05,90.0,0
Arhar,Alluvial soils,91.85485510003234,0,6.29,76.53287840752338,1.2994679672213083,27.98,898.48,81.24,0
Urd,Laterite soils,3.1424283074838835,1,6.14,78.7181102480801,3.652081641177272,27.74,862.05,90.0,1
Pea,Laterite soils,23.804071407579336,1,6.44,131.24557260272172,3.669244395754899,28.75,843.08,84.57,1
Moong,Black soils,68.47419592831014,1,6.14,62.139746561585554,1.7248326329770518,26.44,847.84,69.04,0
Rice,Laterite soils,7.142480781761127,0,6.11,145.4650010321932,2.084973135653419,24.59,902.11,71.6,0
Rice,Red and Yellow soils,94.9606118039142,0,5.5,54.1128672085785,1.619877527026648,23.56,978.1,61.64,0
Gram,Red and Yellow soils,63.32634654351951,1,5.77,83.0836277339837,1.436439024649144,25.78,838.66,88.59,1
Kulthi,Black soils,93.64418332139984,1,5.5,135.85787194702743,2.7374408939283854,30.0,937.91,89.51,1
summer paddy,Laterite soils,68.33971322490649,1,6.84,21.80492518759846,3.622176401026044,22.6,853.92,69.73,0
Gram,Laterite soils,53.836448220478616,0,5.79,15.2236049976858,0.9405202056930708,22.01,885.11,60.87,0
Millets,Red and Yellow soils,68.53613344912503,1,7.0,145.54578088551114,2.7638146457013453,20.0,872.96,60.0,1
summer paddy,Alluvial soils,7.078898910240252,1,5.5,133.05676737201873,2.8391106476553305,23.12,930.41,83.31,0
Millets,Red and Yellow soils,68.53613344912503,1,6.79,145.54578088551114,2.7638146457013453,20.77,814.78,60.27,1
summer paddy,Alluvial soils,49.74984625046088,1,6.91,177.06316827987376,3.0524203994909347,21.37,914.31,77.77,1
Mustard,Black soils,48.223606509415184,0,5.51,42.21612474828965,3.626063543977249,25.98,907.14,74.12,0
Arhar,Alluvial soils,39.45787077617061,1,6.38,191.36893057921523,4.646728325885565,21.76,947.58,64.45,0
Jwar,Alluvial soils,3.1422931695712104,0,5.68,124.9568629244877,1.2982647039962512,26.53,943.5,74.85,0
Mustard,Black soils,8.188474407011933,1,6.7,47.59586392867045,2.8105878706836,21.39,856.93,61.68,0
Kulthi,Laterite soils,97.05327118037404,1,6.89,33.70437264492988,4.118308574057645,24.09,888.6,78.11,0
summer paddy,Laterite soils,80.66896941192711,0,6.43,54.11712191845815,3.2515109543711493,26.84,841.65,60.62,0
Gram,Red and Yellow soils,14.573215619358535,1,5.64,57.09839965697187,3.9514705976890343,28.36,858.38,83.69,0
Groundnut,Red and Yellow soils,44.10436539094836,0,5.74,191.6079760172045,1.0565774612663703,22.0,926.61,72.33,0
Millets,Laterite soils,43.90448238355727,0,6.0,165.51927153855505,0.5251230931434431,20.8,931.93,69.25,0
Moong,Black soils,66.35159251639024,0,5.94,154.92011886243904,4.532794847215374,26.53,975.95,66.57,0
Tiwra,Red and Yellow soils,36.11241183442073,0,5.72,127.43746461709286,3.6934087696499662,29.62,957.31,63.05,0
Groundnut,Alluvial soils,51.66383286816028,0,6.57,98.78595372126168,1.518977035891242,21.74,823.22,69.48,0
Pea,Red and Yellow soils,77.1904149781785,1,6.12,159.6942075375746,3.61915464017993,26.56,908.79,61.58,1
Mustard,Laterite soils,71.43977713087003,0,5.88,192.4061665391249,2.318230840930169,20.03,920.24,79.98,0
Jwar,Alluvial soils,21.797420722217726,0,6.43,83.75345151111428,2.0437014769879367,25.96,882.65,88.17,0
Niger,Black soils,30.080933360930537,0,5.65,52.22680121536878,1.086363801815192,25.72,910.22,71.17,0
Urd,Laterite soils,66.47259153046967,1,6.34,141.76502902740526,2.4215107907859093,28.51,925.13,66.25,1
Gram,Alluvial soils,92.8493387422751,1,6.64,64.25799140275164,4.914860850641632,28.78,865.23,71.78,1
Soybean,Alluvial soils,45.929950244441066,1,6.67,146.06295145488895,4.868631700892124,28.09,923.24,72.84,0
Til,Laterite soils,79.9474430875547,1,5.81,173.28889307383915,3.202864513601942,21.51,899.52,62.0,1
Wheat,Red and Yellow soils,58.75812809075228,0,6.07,61.15233492569079,2.7512492589727047,23.49,926.45,66.39,0
Tiwra,Alluvial soils,28.87196897058254,0,7.0,17.161441426265586,4.476599320211214,30.0,825.93,69.14,0
Mustard,Alluvial soils,2.3002039972834387,0,6.57,145.61959193869544,2.519545815592032,23.83,801.31,72.67,0
Soybean,Laterite soils,82.5219028825696,1,6.3,120.98570933252736,1.84204637395397,24.04,853.9,90.0,1
Pea,Red and Yellow soils,32.745807896062146,1,6.16,26.481396356110054,4.152733501535543,25.27,891.4,85.92,0
Pea,Red and Yellow soils,14.258821823399837,1,6.49,181.6323051076012,4.302368943900499,25.45,894.04,68.99,1
Arhar,Laterite soils,96.60763642238672,0,6.68,133.99567920563555,1.2167870909791818,21.11,816.56,81.66,0
summer paddy,Alluvial soils,92.14077589708448,0,5.5,37.26311684885115,2.4051624361938035,21.88,901.43,78.17,0
Tiwra,Laterite soils,41.61828535466275,1,6.64,25.379723997991185,4.950763297623329,24.65,922.34,64.98,0
Masoor,Alluvial soils,88.17766186897569,0,5.85,13.862974164951854,3.4365674693025685,24.88,958.96,74.41,0
Kulthi,Alluvial soils,54.81048353532652,1,5.78,24.193410570245213,4.594332152474536,25.81,982.05,66.46,0
Moong,Red and Yellow soils,9.326065442028998,0,6.98,172.44853243892462,3.156078875040973,22.16,788.0,74.69,0
Niger,Laterite soils,14.75564765833209,1,5.57,43.53470873409088,3.958799053421168,29.43,962.37,82.95,0
Mustard,Black soils,8.188474407011933,1,6.77,47.59586392867045,2.8105878706836,20.5,887.0,62.15,0
Urd,Red and Yellow soils,45.498714553357374,0,6.96,78.41811791005178,2.4597531594443405,24.05,912.99,82.61,0
Millets,Red and Yellow soils,60.97944387000568,0,6.26,183.50464510721,2.1363469721664288,29.99,930.28,65.22,0
Wheat,Alluvial soils,86.54297981140141,0,6.84,108.46872549256152,3.65827855817515,20.89,830.06,66.11,0
Pea,Red and Yellow soils,57.89621108388996,1,5.91,140.3534641806105,3.0806227397827857,26.79,813.6,85.4,1
Arhar,Black soils,7.8885965708143235,0,6.98,22.190126691675964,1.5355669671957597,25.89,873.4,81.66,0
Jwar,Alluvial soils,3.1422931695712104,0,5.77,124.9568629244877,1.2982647039962512,29.06,850.31,76.29,0
Urd,Black soils,6.69515158775076,0,6.23,187.8070287106091,1.1930450406000916,22.43,919.21,69.09,0
Jwar,Laterite soils,85.67941919967865,1,5.9,155.92944761114924,4.804050202111057,29.86,906.31,66.9,1
Pea,Red and Yellow soils,77.1904149781785,1,6.44,159.6942075375746,3.61915464017993,25.83,957.72,62.14,1
Soybean,Black soils,99.34559799516776,0,6.82,135.6931179241448,1.381824872493303,23.39,855.98,70.98,0
